2025-03-20T10:00:00Z|9202|ATTRIBUTE|/var/log/syslog|success|{}
2025-03-20T10:00:02Z|6008|WRITE|/etc/passwd|success|{"size": 935404}
2025-03-20T10:00:30Z|4|EXECUTE|/var/log/syslog|success|{}
2025-03-20T10:00:32Z|1016|ATTRIBUTE|/etc/hosts|failure|{}
2025-03-20T10:00:39Z|9200|WRITE|/etc/cron.d/.hack|success|{"suspicious": true, "sequence": 4}
2025-03-20T10:00:53Z|7002|READ|/var/log/syslog|success|{}
2025-03-20T10:01:06Z|9003|ATTRIBUTE|/tmp/test.txt|failure|{}
2025-03-20T10:01:26Z|6009|ATTRIBUTE|/var/log/auth.log|success|{}
2025-03-20T10:01:41Z|5001|READ|/dev/shm/.malware|success|{"suspicious": true, "sequence": 8}
2025-03-20T10:02:02Z|1004|RENAME|/etc/cron.d/.hack|success|{}
2025-03-20T10:02:11Z|1012|EXECUTE|/tmp/.hidden_script|failure|{}
2025-03-20T10:02:35Z|9200|WRITE|/tmp/backdoor.bin|success|{"suspicious": true, "sequence": 11}
2025-03-20T10:02:57Z|1|WRITE|/etc/cron.d/.hack|success|{"suspicious": true, "sequence": 12}
2025-03-20T10:03:06Z|5012|RENAME|/etc/hosts|success|{}
2025-03-20T10:03:09Z|9202|WRITE|/tmp/.hidden_script|success|{"suspicious": true, "sequence": 14}
2025-03-20T10:03:19Z|9201|DELETE|/etc/passwd|failure|{}
2025-03-20T10:03:34Z|9202|EXECUTE|/tmp/backdoor.bin|success|{}
2025-03-20T10:03:38Z|4012|EXECUTE|/etc/shadow|success|{}
2025-03-20T10:04:08Z|6008|ATTRIBUTE|/etc/shadow|success|{}
2025-03-20T10:04:35Z|1|DELETE|/tmp/backdoor.bin|success|{}
2025-03-20T10:04:51Z|4006|READ|/dev/shm/.malware|success|{"suspicious": true, "sequence": 20}
2025-03-20T10:05:07Z|9203|RENAME|/tmp/test.txt|failure|{}
2025-03-20T10:05:09Z|4|ATTRIBUTE|/tmp/test.txt|success|{}
2025-03-20T10:05:37Z|1015|EXECUTE|/var/log/auth.log|success|{}
2025-03-20T10:05:55Z|9001|RENAME|/home/user/.ssh/id_rsa|success|{}
2025-03-20T10:06:10Z|9203|READ|/tmp/backdoor.bin|success|{"suspicious": true, "sequence": 25}
2025-03-20T10:06:19Z|6003|RENAME|/etc/passwd|success|{}
2025-03-20T10:06:38Z|4024|READ|/tmp/test.txt|success|{}
2025-03-20T10:06:55Z|1005|RENAME|/tmp/.hidden_script|success|{}
2025-03-20T10:07:04Z|9001|ATTRIBUTE|/home/user/documents/report.doc|failure|{}
2025-03-20T10:07:15Z|6008|RENAME|/var/log/auth.log|success|{}
2025-03-20T10:07:35Z|9104|DELETE|/var/log/syslog|success|{}
2025-03-20T10:08:02Z|9204|READ|/etc/hosts|success|{}
2025-03-20T10:08:12Z|9101|DELETE|/var/log/syslog|failure|{}
2025-03-20T10:08:17Z|9100|ATTRIBUTE|/dev/shm/.malware|success|{}
2025-03-20T10:08:19Z|4|EXECUTE|/etc/shadow|success|{}
2025-03-20T10:08:33Z|9101|READ|/var/log/auth.log|success|{}
2025-03-20T10:08:57Z|1001|EXECUTE|/tmp/backdoor.bin|failure|{}
2025-03-20T10:09:06Z|6004|ATTRIBUTE|/etc/hosts|failure|{}
2025-03-20T10:09:15Z|7000|DELETE|/var/log/syslog|failure|{}
2025-03-20T10:09:28Z|1018|ATTRIBUTE|/etc/passwd|success|{}
2025-03-20T10:09:33Z|6007|WRITE|/etc/cron.d/.hack|success|{"suspicious": true, "sequence": 41}
2025-03-20T10:09:51Z|4|EXECUTE|/home/user/documents/report.doc|success|{}
2025-03-20T10:10:01Z|9003|EXECUTE|/etc/hosts|success|{}
2025-03-20T10:10:28Z|4027|READ|/var/log/auth.log|success|{}
2025-03-20T10:10:57Z|5002|RENAME|/tmp/test.txt|success|{}
2025-03-20T10:11:24Z|9100|WRITE|/tmp/.hidden_script|success|{"suspicious": true, "sequence": 46}
2025-03-20T10:11:45Z|1017|DELETE|/var/www/.shell.php|success|{}
2025-03-20T10:12:04Z|5009|ATTRIBUTE|/home/user/documents/report.doc|success|{}
2025-03-20T10:12:21Z|4017|RENAME|/var/log/auth.log|failure|{}
2025-03-20T10:12:30Z|9100|READ|/var/log/auth.log|success|{}
2025-03-20T10:12:37Z|6002|EXECUTE|/tmp/.hidden_script|success|{}
2025-03-20T10:12:46Z|9104|READ|/tmp/backdoor.bin|success|{"suspicious": true, "sequence": 52}
2025-03-20T10:12:53Z|7004|READ|/etc/shadow|success|{}
2025-03-20T10:13:02Z|4017|DELETE|/dev/shm/.malware|success|{}
2025-03-20T10:13:32Z|1016|READ|/dev/shm/.malware|failure|{"suspicious": true, "sequence": 55}
2025-03-20T10:13:45Z|9000|DELETE|/etc/cron.d/.hack|success|{}
2025-03-20T10:13:57Z|9103|EXECUTE|/var/www/.shell.php|failure|{}
2025-03-20T10:14:13Z|9201|READ|/etc/cron.d/.hack|success|{"suspicious": true, "sequence": 58}
2025-03-20T10:14:23Z|7001|READ|/home/user/documents/report.doc|success|{}
2025-03-20T10:14:53Z|1|RENAME|/etc/cron.d/.hack|success|{}
2025-03-20T10:15:19Z|5006|DELETE|/var/log/syslog|success|{}
2025-03-20T10:15:25Z|5013|DELETE|/etc/cron.d/.hack|success|{}
2025-03-20T10:15:34Z|9101|EXECUTE|/var/log/auth.log|success|{}
2025-03-20T10:15:48Z|9001|DELETE|/tmp/.hidden_script|success|{}
2025-03-20T10:15:51Z|9201|RENAME|/tmp/.hidden_script|success|{}
2025-03-20T10:16:14Z|9004|READ|/tmp/test.txt|success|{}
2025-03-20T10:16:42Z|7002|EXECUTE|/tmp/backdoor.bin|success|{}
2025-03-20T10:16:59Z|9004|ATTRIBUTE|/var/log/syslog|success|{}
2025-03-20T10:17:25Z|6006|READ|/etc/shadow|success|{}
2025-03-20T10:17:28Z|4025|READ|/tmp/test.txt|success|{}
2025-03-20T10:17:36Z|3|EXECUTE|/etc/shadow|success|{}
2025-03-20T10:17:50Z|9102|EXECUTE|/etc/cron.d/.hack|success|{}
2025-03-20T10:18:17Z|3|DELETE|/dev/shm/.malware|success|{}
2025-03-20T10:18:19Z|5012|WRITE|/var/www/.shell.php|failure|{"suspicious": true, "sequence": 74}
2025-03-20T10:18:23Z|7002|WRITE|/etc/passwd|success|{"size": 285885}
2025-03-20T10:18:33Z|1011|EXECUTE|/etc/hosts|success|{}
2025-03-20T10:19:00Z|9202|ATTRIBUTE|/var/www/.shell.php|failure|{}
2025-03-20T10:19:25Z|9002|READ|/etc/cron.d/.hack|success|{"suspicious": true, "sequence": 78}
2025-03-20T10:19:48Z|9200|ATTRIBUTE|/var/log/auth.log|success|{}
2025-03-20T10:19:59Z|7002|WRITE|/etc/hosts|success|{"size": 828411}
2025-03-20T10:20:11Z|1|ATTRIBUTE|/home/user/documents/report.doc|success|{}
2025-03-20T10:20:12Z|9003|RENAME|/home/user/documents/report.doc|success|{}
2025-03-20T10:20:27Z|1005|RENAME|/etc/hosts|success|{}
2025-03-20T10:20:47Z|9203|EXECUTE|/var/log/syslog|success|{}
2025-03-20T10:21:04Z|1001|DELETE|/home/user/.ssh/id_rsa|success|{}
2025-03-20T10:21:15Z|9201|READ|/etc/shadow|failure|{}
2025-03-20T10:21:19Z|9101|WRITE|/var/log/syslog|success|{"size": 428386}
2025-03-20T10:21:41Z|6006|WRITE|/etc/shadow|failure|{"size": 799676}
2025-03-20T10:21:46Z|5|EXECUTE|/var/www/.shell.php|success|{}
2025-03-20T10:22:15Z|5|READ|/home/user/.ssh/id_rsa|success|{}
2025-03-20T10:22:26Z|9101|EXECUTE|/etc/cron.d/.hack|success|{}
2025-03-20T10:22:31Z|9100|DELETE|/etc/cron.d/.hack|success|{}
2025-03-20T10:22:38Z|6003|WRITE|/tmp/backdoor.bin|success|{"suspicious": true, "sequence": 93}
2025-03-20T10:22:43Z|9004|EXECUTE|/etc/cron.d/.hack|failure|{}
2025-03-20T10:23:11Z|5000|RENAME|/tmp/backdoor.bin|success|{}
2025-03-20T10:23:16Z|9104|RENAME|/var/log/syslog|failure|{}
2025-03-20T10:23:24Z|7003|ATTRIBUTE|/etc/hosts|success|{}
2025-03-20T10:23:30Z|9102|ATTRIBUTE|/var/log/auth.log|success|{}
2025-03-20T10:23:44Z|7000|READ|/dev/shm/.malware|success|{"suspicious": true, "sequence": 99}
2025-03-20T10:24:01Z|6005|DELETE|/etc/cron.d/.hack|success|{}
2025-03-20T10:24:03Z|9103|DELETE|/etc/hosts|success|{}
2025-03-20T10:24:29Z|6000|WRITE|/etc/hosts|success|{"size": 244177}
2025-03-20T10:24:54Z|7004|RENAME|/etc/passwd|success|{}
2025-03-20T10:25:10Z|6005|ATTRIBUTE|/var/log/auth.log|success|{}
2025-03-20T10:25:22Z|6008|ATTRIBUTE|/dev/shm/.malware|success|{}
2025-03-20T10:25:40Z|1016|ATTRIBUTE|/tmp/test.txt|success|{}
2025-03-20T10:25:59Z|6001|EXECUTE|/home/user/.ssh/id_rsa|success|{}
2025-03-20T10:26:18Z|6005|DELETE|/dev/shm/.malware|success|{}
2025-03-20T10:26:34Z|6005|WRITE|/etc/shadow|success|{"size": 540836}
2025-03-20T10:26:48Z|5|WRITE|/var/www/.shell.php|success|{"suspicious": true, "sequence": 110}
2025-03-20T10:26:58Z|1|ATTRIBUTE|/dev/shm/.malware|success|{}
2025-03-20T10:27:26Z|6001|EXECUTE|/tmp/backdoor.bin|success|{}
2025-03-20T10:27:49Z|9004|WRITE|/tmp/.hidden_script|success|{"suspicious": true, "sequence": 113}
2025-03-20T10:28:16Z|6008|RENAME|/tmp/test.txt|failure|{}
2025-03-20T10:28:20Z|6003|DELETE|/tmp/backdoor.bin|success|{}
2025-03-20T10:28:50Z|5002|ATTRIBUTE|/dev/shm/.malware|success|{}
2025-03-20T10:28:57Z|5006|EXECUTE|/var/www/.shell.php|success|{}
2025-03-20T10:29:20Z|9000|WRITE|/tmp/backdoor.bin|success|{"suspicious": true, "sequence": 118}
2025-03-20T10:29:39Z|7001|EXECUTE|/var/www/.shell.php|success|{}
2025-03-20T10:30:02Z|9001|WRITE|/home/user/documents/report.doc|success|{"size": 592795}
2025-03-20T10:30:31Z|9202|ATTRIBUTE|/var/log/auth.log|failure|{}
2025-03-20T10:30:36Z|9101|RENAME|/etc/shadow|success|{}
2025-03-20T10:30:40Z|9002|ATTRIBUTE|/tmp/backdoor.bin|success|{}
2025-03-20T10:30:50Z|9002|DELETE|/home/user/documents/report.doc|success|{}
2025-03-20T10:31:09Z|9203|EXECUTE|/tmp/.hidden_script|success|{}
2025-03-20T10:31:22Z|9004|WRITE|/var/log/syslog|success|{"size": 804380}
2025-03-20T10:31:32Z|4|ATTRIBUTE|/etc/cron.d/.hack|success|{}
2025-03-20T10:31:41Z|9203|DELETE|/dev/shm/.malware|success|{}
2025-03-20T10:31:58Z|4020|WRITE|/etc/cron.d/.hack|success|{"suspicious": true, "sequence": 129}
2025-03-20T10:32:27Z|9203|READ|/etc/cron.d/.hack|success|{"suspicious": true, "sequence": 130}
2025-03-20T10:32:57Z|4018|RENAME|/var/log/syslog|success|{}
2025-03-20T10:32:59Z|6004|ATTRIBUTE|/etc/cron.d/.hack|success|{}
2025-03-20T10:33:07Z|9002|DELETE|/var/log/auth.log|success|{}
2025-03-20T10:33:19Z|6003|EXECUTE|/home/user/documents/report.doc|success|{}
2025-03-20T10:33:30Z|4011|DELETE|/etc/hosts|failure|{}
2025-03-20T10:33:34Z|5000|ATTRIBUTE|/etc/shadow|success|{}
2025-03-20T10:33:50Z|5010|DELETE|/var/log/auth.log|success|{}
2025-03-20T10:34:14Z|5013|RENAME|/home/user/.ssh/id_rsa|success|{}
2025-03-20T10:34:23Z|1011|WRITE|/home/user/documents/report.doc|success|{"size": 67708}
2025-03-20T10:34:46Z|9004|ATTRIBUTE|/var/log/syslog|success|{}
2025-03-20T10:35:11Z|1008|READ|/home/user/documents/report.doc|success|{}
2025-03-20T10:35:13Z|2|READ|/tmp/test.txt|success|{}
2025-03-20T10:35:16Z|4009|RENAME|/tmp/backdoor.bin|success|{}
2025-03-20T10:35:36Z|6006|WRITE|/etc/cron.d/.hack|success|{"suspicious": true, "sequence": 144}
2025-03-20T10:35:39Z|9202|WRITE|/etc/hosts|success|{"size": 463789}
2025-03-20T10:36:08Z|1009|READ|/etc/shadow|failure|{}
2025-03-20T10:36:31Z|9100|READ|/tmp/test.txt|success|{}
2025-03-20T10:36:41Z|9104|EXECUTE|/etc/passwd|success|{}
2025-03-20T10:36:55Z|9203|DELETE|/etc/cron.d/.hack|success|{}
2025-03-20T10:37:25Z|5014|EXECUTE|/dev/shm/.malware|success|{}
2025-03-20T10:37:40Z|6001|EXECUTE|/dev/shm/.malware|success|{}
2025-03-20T10:37:54Z|7000|ATTRIBUTE|/var/log/auth.log|success|{}
2025-03-20T10:38:12Z|9102|DELETE|/home/user/.ssh/id_rsa|success|{}
2025-03-20T10:38:40Z|5005|ATTRIBUTE|/var/log/auth.log|success|{}
2025-03-20T10:38:51Z|3|EXECUTE|/var/log/auth.log|success|{}
2025-03-20T10:39:18Z|1004|RENAME|/tmp/test.txt|success|{}
2025-03-20T10:39:29Z|1002|EXECUTE|/tmp/test.txt|success|{}
2025-03-20T10:39:58Z|6006|READ|/etc/cron.d/.hack|success|{"suspicious": true, "sequence": 158}
2025-03-20T10:40:17Z|9101|RENAME|/etc/shadow|success|{}
2025-03-20T10:40:39Z|9102|RENAME|/tmp/.hidden_script|success|{}
2025-03-20T10:41:03Z|9201|WRITE|/home/user/.ssh/id_rsa|failure|{"size": 363645}
2025-03-20T10:41:20Z|9102|EXECUTE|/etc/hosts|success|{}
2025-03-20T10:41:46Z|6001|RENAME|/etc/cron.d/.hack|failure|{}
2025-03-20T10:41:56Z|9103|DELETE|/home/user/documents/report.doc|success|{}
2025-03-20T10:42:16Z|1|EXECUTE|/etc/shadow|success|{}
2025-03-20T10:42:31Z|5005|RENAME|/var/www/.shell.php|success|{}
2025-03-20T10:42:52Z|6002|EXECUTE|/home/user/documents/report.doc|success|{}
2025-03-20T10:43:00Z|7003|RENAME|/tmp/backdoor.bin|success|{}
2025-03-20T10:43:14Z|4001|READ|/var/www/.shell.php|success|{"suspicious": true, "sequence": 169}
2025-03-20T10:43:27Z|5004|EXECUTE|/etc/cron.d/.hack|success|{}
2025-03-20T10:43:44Z|9102|READ|/etc/hosts|success|{}
2025-03-20T10:44:09Z|1008|RENAME|/tmp/backdoor.bin|success|{}
2025-03-20T10:44:35Z|5006|ATTRIBUTE|/etc/cron.d/.hack|success|{}
2025-03-20T10:44:49Z|7000|READ|/tmp/test.txt|success|{}
2025-03-20T10:45:09Z|9204|READ|/var/log/syslog|success|{}
2025-03-20T10:45:34Z|9103|WRITE|/etc/shadow|success|{"size": 242080}
2025-03-20T10:45:51Z|9100|WRITE|/tmp/test.txt|success|{"size": 451996}
2025-03-20T10:46:18Z|6008|ATTRIBUTE|/var/www/.shell.php|success|{}
2025-03-20T10:46:48Z|1018|DELETE|/tmp/backdoor.bin|success|{}
2025-03-20T10:47:14Z|5005|ATTRIBUTE|/etc/passwd|success|{}
2025-03-20T10:47:28Z|7000|RENAME|/var/log/syslog|success|{}
2025-03-20T10:47:34Z|6002|RENAME|/etc/shadow|success|{}
2025-03-20T10:47:42Z|9201|DELETE|/tmp/backdoor.bin|success|{}
2025-03-20T10:48:09Z|9200|EXECUTE|/etc/cron.d/.hack|success|{}
2025-03-20T10:48:20Z|4016|ATTRIBUTE|/dev/shm/.malware|success|{}
2025-03-20T10:48:21Z|9000|ATTRIBUTE|/etc/hosts|success|{}
2025-03-20T10:48:22Z|4022|DELETE|/tmp/.hidden_script|success|{}
2025-03-20T10:48:35Z|6001|READ|/etc/hosts|success|{}
2025-03-20T10:48:36Z|2|READ|/var/www/.shell.php|success|{"suspicious": true, "sequence": 189}
2025-03-20T10:48:50Z|1017|ATTRIBUTE|/var/log/auth.log|success|{}
2025-03-20T10:49:16Z|1000|EXECUTE|/etc/hosts|success|{}
2025-03-20T10:49:34Z|9200|EXECUTE|/tmp/backdoor.bin|success|{}
2025-03-20T10:49:45Z|5|ATTRIBUTE|/var/log/auth.log|success|{}
2025-03-20T10:50:00Z|1013|DELETE|/home/user/.ssh/id_rsa|success|{}
2025-03-20T10:50:07Z|6001|WRITE|/home/user/documents/report.doc|success|{"size": 846379}
2025-03-20T10:50:19Z|9002|ATTRIBUTE|/var/log/auth.log|success|{}
2025-03-20T10:50:29Z|1010|RENAME|/var/www/.shell.php|success|{}
2025-03-20T10:50:45Z|3|READ|/etc/hosts|failure|{}
2025-03-20T10:51:06Z|4017|EXECUTE|/etc/shadow|success|{}
2025-03-20T10:51:32Z|5013|ATTRIBUTE|/etc/hosts|success|{}
2025-03-20T10:52:02Z|9204|RENAME|/var/www/.shell.php|success|{}
2025-03-20T10:52:12Z|9000|EXECUTE|/home/user/.ssh/id_rsa|success|{}
2025-03-20T10:52:29Z|4023|RENAME|/dev/shm/.malware|success|{}
2025-03-20T10:52:58Z|3|DELETE|/home/user/documents/report.doc|success|{}
2025-03-20T10:53:22Z|9204|RENAME|/home/user/.ssh/id_rsa|success|{}
2025-03-20T10:53:31Z|1005|ATTRIBUTE|/etc/shadow|success|{}
2025-03-20T10:53:35Z|9202|READ|/var/log/auth.log|success|{}
2025-03-20T10:53:46Z|6006|DELETE|/etc/passwd|failure|{}
2025-03-20T10:53:53Z|6004|EXECUTE|/etc/passwd|success|{}
2025-03-20T10:54:08Z|9000|EXECUTE|/dev/shm/.malware|success|{}
2025-03-20T10:54:25Z|9204|DELETE|/var/www/.shell.php|success|{}
2025-03-20T10:54:54Z|7000|DELETE|/home/user/.ssh/id_rsa|success|{}
2025-03-20T10:55:01Z|9003|WRITE|/etc/shadow|success|{"size": 328686}
2025-03-20T10:55:17Z|7004|RENAME|/tmp/backdoor.bin|success|{}
2025-03-20T10:55:23Z|7002|ATTRIBUTE|/home/user/.ssh/id_rsa|success|{}
2025-03-20T10:55:38Z|9002|WRITE|/etc/hosts|success|{"size": 93949}
2025-03-20T10:56:05Z|6008|READ|/home/user/.ssh/id_rsa|success|{}
2025-03-20T10:56:24Z|9201|READ|/var/log/auth.log|success|{}
2025-03-20T10:56:39Z|9103|EXECUTE|/tmp/test.txt|success|{}
2025-03-20T10:56:57Z|7003|ATTRIBUTE|/etc/passwd|success|{}
2025-03-20T10:57:04Z|9201|RENAME|/var/www/.shell.php|success|{}
2025-03-20T10:57:29Z|6005|ATTRIBUTE|/etc/shadow|success|{}
2025-03-20T10:57:51Z|4017|RENAME|/tmp/test.txt|success|{}
2025-03-20T10:57:53Z|1003|ATTRIBUTE|/var/log/syslog|success|{}
2025-03-20T10:58:11Z|1013|EXECUTE|/tmp/backdoor.bin|success|{}
2025-03-20T10:58:16Z|9003|READ|/dev/shm/.malware|success|{"suspicious": true, "sequence": 226}
2025-03-20T10:58:31Z|9100|RENAME|/tmp/test.txt|success|{}
2025-03-20T10:58:56Z|6001|EXECUTE|/var/log/auth.log|failure|{}
2025-03-20T10:59:22Z|9102|DELETE|/home/user/documents/report.doc|success|{}
2025-03-20T10:59:50Z|5013|WRITE|/home/user/.ssh/id_rsa|success|{"size": 501805}
2025-03-20T11:00:11Z|9002|ATTRIBUTE|/home/user/documents/report.doc|success|{}
2025-03-20T11:00:38Z|5009|ATTRIBUTE|/tmp/test.txt|success|{}
2025-03-20T11:00:40Z|9101|READ|/etc/shadow|success|{}
2025-03-20T11:00:48Z|6003|ATTRIBUTE|/home/user/documents/report.doc|failure|{}
2025-03-20T11:01:16Z|4012|EXECUTE|/home/user/.ssh/id_rsa|success|{}
2025-03-20T11:01:26Z|4028|EXECUTE|/home/user/.ssh/id_rsa|success|{}
2025-03-20T11:01:52Z|2|WRITE|/var/www/.shell.php|success|{"suspicious": true, "sequence": 237}
2025-03-20T11:02:08Z|9202|EXECUTE|/tmp/backdoor.bin|success|{}
2025-03-20T11:02:10Z|6002|READ|/var/log/syslog|failure|{}
2025-03-20T11:02:18Z|7003|WRITE|/home/user/.ssh/id_rsa|success|{"size": 117296}
2025-03-20T11:02:31Z|9101|WRITE|/etc/passwd|success|{"size": 152026}
2025-03-20T11:02:43Z|7001|WRITE|/etc/passwd|success|{"size": 682072}
2025-03-20T11:03:10Z|5009|RENAME|/tmp/backdoor.bin|success|{}
2025-03-20T11:03:28Z|1|DELETE|/etc/cron.d/.hack|success|{}
2025-03-20T11:03:32Z|7000|EXECUTE|/etc/cron.d/.hack|success|{}
2025-03-20T11:03:52Z|7001|EXECUTE|/home/user/documents/report.doc|success|{}
2025-03-20T11:03:53Z|9000|READ|/home/user/documents/report.doc|success|{}
2025-03-20T11:04:04Z|9201|RENAME|/dev/shm/.malware|success|{}
2025-03-20T11:04:23Z|9202|WRITE|/var/www/.shell.php|success|{"suspicious": true, "sequence": 249}
2025-03-20T11:04:41Z|9203|ATTRIBUTE|/etc/hosts|success|{}
2025-03-20T11:05:01Z|9204|DELETE|/tmp/.hidden_script|success|{}
2025-03-20T11:05:20Z|5013|EXECUTE|/etc/passwd|success|{}
2025-03-20T11:05:39Z|9103|RENAME|/tmp/.hidden_script|success|{}
2025-03-20T11:06:07Z|6009|WRITE|/var/log/auth.log|success|{"size": 527457}
2025-03-20T11:06:08Z|1009|WRITE|/home/user/documents/report.doc|success|{"size": 671809}
2025-03-20T11:06:27Z|5|ATTRIBUTE|/tmp/.hidden_script|success|{}
2025-03-20T11:06:40Z|9003|EXECUTE|/var/log/syslog|success|{}
2025-03-20T11:06:42Z|7004|ATTRIBUTE|/dev/shm/.malware|success|{}
2025-03-20T11:07:03Z|4009|READ|/var/log/auth.log|success|{}
2025-03-20T11:07:29Z|9003|RENAME|/tmp/.hidden_script|success|{}
2025-03-20T11:07:53Z|7001|ATTRIBUTE|/tmp/backdoor.bin|success|{}
2025-03-20T11:08:13Z|5007|DELETE|/var/www/.shell.php|success|{}
2025-03-20T11:08:24Z|6002|WRITE|/etc/shadow|success|{"size": 193069}
2025-03-20T11:08:48Z|2|WRITE|/var/log/syslog|failure|{"size": 992669}
2025-03-20T11:09:04Z|5011|READ|/tmp/.hidden_script|success|{"suspicious": true, "sequence": 265}
2025-03-20T11:09:09Z|5|DELETE|/var/www/.shell.php|failure|{}
2025-03-20T11:09:15Z|7004|ATTRIBUTE|/etc/cron.d/.hack|failure|{}
2025-03-20T11:09:44Z|9103|EXECUTE|/etc/passwd|success|{}
2025-03-20T11:10:05Z|9001|READ|/home/user/.ssh/id_rsa|success|{}
2025-03-20T11:10:33Z|7002|EXECUTE|/home/user/documents/report.doc|success|{}
2025-03-20T11:10:54Z|9204|RENAME|/etc/passwd|success|{}
2025-03-20T11:11:11Z|7001|RENAME|/etc/cron.d/.hack|success|{}
2025-03-20T11:11:27Z|1010|WRITE|/etc/shadow|failure|{"size": 477435}
2025-03-20T11:11:55Z|9100|READ|/etc/shadow|success|{}
2025-03-20T11:12:20Z|7000|EXECUTE|/etc/passwd|failure|{}
2025-03-20T11:12:40Z|1004|READ|/etc/shadow|success|{}
2025-03-20T11:13:08Z|5010|ATTRIBUTE|/tmp/test.txt|success|{}
2025-03-20T11:13:38Z|5010|ATTRIBUTE|/var/log/syslog|success|{}
2025-03-20T11:13:43Z|4008|EXECUTE|/var/log/auth.log|success|{}
2025-03-20T11:14:08Z|4013|WRITE|/tmp/backdoor.bin|success|{"suspicious": true, "sequence": 280}
2025-03-20T11:14:32Z|9101|EXECUTE|/home/user/documents/report.doc|success|{}
2025-03-20T11:15:00Z|5013|ATTRIBUTE|/tmp/.hidden_script|success|{}
2025-03-20T11:15:29Z|3|DELETE|/etc/shadow|success|{}
2025-03-20T11:15:30Z|9103|EXECUTE|/var/log/syslog|failure|{}
2025-03-20T11:15:46Z|4|READ|/var/log/syslog|failure|{}
2025-03-20T11:16:14Z|7002|DELETE|/tmp/.hidden_script|success|{}
2025-03-20T11:16:18Z|9000|EXECUTE|/tmp/.hidden_script|success|{}
2025-03-20T11:16:43Z|9203|ATTRIBUTE|/tmp/backdoor.bin|success|{}
2025-03-20T11:16:50Z|1019|WRITE|/etc/cron.d/.hack|success|{"suspicious": true, "sequence": 289}
2025-03-20T11:17:12Z|4018|WRITE|/tmp/.hidden_script|success|{"suspicious": true, "sequence": 290}
2025-03-20T11:17:30Z|9102|RENAME|/etc/passwd|success|{}
2025-03-20T11:17:43Z|9202|RENAME|/etc/passwd|success|{}
2025-03-20T11:17:58Z|9102|DELETE|/home/user/.ssh/id_rsa|success|{}
2025-03-20T11:18:06Z|4014|WRITE|/tmp/test.txt|success|{"size": 424986}
2025-03-20T11:18:15Z|6002|DELETE|/dev/shm/.malware|success|{}
2025-03-20T11:18:21Z|1002|READ|/var/www/.shell.php|success|{"suspicious": true, "sequence": 296}
2025-03-20T11:18:45Z|1004|DELETE|/var/log/syslog|success|{}
2025-03-20T11:18:46Z|6001|RENAME|/var/log/auth.log|success|{}
2025-03-20T11:18:52Z|9002|DELETE|/var/www/.shell.php|success|{}
2025-03-20T11:19:02Z|3|EXECUTE|/var/www/.shell.php|success|{}
2025-03-20T11:19:15Z|2|WRITE|/home/user/documents/report.doc|success|{"size": 735604}
2025-03-20T11:19:39Z|7002|WRITE|/tmp/backdoor.bin|success|{"suspicious": true, "sequence": 302}
2025-03-20T11:20:08Z|3|DELETE|/var/www/.shell.php|success|{}
2025-03-20T11:20:11Z|9200|ATTRIBUTE|/tmp/backdoor.bin|success|{}
2025-03-20T11:20:13Z|6007|RENAME|/etc/shadow|failure|{}
2025-03-20T11:20:15Z|9101|EXECUTE|/etc/shadow|success|{}
2025-03-20T11:20:34Z|5012|ATTRIBUTE|/var/log/auth.log|success|{}
2025-03-20T11:20:55Z|2|ATTRIBUTE|/etc/passwd|success|{}
2025-03-20T11:21:00Z|9204|DELETE|/var/log/syslog|success|{}
2025-03-20T11:21:20Z|1008|EXECUTE|/tmp/backdoor.bin|success|{}
2025-03-20T11:21:41Z|7000|ATTRIBUTE|/tmp/backdoor.bin|success|{}
2025-03-20T11:21:54Z|9203|EXECUTE|/etc/cron.d/.hack|success|{}
2025-03-20T11:21:58Z|9003|EXECUTE|/home/user/.ssh/id_rsa|success|{}
2025-03-20T11:22:20Z|4022|ATTRIBUTE|/var/log/syslog|success|{}
2025-03-20T11:22:32Z|4007|EXECUTE|/etc/hosts|failure|{}
2025-03-20T11:22:35Z|1006|EXECUTE|/etc/passwd|success|{}
2025-03-20T11:22:42Z|5008|DELETE|/etc/cron.d/.hack|success|{}
2025-03-20T11:22:53Z|9004|EXECUTE|/var/log/auth.log|success|{}
2025-03-20T11:23:10Z|4|WRITE|/var/www/.shell.php|success|{"suspicious": true, "sequence": 319}
2025-03-20T11:23:39Z|4024|EXECUTE|/home/user/documents/report.doc|success|{}
2025-03-20T11:24:00Z|1009|WRITE|/etc/shadow|success|{"size": 304122}
2025-03-20T11:24:25Z|9003|ATTRIBUTE|/etc/shadow|success|{}
2025-03-20T11:24:29Z|1018|DELETE|/etc/passwd|success|{}
2025-03-20T11:24:31Z|9202|RENAME|/etc/hosts|success|{}
2025-03-20T11:24:45Z|9004|WRITE|/var/www/.shell.php|success|{"suspicious": true, "sequence": 325}
2025-03-20T11:25:05Z|7002|DELETE|/dev/shm/.malware|success|{}
2025-03-20T11:25:15Z|4|RENAME|/tmp/.hidden_script|failure|{}
2025-03-20T11:25:31Z|9100|DELETE|/etc/passwd|failure|{}
2025-03-20T11:25:44Z|4028|ATTRIBUTE|/dev/shm/.malware|success|{}
2025-03-20T11:25:48Z|5000|ATTRIBUTE|/var/log/auth.log|failure|{}
2025-03-20T11:25:50Z|9200|ATTRIBUTE|/etc/passwd|failure|{}
2025-03-20T11:26:05Z|6003|DELETE|/tmp/test.txt|success|{}
2025-03-20T11:26:31Z|4024|ATTRIBUTE|/tmp/backdoor.bin|success|{}
2025-03-20T11:26:42Z|1014|READ|/tmp/test.txt|success|{}
2025-03-20T11:27:02Z|5012|READ|/tmp/.hidden_script|failure|{"suspicious": true, "sequence": 335}
2025-03-20T11:27:11Z|7001|EXECUTE|/home/user/documents/report.doc|success|{}
2025-03-20T11:27:32Z|4011|READ|/var/log/auth.log|success|{}
2025-03-20T11:27:37Z|9200|READ|/etc/cron.d/.hack|success|{"suspicious": true, "sequence": 338}
2025-03-20T11:27:48Z|1002|READ|/home/user/documents/report.doc|success|{}
2025-03-20T11:28:04Z|3|ATTRIBUTE|/tmp/backdoor.bin|failure|{}
2025-03-20T11:28:14Z|5|WRITE|/var/log/syslog|success|{"size": 469610}
2025-03-20T11:28:23Z|5001|RENAME|/home/user/documents/report.doc|failure|{}
2025-03-20T11:28:27Z|6003|WRITE|/tmp/.hidden_script|success|{"suspicious": true, "sequence": 343}
2025-03-20T11:28:56Z|9102|WRITE|/etc/passwd|failure|{"size": 441594}
2025-03-20T11:28:57Z|7004|READ|/var/log/syslog|success|{}
2025-03-20T11:29:13Z|5004|EXECUTE|/tmp/.hidden_script|success|{}
2025-03-20T11:29:19Z|4007|DELETE|/etc/hosts|success|{}
2025-03-20T11:29:44Z|4019|DELETE|/etc/shadow|success|{}
2025-03-20T11:30:11Z|5|READ|/var/www/.shell.php|success|{"suspicious": true, "sequence": 349}
2025-03-20T11:30:25Z|3|ATTRIBUTE|/var/log/syslog|failure|{}
2025-03-20T11:30:29Z|4007|READ|/home/user/documents/report.doc|success|{}
2025-03-20T11:30:57Z|4002|WRITE|/tmp/backdoor.bin|success|{"suspicious": true, "sequence": 352}
2025-03-20T11:31:14Z|6003|DELETE|/etc/cron.d/.hack|success|{}
2025-03-20T11:31:19Z|9201|WRITE|/home/user/.ssh/id_rsa|success|{"size": 79452}
2025-03-20T11:31:33Z|5005|DELETE|/tmp/backdoor.bin|success|{}
2025-03-20T11:32:00Z|7004|DELETE|/etc/passwd|success|{}
2025-03-20T11:32:12Z|9203|EXECUTE|/tmp/backdoor.bin|success|{}
2025-03-20T11:32:40Z|9201|DELETE|/var/log/auth.log|success|{}
2025-03-20T11:33:02Z|9003|WRITE|/tmp/backdoor.bin|success|{"suspicious": true, "sequence": 359}
2025-03-20T11:33:32Z|2|WRITE|/home/user/.ssh/id_rsa|failure|{"size": 385956}
2025-03-20T11:33:38Z|9100|WRITE|/tmp/test.txt|success|{"size": 442542}
2025-03-20T11:33:49Z|5007|WRITE|/home/user/.ssh/id_rsa|success|{"size": 65941}
2025-03-20T11:34:06Z|9102|DELETE|/tmp/.hidden_script|success|{}
2025-03-20T11:34:12Z|1001|WRITE|/etc/shadow|success|{"size": 864869}
2025-03-20T11:34:34Z|1011|READ|/home/user/documents/report.doc|success|{}
2025-03-20T11:34:41Z|9000|DELETE|/var/www/.shell.php|success|{}
2025-03-20T11:34:51Z|7002|ATTRIBUTE|/tmp/backdoor.bin|success|{}
2025-03-20T11:35:08Z|4011|EXECUTE|/tmp/.hidden_script|success|{}
2025-03-20T11:35:27Z|9102|EXECUTE|/home/user/documents/report.doc|success|{}
2025-03-20T11:35:49Z|5005|WRITE|/home/user/documents/report.doc|success|{"size": 911787}
2025-03-20T11:36:00Z|7001|WRITE|/tmp/backdoor.bin|success|{"suspicious": true, "sequence": 371}
2025-03-20T11:36:24Z|5012|READ|/etc/hosts|success|{}
2025-03-20T11:36:40Z|9003|RENAME|/home/user/documents/report.doc|failure|{}
2025-03-20T11:36:51Z|5013|EXECUTE|/home/user/documents/report.doc|success|{}
2025-03-20T11:37:08Z|5002|DELETE|/tmp/backdoor.bin|failure|{}
2025-03-20T11:37:20Z|5014|ATTRIBUTE|/var/www/.shell.php|success|{}
2025-03-20T11:37:49Z|6006|RENAME|/tmp/test.txt|success|{}
2025-03-20T11:37:50Z|4014|READ|/tmp/backdoor.bin|success|{"suspicious": true, "sequence": 378}
2025-03-20T11:37:53Z|9100|EXECUTE|/var/log/syslog|success|{}
2025-03-20T11:38:04Z|9000|WRITE|/dev/shm/.malware|success|{"suspicious": true, "sequence": 380}
2025-03-20T11:38:21Z|7002|RENAME|/etc/passwd|success|{}
2025-03-20T11:38:22Z|7002|WRITE|/var/log/syslog|success|{"size": 1007935}
2025-03-20T11:38:43Z|9000|RENAME|/tmp/backdoor.bin|success|{}
2025-03-20T11:38:51Z|9000|EXECUTE|/etc/passwd|success|{}
2025-03-20T11:39:12Z|9003|READ|/dev/shm/.malware|success|{"suspicious": true, "sequence": 385}
2025-03-20T11:39:36Z|9001|RENAME|/tmp/.hidden_script|failure|{}
2025-03-20T11:39:39Z|6003|ATTRIBUTE|/dev/shm/.malware|success|{}
2025-03-20T11:39:57Z|5|WRITE|/home/user/documents/report.doc|success|{"size": 898736}
2025-03-20T11:40:04Z|9001|WRITE|/etc/cron.d/.hack|success|{"suspicious": true, "sequence": 389}
2025-03-20T11:40:06Z|5012|EXECUTE|/var/www/.shell.php|failure|{}
2025-03-20T11:40:24Z|6006|READ|/home/user/.ssh/id_rsa|success|{}
2025-03-20T11:40:35Z|7003|READ|/etc/hosts|success|{}
2025-03-20T11:40:39Z|1|EXECUTE|/etc/cron.d/.hack|success|{}
2025-03-20T11:40:56Z|3|DELETE|/var/log/syslog|success|{}
2025-03-20T11:41:10Z|6002|EXECUTE|/tmp/backdoor.bin|success|{}
2025-03-20T11:41:25Z|9101|DELETE|/tmp/test.txt|success|{}
2025-03-20T11:41:37Z|6003|WRITE|/var/www/.shell.php|success|{"suspicious": true, "sequence": 397}
2025-03-20T11:41:52Z|9202|ATTRIBUTE|/tmp/test.txt|success|{}
2025-03-20T11:42:21Z|9004|DELETE|/etc/shadow|success|{}
2025-03-20T11:42:32Z|1014|WRITE|/var/log/syslog|success|{"size": 495904}
2025-03-20T11:42:34Z|4005|DELETE|/etc/passwd|success|{}
2025-03-20T11:42:49Z|1|DELETE|/tmp/test.txt|success|{}
2025-03-20T11:42:51Z|7002|EXECUTE|/tmp/backdoor.bin|success|{}
2025-03-20T11:42:59Z|9204|EXECUTE|/etc/shadow|failure|{}
2025-03-20T11:43:15Z|7000|EXECUTE|/etc/shadow|success|{}
2025-03-20T11:43:32Z|7001|RENAME|/tmp/.hidden_script|success|{}
2025-03-20T11:43:50Z|1018|READ|/home/user/documents/report.doc|success|{}
2025-03-20T11:44:19Z|9002|EXECUTE|/etc/hosts|success|{}
2025-03-20T11:44:43Z|5009|DELETE|/dev/shm/.malware|success|{}
2025-03-20T11:44:47Z|9002|EXECUTE|/tmp/.hidden_script|success|{}
2025-03-20T11:44:53Z|5|READ|/home/user/documents/report.doc|success|{}
2025-03-20T11:45:04Z|9101|READ|/etc/shadow|success|{}
2025-03-20T11:45:18Z|9104|EXECUTE|/dev/shm/.malware|success|{}
2025-03-20T11:45:38Z|7001|READ|/etc/passwd|success|{}
2025-03-20T11:45:49Z|9004|READ|/var/www/.shell.php|success|{"suspicious": true, "sequence": 415}
2025-03-20T11:46:18Z|5|ATTRIBUTE|/etc/shadow|success|{}
2025-03-20T11:46:39Z|4008|READ|/tmp/.hidden_script|success|{"suspicious": true, "sequence": 417}
2025-03-20T11:46:48Z|1007|READ|/tmp/test.txt|success|{}
2025-03-20T11:47:18Z|1006|RENAME|/home/user/.ssh/id_rsa|success|{}
2025-03-20T11:47:21Z|4025|READ|/tmp/test.txt|failure|{}
2025-03-20T11:47:49Z|6003|RENAME|/home/user/.ssh/id_rsa|failure|{}
2025-03-20T11:47:51Z|4|RENAME|/home/user/documents/report.doc|success|{}
2025-03-20T11:48:04Z|7003|ATTRIBUTE|/var/www/.shell.php|success|{}
2025-03-20T11:48:19Z|2|WRITE|/tmp/test.txt|success|{"size": 68868}
2025-03-20T11:48:35Z|9201|DELETE|/tmp/backdoor.bin|success|{}
2025-03-20T11:48:41Z|9204|DELETE|/var/www/.shell.php|success|{}
2025-03-20T11:49:00Z|9203|DELETE|/etc/passwd|success|{}
2025-03-20T11:49:14Z|5014|ATTRIBUTE|/home/user/.ssh/id_rsa|success|{}
2025-03-20T11:49:37Z|5013|READ|/etc/passwd|success|{}
2025-03-20T11:50:06Z|6004|READ|/var/log/auth.log|success|{}
2025-03-20T11:50:31Z|4|ATTRIBUTE|/etc/cron.d/.hack|success|{}
2025-03-20T11:50:54Z|6001|ATTRIBUTE|/dev/shm/.malware|success|{}
2025-03-20T11:51:23Z|6009|ATTRIBUTE|/etc/shadow|success|{}
2025-03-20T11:51:36Z|7000|WRITE|/tmp/test.txt|failure|{"size": 524708}
2025-03-20T11:51:43Z|9004|READ|/etc/shadow|success|{}
2025-03-20T11:51:46Z|4002|EXECUTE|/dev/shm/.malware|success|{}
2025-03-20T11:52:06Z|9204|RENAME|/var/log/syslog|success|{}
2025-03-20T11:52:08Z|3|RENAME|/tmp/test.txt|success|{}
2025-03-20T11:52:30Z|3|WRITE|/tmp/.hidden_script|success|{"suspicious": true, "sequence": 439}
2025-03-20T11:52:46Z|1016|RENAME|/var/www/.shell.php|success|{}
2025-03-20T11:53:08Z|9203|RENAME|/etc/hosts|success|{}
2025-03-20T11:53:15Z|4|RENAME|/etc/cron.d/.hack|success|{}
2025-03-20T11:53:39Z|9200|WRITE|/tmp/backdoor.bin|success|{"suspicious": true, "sequence": 443}
2025-03-20T11:54:08Z|4018|READ|/etc/shadow|success|{}
2025-03-20T11:54:13Z|9000|ATTRIBUTE|/tmp/test.txt|success|{}
2025-03-20T11:54:41Z|4009|EXECUTE|/home/user/documents/report.doc|success|{}
2025-03-20T11:54:56Z|9100|READ|/dev/shm/.malware|success|{"suspicious": true, "sequence": 447}
2025-03-20T11:55:03Z|5010|ATTRIBUTE|/tmp/.hidden_script|success|{}
2025-03-20T11:55:22Z|9101|DELETE|/var/www/.shell.php|success|{}
2025-03-20T11:55:31Z|9200|WRITE|/tmp/.hidden_script|success|{"suspicious": true, "sequence": 450}
2025-03-20T11:56:01Z|9102|RENAME|/tmp/backdoor.bin|success|{}
2025-03-20T11:56:31Z|9000|ATTRIBUTE|/etc/shadow|failure|{}
2025-03-20T11:56:46Z|9104|EXECUTE|/tmp/.hidden_script|success|{}
2025-03-20T11:56:48Z|9100|EXECUTE|/tmp/backdoor.bin|success|{}
2025-03-20T11:56:54Z|9202|DELETE|/dev/shm/.malware|success|{}
2025-03-20T11:56:56Z|9201|DELETE|/tmp/test.txt|success|{}
2025-03-20T11:57:18Z|9103|READ|/etc/hosts|success|{}
2025-03-20T11:57:41Z|9000|DELETE|/tmp/test.txt|success|{}
2025-03-20T11:57:42Z|9103|RENAME|/etc/shadow|success|{}
2025-03-20T11:58:11Z|5|RENAME|/etc/hosts|success|{}
2025-03-20T11:58:12Z|9103|ATTRIBUTE|/etc/passwd|success|{}
2025-03-20T11:58:15Z|4019|ATTRIBUTE|/tmp/.hidden_script|success|{}
2025-03-20T11:58:36Z|9003|EXECUTE|/tmp/backdoor.bin|success|{}
2025-03-20T11:59:03Z|7002|DELETE|/etc/shadow|success|{}
2025-03-20T11:59:22Z|9002|RENAME|/home/user/documents/report.doc|success|{}
2025-03-20T11:59:46Z|9204|EXECUTE|/tmp/backdoor.bin|success|{}
2025-03-20T12:00:11Z|9201|WRITE|/dev/shm/.malware|failure|{"suspicious": true, "sequence": 467}
2025-03-20T12:00:18Z|6000|WRITE|/tmp/backdoor.bin|success|{"suspicious": true, "sequence": 468}
2025-03-20T12:00:24Z|9102|READ|/etc/cron.d/.hack|success|{"suspicious": true, "sequence": 469}
2025-03-20T12:00:42Z|6007|EXECUTE|/tmp/.hidden_script|success|{}
2025-03-20T12:01:07Z|1016|DELETE|/tmp/test.txt|failure|{}
2025-03-20T12:01:33Z|6003|ATTRIBUTE|/dev/shm/.malware|success|{}
2025-03-20T12:01:57Z|6004|WRITE|/var/log/syslog|success|{"size": 771426}
2025-03-20T12:02:19Z|9203|EXECUTE|/etc/cron.d/.hack|success|{}
2025-03-20T12:02:38Z|5004|READ|/etc/cron.d/.hack|success|{"suspicious": true, "sequence": 475}
2025-03-20T12:02:42Z|6006|WRITE|/var/log/auth.log|success|{"size": 1027967}
2025-03-20T12:02:52Z|4028|RENAME|/home/user/.ssh/id_rsa|success|{}
2025-03-20T12:02:53Z|3|ATTRIBUTE|/home/user/.ssh/id_rsa|success|{}
2025-03-20T12:03:06Z|6004|DELETE|/etc/hosts|success|{}
2025-03-20T12:03:23Z|9102|DELETE|/tmp/backdoor.bin|success|{}
2025-03-20T12:03:52Z|4006|DELETE|/tmp/test.txt|success|{}
2025-03-20T12:03:55Z|4022|DELETE|/home/user/.ssh/id_rsa|success|{}
2025-03-20T12:03:57Z|5004|RENAME|/var/www/.shell.php|success|{}
2025-03-20T12:04:02Z|9204|WRITE|/var/log/auth.log|success|{"size": 938775}
2025-03-20T12:04:24Z|9003|WRITE|/var/log/auth.log|success|{"size": 120578}
2025-03-20T12:04:49Z|1013|EXECUTE|/home/user/.ssh/id_rsa|success|{}
2025-03-20T12:04:55Z|4006|EXECUTE|/tmp/test.txt|success|{}
2025-03-20T12:04:58Z|6005|DELETE|/dev/shm/.malware|success|{}
2025-03-20T12:05:27Z|1|DELETE|/tmp/backdoor.bin|success|{}
2025-03-20T12:05:32Z|9101|DELETE|/home/user/.ssh/id_rsa|success|{}
2025-03-20T12:05:56Z|7002|DELETE|/etc/passwd|success|{}
2025-03-20T12:06:26Z|9104|EXECUTE|/etc/cron.d/.hack|success|{}
2025-03-20T12:06:27Z|5012|DELETE|/tmp/.hidden_script|success|{}
2025-03-20T12:06:55Z|6005|READ|/tmp/test.txt|success|{}
2025-03-20T12:07:13Z|5014|DELETE|/home/user/.ssh/id_rsa|success|{}
2025-03-20T12:07:14Z|9202|EXECUTE|/tmp/test.txt|success|{}
2025-03-20T12:07:23Z|4016|READ|/etc/passwd|success|{}
2025-03-20T12:07:26Z|5000|RENAME|/etc/shadow|success|{}
2025-03-20T12:07:40Z|1016|DELETE|/tmp/.hidden_script|success|{}
2025-03-20T12:08:08Z|7002|EXECUTE|/var/log/syslog|success|{}
2025-03-20T12:08:25Z|5008|RENAME|/etc/cron.d/.hack|success|{}
2025-03-20T12:08:53Z|1007|WRITE|/etc/cron.d/.hack|success|{"suspicious": true, "sequence": 502}
2025-03-20T12:09:11Z|6008|ATTRIBUTE|/tmp/backdoor.bin|success|{}
2025-03-20T12:09:36Z|9200|EXECUTE|/home/user/documents/report.doc|success|{}
2025-03-20T12:09:56Z|9102|RENAME|/var/www/.shell.php|failure|{}
2025-03-20T12:10:00Z|9104|WRITE|/etc/cron.d/.hack|success|{"suspicious": true, "sequence": 506}
2025-03-20T12:10:18Z|9003|WRITE|/dev/shm/.malware|success|{"suspicious": true, "sequence": 507}
2025-03-20T12:10:20Z|4000|EXECUTE|/var/log/syslog|success|{}
2025-03-20T12:10:38Z|4027|DELETE|/dev/shm/.malware|success|{}
2025-03-20T12:10:39Z|6006|ATTRIBUTE|/dev/shm/.malware|success|{}
2025-03-20T12:10:46Z|6001|DELETE|/tmp/backdoor.bin|success|{}
2025-03-20T12:10:58Z|4009|DELETE|/tmp/.hidden_script|success|{}
2025-03-20T12:11:03Z|1003|RENAME|/var/log/syslog|success|{}
2025-03-20T12:11:13Z|9203|EXECUTE|/var/log/auth.log|success|{}
2025-03-20T12:11:37Z|4025|READ|/var/log/auth.log|success|{}
2025-03-20T12:11:52Z|7003|WRITE|/var/log/auth.log|failure|{"size": 377122}
2025-03-20T12:12:16Z|1|RENAME|/home/user/documents/report.doc|success|{}
2025-03-20T12:12:42Z|9003|WRITE|/etc/shadow|success|{"size": 355468}
2025-03-20T12:13:01Z|6008|DELETE|/etc/cron.d/.hack|success|{}
2025-03-20T12:13:10Z|9203|READ|/tmp/backdoor.bin|success|{"suspicious": true, "sequence": 520}
2025-03-20T12:13:26Z|6007|READ|/home/user/.ssh/id_rsa|success|{}
2025-03-20T12:13:40Z|1|EXECUTE|/tmp/.hidden_script|success|{}
2025-03-20T12:13:52Z|1016|EXECUTE|/tmp/backdoor.bin|success|{}
2025-03-20T12:14:04Z|5005|ATTRIBUTE|/var/log/syslog|success|{}
2025-03-20T12:14:30Z|4011|DELETE|/tmp/test.txt|failure|{}
2025-03-20T12:14:33Z|7001|DELETE|/dev/shm/.malware|success|{}
2025-03-20T12:15:03Z|5|DELETE|/tmp/test.txt|failure|{}
2025-03-20T12:15:25Z|9101|RENAME|/home/user/.ssh/id_rsa|success|{}
2025-03-20T12:15:38Z|4001|WRITE|/etc/passwd|success|{"size": 530166}
2025-03-20T12:15:58Z|4010|READ|/var/log/syslog|success|{}
2025-03-20T12:16:17Z|1001|DELETE|/tmp/.hidden_script|success|{}
2025-03-20T12:16:30Z|9003|EXECUTE|/home/user/.ssh/id_rsa|success|{}
2025-03-20T12:16:44Z|5010|ATTRIBUTE|/dev/shm/.malware|success|{}
2025-03-20T12:17:06Z|6005|DELETE|/var/www/.shell.php|success|{}
2025-03-20T12:17:11Z|1015|RENAME|/tmp/.hidden_script|success|{}
2025-03-20T12:17:15Z|5000|EXECUTE|/etc/hosts|failure|{}
2025-03-20T12:17:44Z|9202|DELETE|/tmp/backdoor.bin|success|{}
2025-03-20T12:17:55Z|6007|WRITE|/tmp/test.txt|success|{"size": 804608}
2025-03-20T12:18:25Z|5014|EXECUTE|/etc/cron.d/.hack|success|{}
2025-03-20T12:18:46Z|9004|DELETE|/var/log/syslog|success|{}
2025-03-20T12:18:54Z|7003|WRITE|/etc/hosts|success|{"size": 520788}
2025-03-20T12:19:07Z|9204|RENAME|/home/user/.ssh/id_rsa|success|{}
2025-03-20T12:19:17Z|7001|WRITE|/etc/shadow|success|{"size": 409582}
2025-03-20T12:19:43Z|5002|EXECUTE|/etc/cron.d/.hack|success|{}
2025-03-20T12:20:07Z|5|EXECUTE|/etc/shadow|success|{}
2025-03-20T12:20:37Z|7000|ATTRIBUTE|/var/log/syslog|success|{}
2025-03-20T12:21:01Z|9002|EXECUTE|/home/user/documents/report.doc|success|{}
2025-03-20T12:21:10Z|4008|ATTRIBUTE|/tmp/backdoor.bin|success|{}
2025-03-20T12:21:31Z|9000|WRITE|/var/log/syslog|success|{"size": 497569}
2025-03-20T12:21:48Z|6002|READ|/etc/hosts|failure|{}
2025-03-20T12:22:12Z|6006|RENAME|/etc/cron.d/.hack|success|{}
2025-03-20T12:22:32Z|9003|WRITE|/var/www/.shell.php|success|{"suspicious": true, "sequence": 552}
2025-03-20T12:23:00Z|9101|EXECUTE|/home/user/.ssh/id_rsa|success|{}
2025-03-20T12:23:03Z|5000|EXECUTE|/etc/shadow|success|{}
2025-03-20T12:23:07Z|5002|EXECUTE|/etc/hosts|success|{}
2025-03-20T12:23:18Z|5|READ|/var/log/syslog|success|{}
2025-03-20T12:23:42Z|5006|DELETE|/etc/cron.d/.hack|success|{}
2025-03-20T12:24:10Z|5005|RENAME|/etc/hosts|success|{}
2025-03-20T12:24:19Z|6008|ATTRIBUTE|/var/www/.shell.php|success|{}
2025-03-20T12:24:31Z|9200|WRITE|/tmp/test.txt|success|{"size": 950240}
2025-03-20T12:24:40Z|9203|ATTRIBUTE|/etc/passwd|success|{}
2025-03-20T12:24:46Z|9102|WRITE|/home/user/.ssh/id_rsa|success|{"size": 489649}
2025-03-20T12:25:02Z|6009|RENAME|/etc/shadow|success|{}
2025-03-20T12:25:09Z|1|WRITE|/dev/shm/.malware|success|{"suspicious": true, "sequence": 564}
2025-03-20T12:25:14Z|5|READ|/tmp/backdoor.bin|success|{"suspicious": true, "sequence": 565}
2025-03-20T12:25:32Z|1010|DELETE|/tmp/backdoor.bin|success|{}
2025-03-20T12:25:35Z|1015|ATTRIBUTE|/etc/shadow|success|{}
2025-03-20T12:25:47Z|9103|EXECUTE|/home/user/.ssh/id_rsa|success|{}
2025-03-20T12:26:09Z|4004|DELETE|/etc/cron.d/.hack|success|{}
2025-03-20T12:26:29Z|6003|DELETE|/var/log/auth.log|success|{}
2025-03-20T12:26:39Z|4008|RENAME|/tmp/.hidden_script|success|{}
2025-03-20T12:27:07Z|9203|EXECUTE|/dev/shm/.malware|success|{}
2025-03-20T12:27:18Z|2|EXECUTE|/var/www/.shell.php|success|{}
2025-03-20T12:27:35Z|9203|RENAME|/var/www/.shell.php|success|{}
2025-03-20T12:27:55Z|9101|RENAME|/tmp/backdoor.bin|success|{}
2025-03-20T12:28:11Z|1008|DELETE|/etc/shadow|success|{}
2025-03-20T12:28:25Z|7003|ATTRIBUTE|/tmp/test.txt|success|{}
2025-03-20T12:28:55Z|9103|RENAME|/tmp/test.txt|success|{}
2025-03-20T12:29:00Z|7000|DELETE|/tmp/test.txt|success|{}
2025-03-20T12:29:20Z|9104|EXECUTE|/etc/passwd|failure|{}
2025-03-20T12:29:41Z|9103|READ|/var/www/.shell.php|success|{"suspicious": true, "sequence": 581}
2025-03-20T12:29:48Z|9001|EXECUTE|/etc/passwd|success|{}
2025-03-20T12:29:54Z|9202|DELETE|/var/log/auth.log|success|{}
2025-03-20T12:30:16Z|7000|DELETE|/tmp/.hidden_script|success|{}
2025-03-20T12:30:17Z|9001|RENAME|/var/log/syslog|success|{}
2025-03-20T12:30:24Z|9002|READ|/tmp/backdoor.bin|success|{"suspicious": true, "sequence": 586}
2025-03-20T12:30:26Z|5|RENAME|/var/log/syslog|success|{}
2025-03-20T12:30:28Z|9004|EXECUTE|/tmp/test.txt|success|{}
2025-03-20T12:30:33Z|9203|READ|/var/www/.shell.php|success|{"suspicious": true, "sequence": 589}
2025-03-20T12:30:49Z|4003|ATTRIBUTE|/dev/shm/.malware|success|{}
2025-03-20T12:31:14Z|7003|RENAME|/etc/passwd|success|{}
2025-03-20T12:31:38Z|9203|WRITE|/tmp/test.txt|success|{"size": 388310}
2025-03-20T12:32:00Z|9002|RENAME|/home/user/.ssh/id_rsa|success|{}
2025-03-20T12:32:30Z|1001|READ|/etc/passwd|success|{}
2025-03-20T12:32:50Z|9104|RENAME|/tmp/backdoor.bin|success|{}
2025-03-20T12:32:55Z|1016|READ|/var/log/syslog|success|{}
2025-03-20T12:33:12Z|5009|DELETE|/etc/cron.d/.hack|success|{}
2025-03-20T12:33:13Z|9204|RENAME|/etc/hosts|success|{}
2025-03-20T12:33:18Z|1012|READ|/etc/cron.d/.hack|success|{"suspicious": true, "sequence": 599}
2025-03-20T12:33:31Z|9004|DELETE|/home/user/.ssh/id_rsa|success|{}
2025-03-20T12:33:42Z|4023|WRITE|/home/user/.ssh/id_rsa|success|{"size": 875974}
2025-03-20T12:33:59Z|4023|WRITE|/home/user/documents/report.doc|success|{"size": 1003121}
2025-03-20T12:34:18Z|9101|DELETE|/etc/hosts|success|{}
2025-03-20T12:34:42Z|1|EXECUTE|/tmp/backdoor.bin|success|{}
2025-03-20T12:35:11Z|5011|WRITE|/etc/passwd|success|{"size": 714985}
2025-03-20T12:35:12Z|7000|RENAME|/tmp/.hidden_script|success|{}
2025-03-20T12:35:15Z|6006|WRITE|/tmp/backdoor.bin|failure|{"suspicious": true, "sequence": 607}
2025-03-20T12:35:24Z|6002|READ|/tmp/.hidden_script|success|{"suspicious": true, "sequence": 608}
2025-03-20T12:35:48Z|1013|WRITE|/tmp/.hidden_script|success|{"suspicious": true, "sequence": 609}
2025-03-20T12:36:11Z|1009|WRITE|/etc/passwd|success|{"size": 798445}
2025-03-20T12:36:33Z|1003|ATTRIBUTE|/etc/shadow|success|{}
2025-03-20T12:36:42Z|9101|RENAME|/var/log/auth.log|failure|{}
2025-03-20T12:36:51Z|9101|DELETE|/etc/passwd|success|{}
2025-03-20T12:36:56Z|6005|EXECUTE|/etc/hosts|success|{}
2025-03-20T12:37:01Z|4|EXECUTE|/tmp/test.txt|success|{}
2025-03-20T12:37:19Z|5013|ATTRIBUTE|/etc/passwd|failure|{}
2025-03-20T12:37:45Z|4006|WRITE|/var/log/syslog|success|{"size": 45381}
2025-03-20T12:37:54Z|9004|ATTRIBUTE|/etc/cron.d/.hack|success|{}
2025-03-20T12:38:19Z|9200|READ|/tmp/.hidden_script|success|{"suspicious": true, "sequence": 619}
2025-03-20T12:38:26Z|5|READ|/home/user/documents/report.doc|success|{}
2025-03-20T12:38:39Z|4006|READ|/dev/shm/.malware|success|{"suspicious": true, "sequence": 621}
2025-03-20T12:38:46Z|7002|EXECUTE|/tmp/backdoor.bin|success|{}
2025-03-20T12:39:06Z|9203|READ|/var/www/.shell.php|success|{"suspicious": true, "sequence": 623}
2025-03-20T12:39:36Z|1014|EXECUTE|/var/log/auth.log|success|{}
2025-03-20T12:40:04Z|9204|DELETE|/etc/hosts|success|{}
2025-03-20T12:40:21Z|9201|EXECUTE|/etc/passwd|success|{}
2025-03-20T12:40:43Z|4002|EXECUTE|/tmp/.hidden_script|success|{}
2025-03-20T12:40:48Z|5|READ|/etc/passwd|success|{}
2025-03-20T12:41:14Z|1009|EXECUTE|/etc/hosts|success|{}
2025-03-20T12:41:38Z|6001|ATTRIBUTE|/var/log/syslog|success|{}
2025-03-20T12:41:42Z|7003|READ|/tmp/.hidden_script|success|{"suspicious": true, "sequence": 631}
2025-03-20T12:42:00Z|9201|EXECUTE|/etc/shadow|success|{}
2025-03-20T12:42:07Z|9002|ATTRIBUTE|/var/www/.shell.php|success|{}
2025-03-20T12:42:30Z|6001|EXECUTE|/tmp/backdoor.bin|success|{}
2025-03-20T12:42:41Z|2|DELETE|/etc/cron.d/.hack|success|{}
2025-03-20T12:43:08Z|1005|ATTRIBUTE|/etc/cron.d/.hack|success|{}
2025-03-20T12:43:27Z|9203|RENAME|/tmp/.hidden_script|failure|{}
2025-03-20T12:43:46Z|6009|ATTRIBUTE|/etc/passwd|success|{}
2025-03-20T12:44:00Z|1004|DELETE|/dev/shm/.malware|success|{}
2025-03-20T12:44:05Z|9100|RENAME|/tmp/.hidden_script|success|{}
2025-03-20T12:44:11Z|1008|EXECUTE|/dev/shm/.malware|success|{}
2025-03-20T12:44:25Z|9200|READ|/etc/cron.d/.hack|success|{"suspicious": true, "sequence": 642}
2025-03-20T12:44:27Z|9100|WRITE|/var/log/syslog|success|{"size": 579628}
2025-03-20T12:44:29Z|2|DELETE|/var/log/syslog|success|{}
2025-03-20T12:44:35Z|4001|READ|/etc/passwd|success|{}
2025-03-20T12:45:01Z|5003|DELETE|/var/www/.shell.php|success|{}
2025-03-20T12:45:21Z|9202|DELETE|/var/log/syslog|success|{}
2025-03-20T12:45:48Z|4003|READ|/etc/shadow|success|{}
2025-03-20T12:46:16Z|9100|DELETE|/tmp/test.txt|success|{}
2025-03-20T12:46:43Z|4024|READ|/etc/shadow|success|{}
2025-03-20T12:47:06Z|7003|RENAME|/etc/cron.d/.hack|success|{}
2025-03-20T12:47:32Z|1019|RENAME|/tmp/test.txt|success|{}
2025-03-20T12:47:38Z|7003|WRITE|/var/log/syslog|success|{"size": 608345}
2025-03-20T12:47:56Z|9004|RENAME|/tmp/.hidden_script|success|{}
2025-03-20T12:48:08Z|4024|WRITE|/home/user/documents/report.doc|success|{"size": 570757}
2025-03-20T12:48:29Z|9101|RENAME|/etc/passwd|success|{}
2025-03-20T12:48:33Z|7001|DELETE|/tmp/.hidden_script|success|{}
2025-03-20T12:48:51Z|1|RENAME|/etc/shadow|success|{}
2025-03-20T12:49:20Z|9204|DELETE|/tmp/.hidden_script|success|{}
2025-03-20T12:49:44Z|6000|ATTRIBUTE|/etc/passwd|success|{}
2025-03-20T12:50:03Z|6002|WRITE|/etc/cron.d/.hack|success|{"suspicious": true, "sequence": 661}
2025-03-20T12:50:08Z|9204|READ|/home/user/.ssh/id_rsa|success|{}
2025-03-20T12:50:36Z|5|WRITE|/var/log/auth.log|failure|{"size": 494063}
2025-03-20T12:50:45Z|6001|DELETE|/var/www/.shell.php|success|{}
2025-03-20T12:51:07Z|9000|RENAME|/tmp/test.txt|success|{}
2025-03-20T12:51:25Z|7001|DELETE|/tmp/test.txt|success|{}
2025-03-20T12:51:54Z|3|ATTRIBUTE|/etc/shadow|success|{}
2025-03-20T12:52:15Z|1013|ATTRIBUTE|/tmp/.hidden_script|success|{}
2025-03-20T12:52:38Z|2|DELETE|/etc/cron.d/.hack|success|{}
2025-03-20T12:53:00Z|1005|ATTRIBUTE|/tmp/backdoor.bin|success|{}
2025-03-20T12:53:19Z|5011|READ|/home/user/.ssh/id_rsa|success|{}
2025-03-20T12:53:40Z|1015|EXECUTE|/var/log/auth.log|success|{}
2025-03-20T12:53:46Z|7001|WRITE|/etc/cron.d/.hack|success|{"suspicious": true, "sequence": 673}
2025-03-20T12:54:14Z|7000|EXECUTE|/var/log/auth.log|failure|{}
2025-03-20T12:54:38Z|7004|DELETE|/tmp/backdoor.bin|success|{}
2025-03-20T12:54:56Z|7004|WRITE|/var/log/syslog|success|{"size": 281759}
2025-03-20T12:55:16Z|9200|DELETE|/etc/cron.d/.hack|failure|{}
2025-03-20T12:55:21Z|5005|RENAME|/tmp/backdoor.bin|success|{}
2025-03-20T12:55:45Z|7000|RENAME|/dev/shm/.malware|success|{}
2025-03-20T12:56:12Z|1019|READ|/home/user/.ssh/id_rsa|success|{}
2025-03-20T12:56:14Z|7004|ATTRIBUTE|/etc/shadow|success|{}
2025-03-20T12:56:15Z|9100|RENAME|/etc/hosts|success|{}
2025-03-20T12:56:28Z|9001|EXECUTE|/dev/shm/.malware|success|{}
2025-03-20T12:56:42Z|4021|RENAME|/tmp/test.txt|success|{}
2025-03-20T12:56:54Z|6001|WRITE|/etc/shadow|success|{"size": 312952}
2025-03-20T12:57:09Z|3|WRITE|/etc/passwd|success|{"size": 694712}
2025-03-20T12:57:17Z|9004|RENAME|/var/www/.shell.php|success|{}
2025-03-20T12:57:30Z|5001|READ|/home/user/.ssh/id_rsa|success|{}
2025-03-20T12:57:57Z|9100|EXECUTE|/tmp/backdoor.bin|success|{}
2025-03-20T12:58:13Z|9000|WRITE|/var/www/.shell.php|success|{"suspicious": true, "sequence": 690}
2025-03-20T12:58:14Z|5008|DELETE|/tmp/backdoor.bin|success|{}
2025-03-20T12:58:40Z|1018|ATTRIBUTE|/var/log/auth.log|success|{}
2025-03-20T12:58:46Z|4027|EXECUTE|/etc/cron.d/.hack|failure|{}
2025-03-20T12:58:48Z|9102|READ|/tmp/.hidden_script|success|{"suspicious": true, "sequence": 694}
2025-03-20T12:59:15Z|1011|DELETE|/etc/shadow|success|{}
2025-03-20T12:59:34Z|6005|EXECUTE|/home/user/.ssh/id_rsa|success|{}
2025-03-20T12:59:39Z|2|READ|/tmp/.hidden_script|success|{"suspicious": true, "sequence": 697}
2025-03-20T12:59:46Z|9000|EXECUTE|/etc/passwd|success|{}
2025-03-20T13:00:03Z|1|DELETE|/tmp/.hidden_script|success|{}
2025-03-20T13:00:17Z|9001|RENAME|/dev/shm/.malware|success|{}
2025-03-20T13:00:27Z|7002|EXECUTE|/etc/passwd|success|{}
2025-03-20T13:00:36Z|6000|WRITE|/var/log/auth.log|success|{"size": 211983}
2025-03-20T13:00:56Z|5010|WRITE|/var/log/syslog|success|{"size": 497821}
2025-03-20T13:01:13Z|5010|READ|/dev/shm/.malware|success|{"suspicious": true, "sequence": 704}
2025-03-20T13:01:22Z|9204|EXECUTE|/home/user/documents/report.doc|success|{}
2025-03-20T13:01:47Z|9000|READ|/var/log/auth.log|success|{}
2025-03-20T13:02:05Z|7002|ATTRIBUTE|/var/log/auth.log|success|{}
2025-03-20T13:02:06Z|5009|ATTRIBUTE|/home/user/.ssh/id_rsa|success|{}
2025-03-20T13:02:14Z|1006|WRITE|/tmp/.hidden_script|success|{"suspicious": true, "sequence": 709}
2025-03-20T13:02:24Z|9104|EXECUTE|/home/user/.ssh/id_rsa|success|{}
2025-03-20T13:02:40Z|9200|EXECUTE|/tmp/.hidden_script|success|{}
2025-03-20T13:03:04Z|7000|WRITE|/var/www/.shell.php|failure|{"suspicious": true, "sequence": 712}
2025-03-20T13:03:29Z|9001|EXECUTE|/etc/passwd|success|{}
2025-03-20T13:03:38Z|4020|ATTRIBUTE|/etc/passwd|failure|{}
2025-03-20T13:03:44Z|7003|ATTRIBUTE|/var/www/.shell.php|success|{}
2025-03-20T13:03:59Z|9004|EXECUTE|/var/www/.shell.php|success|{}
2025-03-20T13:04:10Z|4|RENAME|/var/log/syslog|success|{}
2025-03-20T13:04:20Z|4|READ|/etc/hosts|success|{}
2025-03-20T13:04:21Z|6003|READ|/var/www/.shell.php|success|{"suspicious": true, "sequence": 719}
2025-03-20T13:04:39Z|5013|DELETE|/tmp/test.txt|success|{}
2025-03-20T13:05:06Z|1004|READ|/var/www/.shell.php|success|{"suspicious": true, "sequence": 721}
2025-03-20T13:05:28Z|9202|WRITE|/tmp/test.txt|success|{"size": 730393}
2025-03-20T13:05:49Z|9200|ATTRIBUTE|/etc/cron.d/.hack|success|{}
2025-03-20T13:05:54Z|5011|READ|/tmp/test.txt|success|{}
2025-03-20T13:06:05Z|9203|WRITE|/etc/cron.d/.hack|success|{"suspicious": true, "sequence": 725}
2025-03-20T13:06:22Z|1018|RENAME|/dev/shm/.malware|success|{}
2025-03-20T13:06:38Z|9203|ATTRIBUTE|/tmp/backdoor.bin|success|{}
2025-03-20T13:06:50Z|9204|EXECUTE|/etc/cron.d/.hack|success|{}
2025-03-20T13:07:03Z|9000|EXECUTE|/var/www/.shell.php|failure|{}
2025-03-20T13:07:04Z|9102|DELETE|/home/user/documents/report.doc|success|{}
2025-03-20T13:07:11Z|5|EXECUTE|/tmp/test.txt|success|{}
2025-03-20T13:07:41Z|9202|DELETE|/etc/shadow|success|{}
2025-03-20T13:07:49Z|1002|WRITE|/home/user/.ssh/id_rsa|success|{"size": 483094}
2025-03-20T13:07:54Z|1011|WRITE|/etc/passwd|success|{"size": 424656}
2025-03-20T13:07:57Z|9101|WRITE|/var/log/auth.log|success|{"size": 115281}
2025-03-20T13:08:20Z|9201|RENAME|/dev/shm/.malware|success|{}
2025-03-20T13:08:47Z|4000|READ|/home/user/documents/report.doc|success|{}
2025-03-20T13:08:53Z|9002|DELETE|/etc/shadow|success|{}
2025-03-20T13:09:04Z|4009|RENAME|/dev/shm/.malware|success|{}
2025-03-20T13:09:13Z|9201|DELETE|/var/log/syslog|success|{}
2025-03-20T13:09:20Z|4005|RENAME|/tmp/backdoor.bin|success|{}
2025-03-20T13:09:36Z|1011|RENAME|/etc/cron.d/.hack|failure|{}
2025-03-20T13:09:59Z|7002|EXECUTE|/home/user/documents/report.doc|failure|{}
2025-03-20T13:10:12Z|5001|READ|/tmp/test.txt|success|{}
2025-03-20T13:10:28Z|9104|RENAME|/etc/cron.d/.hack|success|{}
2025-03-20T13:10:50Z|9203|WRITE|/tmp/.hidden_script|failure|{"suspicious": true, "sequence": 746}
2025-03-20T13:11:11Z|1005|READ|/etc/cron.d/.hack|success|{"suspicious": true, "sequence": 747}
2025-03-20T13:11:14Z|5000|ATTRIBUTE|/var/log/syslog|failure|{}
2025-03-20T13:11:40Z|9204|DELETE|/etc/shadow|success|{}
2025-03-20T13:11:59Z|1015|READ|/home/user/.ssh/id_rsa|failure|{}
2025-03-20T13:12:09Z|6001|WRITE|/tmp/test.txt|success|{"size": 941483}
2025-03-20T13:12:13Z|2|ATTRIBUTE|/etc/hosts|success|{}
2025-03-20T13:12:21Z|9104|EXECUTE|/var/log/auth.log|success|{}
2025-03-20T13:12:31Z|6002|ATTRIBUTE|/var/log/auth.log|success|{}
2025-03-20T13:12:56Z|9102|DELETE|/home/user/.ssh/id_rsa|success|{}
2025-03-20T13:13:20Z|4006|ATTRIBUTE|/tmp/.hidden_script|success|{}
2025-03-20T13:13:46Z|9201|RENAME|/tmp/backdoor.bin|success|{}
2025-03-20T13:14:03Z|7000|RENAME|/home/user/.ssh/id_rsa|success|{}
2025-03-20T13:14:17Z|6009|WRITE|/tmp/test.txt|failure|{"size": 565735}
2025-03-20T13:14:28Z|6003|READ|/etc/hosts|success|{}
2025-03-20T13:14:46Z|5005|READ|/home/user/.ssh/id_rsa|success|{}
2025-03-20T13:15:11Z|5001|RENAME|/tmp/test.txt|success|{}
2025-03-20T13:15:30Z|1018|RENAME|/var/log/auth.log|success|{}
2025-03-20T13:15:54Z|7004|ATTRIBUTE|/tmp/.hidden_script|success|{}
2025-03-20T13:16:08Z|5009|READ|/etc/cron.d/.hack|success|{"suspicious": true, "sequence": 765}
2025-03-20T13:16:18Z|9204|RENAME|/tmp/backdoor.bin|success|{}
2025-03-20T13:16:30Z|6006|RENAME|/tmp/.hidden_script|success|{}
2025-03-20T13:16:44Z|6007|ATTRIBUTE|/home/user/documents/report.doc|success|{}
2025-03-20T13:17:13Z|4018|READ|/etc/passwd|success|{}
2025-03-20T13:17:42Z|9002|ATTRIBUTE|/etc/shadow|success|{}
2025-03-20T13:18:03Z|5|EXECUTE|/tmp/test.txt|success|{}
2025-03-20T13:18:28Z|6008|EXECUTE|/etc/cron.d/.hack|success|{}
2025-03-20T13:18:36Z|5013|WRITE|/tmp/.hidden_script|success|{"suspicious": true, "sequence": 773}
2025-03-20T13:18:39Z|1003|WRITE|/var/log/syslog|success|{"size": 840306}
2025-03-20T13:19:01Z|4007|DELETE|/var/log/syslog|success|{}
2025-03-20T13:19:07Z|9200|EXECUTE|/etc/hosts|success|{}
2025-03-20T13:19:21Z|6004|EXECUTE|/tmp/backdoor.bin|success|{}
2025-03-20T13:19:30Z|7004|WRITE|/var/log/syslog|success|{"size": 315732}
2025-03-20T13:19:52Z|4023|READ|/etc/cron.d/.hack|failure|{"suspicious": true, "sequence": 779}
2025-03-20T13:20:15Z|3|ATTRIBUTE|/tmp/test.txt|success|{}
2025-03-20T13:20:19Z|7004|READ|/etc/hosts|failure|{}
2025-03-20T13:20:30Z|4002|WRITE|/tmp/.hidden_script|success|{"suspicious": true, "sequence": 782}
2025-03-20T13:20:39Z|2|ATTRIBUTE|/etc/hosts|success|{}
2025-03-20T13:21:06Z|7002|RENAME|/etc/passwd|success|{}
2025-03-20T13:21:22Z|1011|EXECUTE|/dev/shm/.malware|success|{}
2025-03-20T13:21:32Z|9100|RENAME|/var/www/.shell.php|success|{}
2025-03-20T13:21:44Z|7001|EXECUTE|/home/user/documents/report.doc|success|{}
2025-03-20T13:22:09Z|9004|READ|/etc/cron.d/.hack|success|{"suspicious": true, "sequence": 788}
2025-03-20T13:22:18Z|9002|ATTRIBUTE|/home/user/.ssh/id_rsa|success|{}
2025-03-20T13:22:35Z|7004|EXECUTE|/etc/cron.d/.hack|success|{}
2025-03-20T13:23:03Z|5014|RENAME|/tmp/backdoor.bin|failure|{}
2025-03-20T13:23:12Z|9202|READ|/var/log/auth.log|success|{}
2025-03-20T13:23:25Z|4002|ATTRIBUTE|/var/log/auth.log|failure|{}
2025-03-20T13:23:30Z|9201|EXECUTE|/etc/passwd|success|{}
2025-03-20T13:23:48Z|9101|WRITE|/etc/hosts|success|{"size": 917639}
2025-03-20T13:24:18Z|9000|READ|/var/log/syslog|success|{}
2025-03-20T13:24:21Z|6004|ATTRIBUTE|/home/user/.ssh/id_rsa|success|{}
2025-03-20T13:24:23Z|9104|ATTRIBUTE|/etc/shadow|success|{}
2025-03-20T13:24:33Z|9002|DELETE|/home/user/documents/report.doc|success|{}
2025-03-20T13:24:51Z|1000|DELETE|/etc/passwd|success|{}
2025-03-20T13:25:18Z|5014|ATTRIBUTE|/tmp/.hidden_script|success|{}
2025-03-20T13:25:21Z|5013|DELETE|/etc/hosts|failure|{}
2025-03-20T13:25:29Z|4003|ATTRIBUTE|/home/user/.ssh/id_rsa|success|{}
2025-03-20T13:25:31Z|9002|ATTRIBUTE|/etc/hosts|success|{}
2025-03-20T13:26:01Z|4017|READ|/tmp/.hidden_script|success|{"suspicious": true, "sequence": 805}
2025-03-20T13:26:23Z|1014|WRITE|/home/user/documents/report.doc|success|{"size": 449235}
2025-03-20T13:26:31Z|9001|READ|/var/www/.shell.php|success|{"suspicious": true, "sequence": 807}
2025-03-20T13:26:46Z|7004|WRITE|/tmp/test.txt|success|{"size": 577990}
2025-03-20T13:26:50Z|2|READ|/tmp/.hidden_script|success|{"suspicious": true, "sequence": 809}
2025-03-20T13:27:13Z|1003|ATTRIBUTE|/etc/cron.d/.hack|failure|{}
2025-03-20T13:27:15Z|5008|ATTRIBUTE|/tmp/test.txt|success|{}
2025-03-20T13:27:41Z|9004|READ|/dev/shm/.malware|success|{"suspicious": true, "sequence": 812}
2025-03-20T13:27:58Z|5006|READ|/var/www/.shell.php|success|{"suspicious": true, "sequence": 813}
2025-03-20T13:28:23Z|7004|EXECUTE|/etc/shadow|success|{}
2025-03-20T13:28:33Z|9200|RENAME|/home/user/documents/report.doc|success|{}
2025-03-20T13:28:47Z|5012|ATTRIBUTE|/tmp/test.txt|success|{}
2025-03-20T13:28:57Z|9201|RENAME|/etc/shadow|success|{}
2025-03-20T13:29:15Z|9201|EXECUTE|/var/log/auth.log|success|{}
2025-03-20T13:29:36Z|1002|RENAME|/etc/hosts|success|{}
2025-03-20T13:29:48Z|4028|RENAME|/var/log/auth.log|success|{}
2025-03-20T13:30:15Z|4016|RENAME|/home/user/.ssh/id_rsa|success|{}
2025-03-20T13:30:39Z|7003|RENAME|/tmp/.hidden_script|success|{}
2025-03-20T13:31:05Z|9201|ATTRIBUTE|/var/www/.shell.php|success|{}
2025-03-20T13:31:18Z|6004|ATTRIBUTE|/var/log/auth.log|success|{}
2025-03-20T13:31:29Z|9203|RENAME|/tmp/test.txt|success|{}
2025-03-20T13:31:38Z|7001|EXECUTE|/tmp/backdoor.bin|success|{}
2025-03-20T13:32:05Z|2|ATTRIBUTE|/var/log/syslog|success|{}
2025-03-20T13:32:34Z|9000|READ|/tmp/backdoor.bin|success|{"suspicious": true, "sequence": 828}
2025-03-20T13:32:35Z|4002|WRITE|/etc/hosts|success|{"size": 630648}
2025-03-20T13:32:36Z|6008|READ|/home/user/documents/report.doc|failure|{}
2025-03-20T13:32:52Z|9003|READ|/tmp/test.txt|failure|{}
2025-03-20T13:32:55Z|1010|DELETE|/tmp/backdoor.bin|success|{}
2025-03-20T13:33:02Z|2|EXECUTE|/etc/passwd|success|{}
2025-03-20T13:33:10Z|1002|EXECUTE|/tmp/test.txt|success|{}
2025-03-20T13:33:23Z|9200|WRITE|/etc/cron.d/.hack|success|{"suspicious": true, "sequence": 835}
2025-03-20T13:33:44Z|1012|WRITE|/etc/cron.d/.hack|success|{"suspicious": true, "sequence": 836}
2025-03-20T13:33:53Z|5|READ|/tmp/backdoor.bin|success|{"suspicious": true, "sequence": 837}
2025-03-20T13:34:10Z|7004|DELETE|/home/user/.ssh/id_rsa|failure|{}
2025-03-20T13:34:25Z|7004|WRITE|/etc/cron.d/.hack|failure|{"suspicious": true, "sequence": 839}
2025-03-20T13:34:28Z|9101|EXECUTE|/home/user/documents/report.doc|success|{}
2025-03-20T13:34:52Z|6004|RENAME|/var/log/auth.log|success|{}
2025-03-20T13:35:16Z|7000|EXECUTE|/etc/shadow|failure|{}
2025-03-20T13:35:41Z|7003|WRITE|/etc/cron.d/.hack|success|{"suspicious": true, "sequence": 843}
2025-03-20T13:35:56Z|4021|DELETE|/etc/hosts|success|{}
2025-03-20T13:36:13Z|9100|WRITE|/var/log/auth.log|success|{"size": 318286}
2025-03-20T13:36:35Z|9002|RENAME|/var/log/auth.log|success|{}
2025-03-20T13:36:43Z|5005|EXECUTE|/home/user/.ssh/id_rsa|success|{}
2025-03-20T13:37:00Z|1013|EXECUTE|/etc/shadow|success|{}
2025-03-20T13:37:15Z|9004|EXECUTE|/var/log/auth.log|success|{}
2025-03-20T13:37:37Z|9004|ATTRIBUTE|/etc/shadow|success|{}
2025-03-20T13:37:40Z|6009|RENAME|/var/log/auth.log|success|{}
2025-03-20T13:37:45Z|1013|WRITE|/etc/cron.d/.hack|success|{"suspicious": true, "sequence": 852}
2025-03-20T13:37:52Z|1016|READ|/etc/cron.d/.hack|success|{"suspicious": true, "sequence": 853}
2025-03-20T13:38:17Z|9204|RENAME|/etc/hosts|success|{}
2025-03-20T13:38:43Z|7000|WRITE|/etc/hosts|success|{"size": 11355}
2025-03-20T13:39:03Z|7000|ATTRIBUTE|/tmp/.hidden_script|success|{}
2025-03-20T13:39:17Z|9004|EXECUTE|/dev/shm/.malware|success|{}
2025-03-20T13:39:24Z|3|READ|/etc/passwd|success|{}
2025-03-20T13:39:36Z|9200|DELETE|/tmp/.hidden_script|success|{}
2025-03-20T13:39:42Z|4017|ATTRIBUTE|/var/log/syslog|success|{}
2025-03-20T13:39:58Z|4002|ATTRIBUTE|/tmp/test.txt|success|{}
2025-03-20T13:40:09Z|9202|WRITE|/home/user/.ssh/id_rsa|success|{"size": 269627}
2025-03-20T13:40:37Z|9103|EXECUTE|/var/log/auth.log|success|{}
2025-03-20T13:41:07Z|9202|READ|/etc/cron.d/.hack|success|{"suspicious": true, "sequence": 864}
2025-03-20T13:41:11Z|4008|RENAME|/etc/shadow|failure|{}
2025-03-20T13:41:12Z|6005|ATTRIBUTE|/tmp/backdoor.bin|success|{}
2025-03-20T13:41:35Z|1014|RENAME|/tmp/.hidden_script|success|{}
2025-03-20T13:42:02Z|9102|ATTRIBUTE|/tmp/backdoor.bin|success|{}
2025-03-20T13:42:23Z|6006|DELETE|/home/user/.ssh/id_rsa|success|{}
2025-03-20T13:42:42Z|9104|DELETE|/etc/cron.d/.hack|success|{}
2025-03-20T13:42:45Z|4000|EXECUTE|/etc/cron.d/.hack|success|{}
2025-03-20T13:42:50Z|9204|READ|/etc/hosts|success|{}
2025-03-20T13:43:17Z|2|EXECUTE|/etc/hosts|success|{}
2025-03-20T13:43:34Z|6008|WRITE|/tmp/.hidden_script|success|{"suspicious": true, "sequence": 874}
2025-03-20T13:44:04Z|7000|RENAME|/etc/hosts|success|{}
2025-03-20T13:44:33Z|5010|WRITE|/tmp/test.txt|success|{"size": 252109}
2025-03-20T13:44:36Z|7004|RENAME|/tmp/backdoor.bin|success|{}
2025-03-20T13:44:44Z|9203|RENAME|/var/log/auth.log|success|{}
2025-03-20T13:44:58Z|9203|READ|/home/user/.ssh/id_rsa|success|{}
2025-03-20T13:45:16Z|6005|DELETE|/etc/passwd|success|{}
2025-03-20T13:45:41Z|6006|WRITE|/etc/passwd|success|{"size": 766507}
2025-03-20T13:46:03Z|1019|WRITE|/etc/shadow|success|{"size": 782884}
2025-03-20T13:46:16Z|9204|DELETE|/tmp/.hidden_script|success|{}
2025-03-20T13:46:34Z|9201|EXECUTE|/home/user/.ssh/id_rsa|success|{}
2025-03-20T13:47:03Z|9100|RENAME|/tmp/backdoor.bin|success|{}
2025-03-20T13:47:24Z|9204|RENAME|/var/www/.shell.php|success|{}
2025-03-20T13:47:46Z|6001|WRITE|/var/log/syslog|success|{"size": 777040}
2025-03-20T13:47:48Z|5005|RENAME|/etc/passwd|success|{}
2025-03-20T13:48:09Z|9003|RENAME|/var/log/syslog|success|{}
2025-03-20T13:48:10Z|3|DELETE|/etc/shadow|success|{}
2025-03-20T13:48:11Z|9100|RENAME|/home/user/.ssh/id_rsa|success|{}
2025-03-20T13:48:19Z|7002|RENAME|/var/log/auth.log|success|{}
2025-03-20T13:48:49Z|5008|DELETE|/etc/shadow|success|{}
2025-03-20T13:48:52Z|5011|ATTRIBUTE|/tmp/.hidden_script|success|{}
2025-03-20T13:49:20Z|6001|READ|/var/log/auth.log|success|{}
2025-03-20T13:49:44Z|4009|RENAME|/var/log/syslog|success|{}
2025-03-20T13:50:01Z|4006|RENAME|/home/user/documents/report.doc|success|{}
2025-03-20T13:50:26Z|9202|ATTRIBUTE|/home/user/documents/report.doc|success|{}
2025-03-20T13:50:49Z|4021|ATTRIBUTE|/var/log/syslog|success|{}
2025-03-20T13:51:13Z|9202|ATTRIBUTE|/etc/shadow|success|{}
2025-03-20T13:51:34Z|9002|ATTRIBUTE|/tmp/test.txt|success|{}
2025-03-20T13:52:01Z|9204|WRITE|/etc/hosts|success|{"size": 593981}
2025-03-20T13:52:19Z|5009|ATTRIBUTE|/var/log/auth.log|success|{}
2025-03-20T13:52:44Z|6000|RENAME|/home/user/.ssh/id_rsa|success|{}
2025-03-20T13:53:01Z|1009|ATTRIBUTE|/tmp/test.txt|success|{}
2025-03-20T13:53:04Z|4003|EXECUTE|/tmp/backdoor.bin|success|{}
2025-03-20T13:53:18Z|9200|READ|/tmp/test.txt|success|{}
2025-03-20T13:53:46Z|9103|READ|/home/user/.ssh/id_rsa|success|{}
2025-03-20T13:54:12Z|4|WRITE|/etc/hosts|success|{"size": 41729}
2025-03-20T13:54:14Z|4027|DELETE|/var/log/syslog|success|{}
2025-03-20T13:54:40Z|9001|RENAME|/etc/passwd|success|{}
2025-03-20T13:55:09Z|1018|RENAME|/dev/shm/.malware|success|{}
2025-03-20T13:55:33Z|9004|DELETE|/etc/passwd|success|{}
2025-03-20T13:55:37Z|2|READ|/var/log/auth.log|success|{}
2025-03-20T13:56:05Z|4|EXECUTE|/tmp/backdoor.bin|success|{}
2025-03-20T13:56:24Z|7001|EXECUTE|/etc/shadow|success|{}
2025-03-20T13:56:27Z|9202|WRITE|/tmp/test.txt|success|{"size": 100991}
2025-03-20T13:56:37Z|9200|ATTRIBUTE|/tmp/test.txt|success|{}
2025-03-20T13:56:56Z|5002|ATTRIBUTE|/etc/shadow|success|{}
2025-03-20T13:57:14Z|9100|ATTRIBUTE|/var/www/.shell.php|success|{}
2025-03-20T13:57:33Z|7001|READ|/home/user/.ssh/id_rsa|success|{}
2025-03-20T13:57:43Z|9000|RENAME|/tmp/backdoor.bin|success|{}
2025-03-20T13:58:02Z|5008|EXECUTE|/etc/hosts|success|{}
2025-03-20T13:58:04Z|9001|DELETE|/etc/cron.d/.hack|success|{}
2025-03-20T13:58:27Z|9104|EXECUTE|/var/log/auth.log|success|{}
2025-03-20T13:58:52Z|9003|READ|/tmp/backdoor.bin|success|{"suspicious": true, "sequence": 926}
2025-03-20T13:58:56Z|5010|ATTRIBUTE|/var/log/syslog|failure|{}
2025-03-20T13:59:21Z|6009|ATTRIBUTE|/tmp/backdoor.bin|success|{}
2025-03-20T13:59:46Z|9203|WRITE|/tmp/.hidden_script|success|{"suspicious": true, "sequence": 929}
2025-03-20T14:00:06Z|6008|DELETE|/dev/shm/.malware|success|{}
2025-03-20T14:00:36Z|1010|RENAME|/etc/passwd|failure|{}
2025-03-20T14:00:55Z|5006|ATTRIBUTE|/tmp/.hidden_script|success|{}
2025-03-20T14:00:58Z|6003|WRITE|/tmp/backdoor.bin|success|{"suspicious": true, "sequence": 933}
2025-03-20T14:01:21Z|5003|WRITE|/etc/shadow|success|{"size": 145514}
2025-03-20T14:01:22Z|6001|READ|/tmp/test.txt|success|{}
2025-03-20T14:01:51Z|4|DELETE|/var/log/auth.log|success|{}
2025-03-20T14:02:13Z|9201|READ|/etc/passwd|success|{}
2025-03-20T14:02:42Z|5|WRITE|/etc/shadow|success|{"size": 866915}
2025-03-20T14:03:07Z|4006|READ|/etc/hosts|success|{}
2025-03-20T14:03:24Z|1019|WRITE|/home/user/.ssh/id_rsa|success|{"size": 898794}
2025-03-20T14:03:33Z|5000|WRITE|/var/www/.shell.php|success|{"suspicious": true, "sequence": 941}
2025-03-20T14:03:50Z|4008|WRITE|/tmp/.hidden_script|success|{"suspicious": true, "sequence": 942}
2025-03-20T14:03:54Z|9002|EXECUTE|/tmp/test.txt|success|{}
2025-03-20T14:04:12Z|4|WRITE|/var/log/auth.log|success|{"size": 943626}
2025-03-20T14:04:16Z|7004|READ|/home/user/.ssh/id_rsa|success|{}
2025-03-20T14:04:34Z|9201|READ|/var/log/syslog|failure|{}
2025-03-20T14:04:53Z|6008|RENAME|/home/user/.ssh/id_rsa|success|{}
2025-03-20T14:05:15Z|9003|READ|/home/user/.ssh/id_rsa|success|{}
2025-03-20T14:05:38Z|1|ATTRIBUTE|/etc/passwd|success|{}
2025-03-20T14:05:52Z|6000|READ|/tmp/backdoor.bin|success|{"suspicious": true, "sequence": 950}
2025-03-20T14:06:04Z|9201|RENAME|/etc/cron.d/.hack|success|{}
2025-03-20T14:06:29Z|2|RENAME|/home/user/documents/report.doc|failure|{}
2025-03-20T14:06:48Z|4028|RENAME|/tmp/backdoor.bin|failure|{}
2025-03-20T14:07:05Z|9101|WRITE|/var/log/syslog|failure|{"size": 358473}
2025-03-20T14:07:16Z|6000|DELETE|/etc/shadow|failure|{}
2025-03-20T14:07:46Z|9103|READ|/tmp/backdoor.bin|success|{"suspicious": true, "sequence": 956}
2025-03-20T14:08:02Z|9104|ATTRIBUTE|/etc/cron.d/.hack|success|{}
2025-03-20T14:08:22Z|6007|RENAME|/etc/passwd|failure|{}
2025-03-20T14:08:34Z|9102|WRITE|/var/log/syslog|success|{"size": 318135}
2025-03-20T14:08:56Z|5002|RENAME|/home/user/documents/report.doc|success|{}
2025-03-20T14:09:01Z|1014|EXECUTE|/tmp/test.txt|success|{}
2025-03-20T14:09:15Z|9001|DELETE|/dev/shm/.malware|success|{}
2025-03-20T14:09:45Z|3|EXECUTE|/var/log/auth.log|success|{}
2025-03-20T14:09:53Z|1014|READ|/etc/hosts|success|{}
2025-03-20T14:09:57Z|1001|EXECUTE|/tmp/.hidden_script|success|{}
2025-03-20T14:10:02Z|6009|ATTRIBUTE|/etc/hosts|success|{}
2025-03-20T14:10:24Z|9202|WRITE|/etc/passwd|failure|{"size": 401803}
2025-03-20T14:10:34Z|6005|RENAME|/etc/shadow|success|{}
2025-03-20T14:10:58Z|9001|ATTRIBUTE|/var/www/.shell.php|success|{}
2025-03-20T14:11:12Z|4|READ|/var/www/.shell.php|failure|{"suspicious": true, "sequence": 970}
2025-03-20T14:11:22Z|6002|EXECUTE|/var/log/auth.log|success|{}
2025-03-20T14:11:46Z|7002|READ|/tmp/test.txt|success|{}
2025-03-20T14:11:48Z|1016|ATTRIBUTE|/etc/passwd|success|{}
2025-03-20T14:12:14Z|9201|READ|/etc/cron.d/.hack|success|{"suspicious": true, "sequence": 974}
2025-03-20T14:12:38Z|9102|EXECUTE|/etc/hosts|success|{}
2025-03-20T14:13:00Z|4008|WRITE|/var/log/auth.log|success|{"size": 785694}
2025-03-20T14:13:30Z|3|EXECUTE|/tmp/test.txt|success|{}
2025-03-20T14:13:46Z|5|DELETE|/var/log/auth.log|success|{}
2025-03-20T14:14:14Z|5003|DELETE|/var/log/syslog|success|{}
2025-03-20T14:14:29Z|9201|DELETE|/var/www/.shell.php|success|{}
2025-03-20T14:14:37Z|7003|READ|/tmp/test.txt|success|{}
2025-03-20T14:15:01Z|9101|RENAME|/etc/shadow|success|{}
2025-03-20T14:15:16Z|5009|WRITE|/etc/cron.d/.hack|success|{"suspicious": true, "sequence": 983}
2025-03-20T14:15:45Z|9000|WRITE|/var/log/syslog|success|{"size": 394535}
2025-03-20T14:16:12Z|5000|EXECUTE|/home/user/documents/report.doc|success|{}
2025-03-20T14:16:14Z|7000|ATTRIBUTE|/var/log/syslog|success|{}
2025-03-20T14:16:20Z|9204|ATTRIBUTE|/etc/shadow|success|{}
2025-03-20T14:16:45Z|5011|READ|/var/log/syslog|success|{}
2025-03-20T14:16:54Z|1004|WRITE|/etc/passwd|success|{"size": 37029}
2025-03-20T14:17:20Z|4029|ATTRIBUTE|/etc/passwd|success|{}
2025-03-20T14:17:40Z|9202|DELETE|/dev/shm/.malware|success|{}
2025-03-20T14:17:58Z|1007|WRITE|/etc/cron.d/.hack|success|{"suspicious": true, "sequence": 992}
2025-03-20T14:18:15Z|9103|RENAME|/var/log/syslog|success|{}
2025-03-20T14:18:28Z|7002|RENAME|/home/user/.ssh/id_rsa|success|{}
2025-03-20T14:18:58Z|5004|EXECUTE|/tmp/test.txt|success|{}
2025-03-20T14:19:15Z|4020|RENAME|/dev/shm/.malware|success|{}
2025-03-20T14:19:23Z|4014|ATTRIBUTE|/tmp/test.txt|success|{}
2025-03-20T14:19:34Z|5005|DELETE|/etc/cron.d/.hack|success|{}
2025-03-20T14:20:01Z|7000|READ|/home/user/.ssh/id_rsa|success|{}
2025-03-20T14:20:21Z|4012|READ|/etc/passwd|success|{}
2025-03-20T14:20:41Z|9204|WRITE|/home/user/documents/report.doc|success|{"size": 820744}
2025-03-20T14:21:01Z|7002|DELETE|/tmp/test.txt|success|{}
2025-03-20T14:21:10Z|6001|EXECUTE|/home/user/documents/report.doc|success|{}
2025-03-20T14:21:30Z|4|EXECUTE|/tmp/.hidden_script|success|{}
2025-03-20T14:21:36Z|9201|READ|/etc/cron.d/.hack|success|{"suspicious": true, "sequence": 1005}
2025-03-20T14:21:56Z|9101|RENAME|/tmp/test.txt|success|{}
2025-03-20T14:22:25Z|4020|ATTRIBUTE|/etc/cron.d/.hack|success|{}
2025-03-20T14:22:47Z|1002|WRITE|/etc/cron.d/.hack|success|{"suspicious": true, "sequence": 1008}
2025-03-20T14:23:00Z|4000|EXECUTE|/var/log/auth.log|success|{}
2025-03-20T14:23:04Z|6002|READ|/etc/hosts|success|{}
2025-03-20T14:23:11Z|3|WRITE|/tmp/backdoor.bin|success|{"suspicious": true, "sequence": 1011}
2025-03-20T14:23:28Z|4020|DELETE|/tmp/backdoor.bin|success|{}
2025-03-20T14:23:30Z|6007|DELETE|/etc/shadow|success|{}
2025-03-20T14:23:49Z|9202|RENAME|/var/www/.shell.php|success|{}
2025-03-20T14:24:00Z|9003|READ|/var/log/syslog|success|{}
2025-03-20T14:24:20Z|9003|RENAME|/tmp/test.txt|success|{}
2025-03-20T14:24:23Z|1015|RENAME|/dev/shm/.malware|success|{}
2025-03-20T14:24:49Z|5012|RENAME|/tmp/test.txt|failure|{}
2025-03-20T14:25:18Z|5007|WRITE|/etc/hosts|success|{"size": 201811}
2025-03-20T14:25:27Z|6007|RENAME|/var/www/.shell.php|success|{}
2025-03-20T14:25:45Z|9104|RENAME|/tmp/.hidden_script|failure|{}
2025-03-20T14:25:56Z|9202|READ|/var/log/syslog|success|{}
2025-03-20T14:25:59Z|1018|READ|/home/user/.ssh/id_rsa|success|{}
2025-03-20T14:26:11Z|5013|RENAME|/etc/passwd|success|{}
2025-03-20T14:26:41Z|1010|ATTRIBUTE|/tmp/backdoor.bin|success|{}
2025-03-20T14:27:08Z|9003|EXECUTE|/etc/passwd|success|{}
2025-03-20T14:27:16Z|1019|WRITE|/etc/hosts|failure|{"size": 936393}
2025-03-20T14:27:43Z|5014|EXECUTE|/var/log/auth.log|success|{}
2025-03-20T14:28:10Z|6005|RENAME|/etc/hosts|failure|{}
2025-03-20T14:28:28Z|1012|WRITE|/tmp/test.txt|success|{"size": 493185}
2025-03-20T14:28:35Z|6008|DELETE|/home/user/.ssh/id_rsa|success|{}
2025-03-20T14:29:00Z|9004|READ|/tmp/.hidden_script|success|{"suspicious": true, "sequence": 1032}
2025-03-20T14:29:19Z|3|WRITE|/var/www/.shell.php|success|{"suspicious": true, "sequence": 1033}
2025-03-20T14:29:39Z|6001|ATTRIBUTE|/tmp/backdoor.bin|success|{}
2025-03-20T14:29:57Z|7003|DELETE|/var/log/auth.log|success|{}
2025-03-20T14:29:58Z|4|RENAME|/etc/hosts|success|{}
2025-03-20T14:30:28Z|5007|DELETE|/var/www/.shell.php|success|{}
2025-03-20T14:30:58Z|6004|WRITE|/etc/hosts|success|{"size": 382987}
2025-03-20T14:31:26Z|9002|ATTRIBUTE|/etc/passwd|success|{}
2025-03-20T14:31:29Z|9002|EXECUTE|/var/www/.shell.php|success|{}
2025-03-20T14:31:46Z|5007|EXECUTE|/var/www/.shell.php|success|{}
2025-03-20T14:31:54Z|7004|READ|/home/user/documents/report.doc|success|{}
2025-03-20T14:32:20Z|9003|WRITE|/dev/shm/.malware|success|{"suspicious": true, "sequence": 1043}
2025-03-20T14:32:42Z|3|DELETE|/dev/shm/.malware|success|{}
2025-03-20T14:33:03Z|6004|READ|/dev/shm/.malware|success|{"suspicious": true, "sequence": 1045}
2025-03-20T14:33:14Z|9004|EXECUTE|/var/log/syslog|success|{}
2025-03-20T14:33:27Z|5009|READ|/var/log/syslog|success|{}
2025-03-20T14:33:52Z|6007|WRITE|/var/www/.shell.php|failure|{"suspicious": true, "sequence": 1048}
2025-03-20T14:34:06Z|7002|EXECUTE|/home/user/.ssh/id_rsa|success|{}
2025-03-20T14:34:22Z|5002|DELETE|/dev/shm/.malware|success|{}
2025-03-20T14:34:46Z|9102|READ|/var/log/auth.log|success|{}
2025-03-20T14:35:03Z|1012|EXECUTE|/tmp/test.txt|success|{}
2025-03-20T14:35:06Z|9204|DELETE|/etc/passwd|success|{}
2025-03-20T14:35:21Z|9100|WRITE|/etc/shadow|success|{"size": 1003519}
2025-03-20T14:35:30Z|1002|DELETE|/etc/shadow|success|{}
2025-03-20T14:35:40Z|1014|EXECUTE|/home/user/.ssh/id_rsa|success|{}
2025-03-20T14:36:10Z|9003|READ|/var/log/auth.log|success|{}
2025-03-20T14:36:32Z|9103|RENAME|/tmp/backdoor.bin|success|{}
2025-03-20T14:36:43Z|4|WRITE|/etc/cron.d/.hack|success|{"suspicious": true, "sequence": 1059}
2025-03-20T14:36:49Z|7003|RENAME|/tmp/test.txt|success|{}
2025-03-20T14:37:19Z|5011|ATTRIBUTE|/tmp/.hidden_script|success|{}
2025-03-20T14:37:22Z|6009|ATTRIBUTE|/tmp/.hidden_script|success|{}
2025-03-20T14:37:27Z|9200|WRITE|/tmp/backdoor.bin|success|{"suspicious": true, "sequence": 1063}
2025-03-20T14:37:30Z|7001|RENAME|/var/log/syslog|success|{}
2025-03-20T14:37:41Z|9004|READ|/tmp/.hidden_script|success|{"suspicious": true, "sequence": 1065}
2025-03-20T14:38:09Z|7001|EXECUTE|/dev/shm/.malware|success|{}
2025-03-20T14:38:23Z|4022|EXECUTE|/tmp/backdoor.bin|success|{}
2025-03-20T14:38:26Z|4007|WRITE|/etc/cron.d/.hack|success|{"suspicious": true, "sequence": 1068}
2025-03-20T14:38:35Z|9000|READ|/home/user/.ssh/id_rsa|success|{}
2025-03-20T14:38:49Z|5004|WRITE|/tmp/.hidden_script|success|{"suspicious": true, "sequence": 1070}
2025-03-20T14:39:04Z|1003|DELETE|/tmp/test.txt|success|{}
2025-03-20T14:39:07Z|9001|EXECUTE|/dev/shm/.malware|success|{}
2025-03-20T14:39:22Z|9204|ATTRIBUTE|/etc/shadow|success|{}
2025-03-20T14:39:40Z|5013|RENAME|/etc/cron.d/.hack|success|{}
2025-03-20T14:39:51Z|9004|WRITE|/var/log/auth.log|success|{"size": 106013}
2025-03-20T14:39:53Z|9200|EXECUTE|/home/user/documents/report.doc|success|{}
2025-03-20T14:40:07Z|9202|READ|/dev/shm/.malware|failure|{"suspicious": true, "sequence": 1077}
2025-03-20T14:40:21Z|7004|RENAME|/tmp/backdoor.bin|success|{}
2025-03-20T14:40:37Z|9003|DELETE|/home/user/documents/report.doc|success|{}
2025-03-20T14:40:46Z|5|WRITE|/var/log/auth.log|success|{"size": 877313}
2025-03-20T14:41:10Z|9001|WRITE|/etc/passwd|success|{"size": 762318}
2025-03-20T14:41:12Z|1|RENAME|/etc/hosts|success|{}
2025-03-20T14:41:31Z|3|READ|/etc/passwd|success|{}
2025-03-20T14:41:54Z|4027|ATTRIBUTE|/home/user/documents/report.doc|success|{}
2025-03-20T14:42:06Z|4022|EXECUTE|/var/log/auth.log|failure|{}
2025-03-20T14:42:18Z|9001|WRITE|/etc/passwd|success|{"size": 897261}
2025-03-20T14:42:43Z|1003|READ|/tmp/backdoor.bin|success|{"suspicious": true, "sequence": 1087}
2025-03-20T14:42:53Z|6003|WRITE|/var/log/syslog|success|{"size": 25548}
2025-03-20T14:43:06Z|5003|READ|/home/user/.ssh/id_rsa|success|{}
2025-03-20T14:43:19Z|9000|WRITE|/etc/cron.d/.hack|success|{"suspicious": true, "sequence": 1090}
2025-03-20T14:43:25Z|9200|RENAME|/dev/shm/.malware|success|{}
2025-03-20T14:43:35Z|9000|RENAME|/var/log/auth.log|failure|{}
2025-03-20T14:44:02Z|7004|READ|/etc/cron.d/.hack|success|{"suspicious": true, "sequence": 1093}
2025-03-20T14:44:10Z|4005|WRITE|/var/log/syslog|success|{"size": 243668}
2025-03-20T14:44:13Z|3|WRITE|/etc/shadow|success|{"size": 779781}
2025-03-20T14:44:30Z|6002|RENAME|/var/www/.shell.php|success|{}
2025-03-20T14:44:56Z|9103|ATTRIBUTE|/etc/passwd|success|{}
2025-03-20T14:45:09Z|9101|EXECUTE|/home/user/documents/report.doc|success|{}
2025-03-20T14:45:20Z|4011|RENAME|/tmp/backdoor.bin|success|{}
2025-03-20T14:45:23Z|9002|READ|/tmp/test.txt|success|{}
2025-03-20T14:45:26Z|6007|DELETE|/var/log/syslog|success|{}
2025-03-20T14:45:37Z|9000|DELETE|/home/user/documents/report.doc|success|{}
2025-03-20T14:45:39Z|5003|DELETE|/var/log/syslog|success|{}
2025-03-20T14:45:41Z|9203|READ|/etc/shadow|success|{}
2025-03-20T14:46:09Z|7002|READ|/etc/shadow|success|{}
2025-03-20T14:46:28Z|7001|WRITE|/tmp/.hidden_script|success|{"suspicious": true, "sequence": 1106}
2025-03-20T14:46:49Z|9100|WRITE|/etc/passwd|success|{"size": 90348}
2025-03-20T14:47:15Z|4026|RENAME|/var/log/syslog|success|{}
2025-03-20T14:47:29Z|6002|EXECUTE|/etc/passwd|success|{}
2025-03-20T14:47:41Z|9102|READ|/var/log/syslog|success|{}
2025-03-20T14:47:47Z|1014|EXECUTE|/tmp/backdoor.bin|success|{}
2025-03-20T14:48:16Z|5007|RENAME|/etc/hosts|success|{}
2025-03-20T14:48:43Z|9003|READ|/etc/cron.d/.hack|success|{"suspicious": true, "sequence": 1113}
2025-03-20T14:49:09Z|4013|DELETE|/tmp/.hidden_script|success|{}
2025-03-20T14:49:35Z|4|DELETE|/tmp/backdoor.bin|success|{}
2025-03-20T14:49:56Z|5008|READ|/etc/passwd|success|{}
2025-03-20T14:50:07Z|9003|WRITE|/etc/hosts|success|{"size": 694308}
2025-03-20T14:50:16Z|7002|DELETE|/dev/shm/.malware|success|{}
2025-03-20T14:50:19Z|5006|ATTRIBUTE|/tmp/.hidden_script|success|{}
2025-03-20T14:50:31Z|2|READ|/var/www/.shell.php|success|{"suspicious": true, "sequence": 1120}
2025-03-20T14:50:56Z|5011|DELETE|/tmp/test.txt|success|{}
2025-03-20T14:51:00Z|9100|RENAME|/var/www/.shell.php|success|{}
2025-03-20T14:51:12Z|9103|READ|/etc/passwd|success|{}
2025-03-20T14:51:25Z|5|WRITE|/home/user/.ssh/id_rsa|success|{"size": 129390}
2025-03-20T14:51:29Z|9200|DELETE|/var/www/.shell.php|success|{}
2025-03-20T14:51:43Z|7003|RENAME|/home/user/.ssh/id_rsa|success|{}
2025-03-20T14:52:09Z|1012|WRITE|/etc/hosts|success|{"size": 300823}
2025-03-20T14:52:20Z|1|RENAME|/home/user/.ssh/id_rsa|success|{}
2025-03-20T14:52:28Z|6000|DELETE|/etc/cron.d/.hack|success|{}
2025-03-20T14:52:50Z|4002|DELETE|/tmp/backdoor.bin|success|{}
2025-03-20T14:53:08Z|5|DELETE|/etc/cron.d/.hack|success|{}
2025-03-20T14:53:21Z|9002|EXECUTE|/etc/passwd|success|{}
2025-03-20T14:53:47Z|6007|WRITE|/var/www/.shell.php|success|{"suspicious": true, "sequence": 1133}
2025-03-20T14:54:17Z|3|EXECUTE|/etc/passwd|success|{}
2025-03-20T14:54:25Z|1012|READ|/etc/cron.d/.hack|failure|{"suspicious": true, "sequence": 1135}
2025-03-20T14:54:55Z|9203|RENAME|/etc/cron.d/.hack|success|{}
2025-03-20T14:55:05Z|5006|RENAME|/etc/hosts|success|{}
2025-03-20T14:55:13Z|5|EXECUTE|/home/user/.ssh/id_rsa|success|{}
2025-03-20T14:55:40Z|6003|DELETE|/tmp/.hidden_script|success|{}
2025-03-20T14:55:50Z|9004|ATTRIBUTE|/tmp/backdoor.bin|success|{}
2025-03-20T14:56:03Z|5009|ATTRIBUTE|/tmp/backdoor.bin|success|{}
2025-03-20T14:56:28Z|4022|READ|/etc/passwd|success|{}
2025-03-20T14:56:58Z|4011|RENAME|/etc/cron.d/.hack|success|{}
2025-03-20T14:57:09Z|9004|RENAME|/etc/cron.d/.hack|success|{}
2025-03-20T14:57:23Z|4018|DELETE|/home/user/documents/report.doc|success|{}
2025-03-20T14:57:32Z|5001|EXECUTE|/etc/shadow|success|{}
2025-03-20T14:57:57Z|4022|EXECUTE|/var/log/syslog|success|{}
2025-03-20T14:58:18Z|9201|EXECUTE|/etc/passwd|success|{}
2025-03-20T14:58:33Z|6001|WRITE|/var/www/.shell.php|success|{"suspicious": true, "sequence": 1149}
2025-03-20T14:59:03Z|9104|DELETE|/etc/cron.d/.hack|success|{}
2025-03-20T14:59:29Z|9103|READ|/var/log/auth.log|success|{}
2025-03-20T14:59:59Z|4026|READ|/tmp/backdoor.bin|success|{"suspicious": true, "sequence": 1152}
2025-03-20T15:00:21Z|9002|ATTRIBUTE|/home/user/documents/report.doc|success|{}
2025-03-20T15:00:26Z|9204|EXECUTE|/tmp/backdoor.bin|success|{}
2025-03-20T15:00:47Z|7000|READ|/etc/shadow|success|{}
2025-03-20T15:00:57Z|9201|ATTRIBUTE|/etc/passwd|success|{}
2025-03-20T15:01:07Z|6004|READ|/var/log/auth.log|failure|{}
2025-03-20T15:01:14Z|9001|DELETE|/tmp/test.txt|success|{}
2025-03-20T15:01:35Z|9202|RENAME|/etc/hosts|success|{}
2025-03-20T15:01:36Z|5003|WRITE|/etc/cron.d/.hack|success|{"suspicious": true, "sequence": 1160}
2025-03-20T15:02:02Z|9002|READ|/var/www/.shell.php|success|{"suspicious": true, "sequence": 1161}
2025-03-20T15:02:14Z|7001|DELETE|/home/user/.ssh/id_rsa|success|{}
2025-03-20T15:02:32Z|9100|ATTRIBUTE|/etc/shadow|success|{}
2025-03-20T15:02:45Z|5008|READ|/tmp/.hidden_script|success|{"suspicious": true, "sequence": 1164}
2025-03-20T15:03:05Z|9104|EXECUTE|/var/log/auth.log|success|{}
2025-03-20T15:03:32Z|7001|ATTRIBUTE|/var/log/auth.log|success|{}
2025-03-20T15:03:35Z|4011|ATTRIBUTE|/etc/hosts|failure|{}
2025-03-20T15:03:36Z|6004|WRITE|/etc/passwd|failure|{"size": 821685}
2025-03-20T15:03:54Z|4019|DELETE|/var/www/.shell.php|failure|{}
2025-03-20T15:04:01Z|4007|DELETE|/home/user/documents/report.doc|success|{}
2025-03-20T15:04:20Z|9101|WRITE|/etc/shadow|success|{"size": 149718}
2025-03-20T15:04:43Z|4022|READ|/dev/shm/.malware|success|{"suspicious": true, "sequence": 1172}
2025-03-20T15:05:11Z|7000|DELETE|/tmp/.hidden_script|success|{}
2025-03-20T15:05:30Z|9203|READ|/home/user/.ssh/id_rsa|success|{}
2025-03-20T15:05:50Z|6009|READ|/tmp/backdoor.bin|success|{"suspicious": true, "sequence": 1175}
2025-03-20T15:05:55Z|5014|DELETE|/var/log/syslog|success|{}
2025-03-20T15:06:16Z|1015|READ|/home/user/.ssh/id_rsa|failure|{}
2025-03-20T15:06:36Z|4016|ATTRIBUTE|/etc/passwd|failure|{}
2025-03-20T15:06:43Z|6008|DELETE|/tmp/test.txt|success|{}
2025-03-20T15:06:51Z|9203|RENAME|/var/log/auth.log|success|{}
2025-03-20T15:07:15Z|9001|RENAME|/etc/cron.d/.hack|success|{}
2025-03-20T15:07:30Z|1001|DELETE|/var/log/auth.log|success|{}
2025-03-20T15:07:40Z|1|ATTRIBUTE|/var/log/auth.log|success|{}
2025-03-20T15:07:58Z|1018|WRITE|/var/log/syslog|success|{"size": 955626}
2025-03-20T15:08:17Z|9200|DELETE|/tmp/.hidden_script|success|{}
2025-03-20T15:08:41Z|1010|READ|/tmp/backdoor.bin|success|{"suspicious": true, "sequence": 1186}
2025-03-20T15:08:58Z|6000|EXECUTE|/dev/shm/.malware|success|{}
2025-03-20T15:09:27Z|6004|WRITE|/tmp/.hidden_script|success|{"suspicious": true, "sequence": 1188}
2025-03-20T15:09:42Z|9202|RENAME|/home/user/.ssh/id_rsa|success|{}
2025-03-20T15:09:47Z|9003|EXECUTE|/etc/cron.d/.hack|success|{}
2025-03-20T15:10:10Z|9100|EXECUTE|/tmp/.hidden_script|success|{}
2025-03-20T15:10:27Z|4011|EXECUTE|/tmp/test.txt|success|{}
2025-03-20T15:10:45Z|9101|EXECUTE|/etc/cron.d/.hack|success|{}
2025-03-20T15:11:07Z|9201|DELETE|/tmp/test.txt|success|{}
2025-03-20T15:11:32Z|9201|ATTRIBUTE|/tmp/test.txt|success|{}
2025-03-20T15:12:02Z|9203|EXECUTE|/var/log/auth.log|failure|{}
2025-03-20T15:12:12Z|9201|READ|/etc/shadow|success|{}
2025-03-20T15:12:22Z|6005|WRITE|/tmp/backdoor.bin|success|{"suspicious": true, "sequence": 1198}
2025-03-20T15:12:24Z|7000|ATTRIBUTE|/home/user/.ssh/id_rsa|success|{}
2025-03-20T15:12:33Z|9103|WRITE|/etc/hosts|success|{"size": 455257}
2025-03-20T15:12:38Z|4028|WRITE|/dev/shm/.malware|success|{"suspicious": true, "sequence": 1201}
2025-03-20T15:12:54Z|9000|ATTRIBUTE|/dev/shm/.malware|success|{}
2025-03-20T15:13:09Z|9100|DELETE|/var/log/auth.log|failure|{}
2025-03-20T15:13:27Z|9100|DELETE|/etc/hosts|success|{}
2025-03-20T15:13:52Z|1013|READ|/var/log/auth.log|success|{}
2025-03-20T15:14:12Z|1|ATTRIBUTE|/home/user/documents/report.doc|success|{}
2025-03-20T15:14:24Z|1013|WRITE|/home/user/documents/report.doc|success|{"size": 959177}
2025-03-20T15:14:52Z|9202|RENAME|/tmp/backdoor.bin|success|{}
2025-03-20T15:15:18Z|6004|EXECUTE|/tmp/backdoor.bin|success|{}
2025-03-20T15:15:35Z|1017|EXECUTE|/dev/shm/.malware|success|{}
2025-03-20T15:15:39Z|4001|EXECUTE|/var/www/.shell.php|success|{}
2025-03-20T15:16:02Z|5007|RENAME|/etc/hosts|success|{}
2025-03-20T15:16:11Z|4007|ATTRIBUTE|/tmp/test.txt|success|{}
2025-03-20T15:16:36Z|9201|WRITE|/etc/passwd|failure|{"size": 335726}
2025-03-20T15:16:38Z|9201|DELETE|/etc/hosts|success|{}
2025-03-20T15:16:44Z|5011|DELETE|/tmp/test.txt|success|{}
2025-03-20T15:17:09Z|9103|READ|/var/log/auth.log|success|{}
2025-03-20T15:17:30Z|1006|DELETE|/dev/shm/.malware|success|{}
2025-03-20T15:17:44Z|9200|RENAME|/home/user/.ssh/id_rsa|success|{}
2025-03-20T15:17:49Z|1001|RENAME|/home/user/.ssh/id_rsa|failure|{}
2025-03-20T15:18:18Z|7001|READ|/var/log/auth.log|success|{}
2025-03-20T15:18:30Z|4020|READ|/tmp/backdoor.bin|success|{"suspicious": true, "sequence": 1222}
2025-03-20T15:18:43Z|9202|ATTRIBUTE|/tmp/backdoor.bin|success|{}
2025-03-20T15:18:59Z|1005|DELETE|/etc/cron.d/.hack|success|{}
2025-03-20T15:19:26Z|9101|RENAME|/dev/shm/.malware|success|{}
2025-03-20T15:19:40Z|4013|READ|/home/user/documents/report.doc|failure|{}
2025-03-20T15:19:55Z|9004|DELETE|/etc/hosts|success|{}
2025-03-20T15:20:20Z|6000|DELETE|/var/www/.shell.php|success|{}
2025-03-20T15:20:23Z|5001|EXECUTE|/etc/hosts|success|{}
2025-03-20T15:20:37Z|5004|ATTRIBUTE|/tmp/backdoor.bin|success|{}
2025-03-20T15:20:51Z|5014|ATTRIBUTE|/etc/hosts|failure|{}
2025-03-20T15:21:00Z|9004|DELETE|/tmp/.hidden_script|success|{}
2025-03-20T15:21:22Z|7004|DELETE|/dev/shm/.malware|success|{}
2025-03-20T15:21:29Z|4001|ATTRIBUTE|/var/www/.shell.php|failure|{}
2025-03-20T15:21:57Z|9000|WRITE|/tmp/backdoor.bin|failure|{"suspicious": true, "sequence": 1235}
2025-03-20T15:22:20Z|1005|READ|/var/log/auth.log|success|{}
2025-03-20T15:22:33Z|9201|RENAME|/var/log/syslog|success|{}
2025-03-20T15:22:37Z|1005|RENAME|/tmp/backdoor.bin|success|{}
2025-03-20T15:22:52Z|4016|READ|/dev/shm/.malware|success|{"suspicious": true, "sequence": 1239}
2025-03-20T15:23:20Z|1|EXECUTE|/home/user/documents/report.doc|success|{}
2025-03-20T15:23:35Z|9204|WRITE|/dev/shm/.malware|success|{"suspicious": true, "sequence": 1241}
2025-03-20T15:23:54Z|4|RENAME|/etc/hosts|success|{}
2025-03-20T15:24:08Z|5|EXECUTE|/home/user/documents/report.doc|success|{}
2025-03-20T15:24:30Z|9203|READ|/home/user/documents/report.doc|success|{}
2025-03-20T15:24:47Z|1012|ATTRIBUTE|/etc/shadow|success|{}
2025-03-20T15:24:55Z|1005|READ|/etc/passwd|success|{}
2025-03-20T15:25:03Z|9100|ATTRIBUTE|/etc/hosts|success|{}
2025-03-20T15:25:26Z|6004|RENAME|/home/user/documents/report.doc|success|{}
2025-03-20T15:25:55Z|4|RENAME|/tmp/test.txt|success|{}
2025-03-20T15:26:12Z|1008|EXECUTE|/etc/shadow|success|{}
2025-03-20T15:26:24Z|4000|EXECUTE|/tmp/.hidden_script|success|{}
2025-03-20T15:26:42Z|7004|RENAME|/etc/passwd|success|{}
2025-03-20T15:26:44Z|9001|EXECUTE|/home/user/.ssh/id_rsa|success|{}
2025-03-20T15:26:54Z|4021|EXECUTE|/etc/passwd|success|{}
2025-03-20T15:27:07Z|4|ATTRIBUTE|/tmp/.hidden_script|success|{}
2025-03-20T15:27:17Z|5001|RENAME|/etc/hosts|success|{}
2025-03-20T15:27:43Z|9101|ATTRIBUTE|/etc/shadow|success|{}
2025-03-20T15:27:50Z|4000|ATTRIBUTE|/etc/hosts|success|{}
2025-03-20T15:28:19Z|1|DELETE|/etc/passwd|success|{}
2025-03-20T15:28:47Z|5007|EXECUTE|/etc/shadow|failure|{}
2025-03-20T15:29:00Z|6005|ATTRIBUTE|/var/log/auth.log|success|{}
2025-03-20T15:29:16Z|9101|READ|/var/log/auth.log|success|{}
2025-03-20T15:29:44Z|9000|ATTRIBUTE|/etc/passwd|success|{}
2025-03-20T15:29:52Z|5014|DELETE|/etc/hosts|success|{}
2025-03-20T15:30:03Z|9101|READ|/dev/shm/.malware|success|{"suspicious": true, "sequence": 1265}
2025-03-20T15:30:12Z|1009|READ|/home/user/documents/report.doc|success|{}
2025-03-20T15:30:20Z|4026|WRITE|/home/user/documents/report.doc|success|{"size": 240577}
2025-03-20T15:30:42Z|9104|WRITE|/home/user/documents/report.doc|success|{"size": 287596}
2025-03-20T15:30:46Z|1014|READ|/var/log/syslog|success|{}
2025-03-20T15:31:08Z|1016|ATTRIBUTE|/tmp/backdoor.bin|success|{}
2025-03-20T15:31:33Z|9203|DELETE|/tmp/.hidden_script|success|{}
2025-03-20T15:31:46Z|7001|READ|/home/user/documents/report.doc|success|{}
2025-03-20T15:31:57Z|5007|EXECUTE|/var/www/.shell.php|success|{}
2025-03-20T15:32:07Z|7004|RENAME|/tmp/backdoor.bin|success|{}
2025-03-20T15:32:14Z|9001|EXECUTE|/var/log/syslog|success|{}
2025-03-20T15:32:36Z|1010|ATTRIBUTE|/etc/shadow|success|{}
2025-03-20T15:32:39Z|9102|READ|/home/user/.ssh/id_rsa|success|{}
2025-03-20T15:32:55Z|5008|RENAME|/dev/shm/.malware|success|{}
2025-03-20T15:32:57Z|1013|DELETE|/home/user/documents/report.doc|success|{}
2025-03-20T15:33:22Z|6004|READ|/tmp/test.txt|success|{}
2025-03-20T15:33:43Z|5012|DELETE|/home/user/.ssh/id_rsa|success|{}
2025-03-20T15:33:44Z|5001|ATTRIBUTE|/dev/shm/.malware|success|{}
2025-03-20T15:33:53Z|5014|RENAME|/tmp/.hidden_script|success|{}
2025-03-20T15:34:20Z|7002|DELETE|/tmp/.hidden_script|success|{}
2025-03-20T15:34:43Z|9204|RENAME|/tmp/.hidden_script|success|{}
2025-03-20T15:35:13Z|9203|WRITE|/home/user/documents/report.doc|success|{"size": 666832}
2025-03-20T15:35:19Z|9201|ATTRIBUTE|/var/log/syslog|success|{}
2025-03-20T15:35:45Z|7000|WRITE|/etc/cron.d/.hack|success|{"suspicious": true, "sequence": 1288}
2025-03-20T15:36:03Z|5011|ATTRIBUTE|/home/user/.ssh/id_rsa|success|{}
2025-03-20T15:36:14Z|2|RENAME|/var/log/auth.log|success|{}
2025-03-20T15:36:20Z|4024|READ|/tmp/.hidden_script|success|{"suspicious": true, "sequence": 1291}
2025-03-20T15:36:32Z|4025|READ|/etc/passwd|success|{}
2025-03-20T15:36:38Z|9100|ATTRIBUTE|/tmp/test.txt|success|{}
2025-03-20T15:36:41Z|1001|WRITE|/home/user/.ssh/id_rsa|success|{"size": 850770}
2025-03-20T15:37:02Z|4002|ATTRIBUTE|/home/user/.ssh/id_rsa|success|{}
2025-03-20T15:37:23Z|5005|RENAME|/etc/cron.d/.hack|success|{}
2025-03-20T15:37:34Z|6001|DELETE|/home/user/.ssh/id_rsa|success|{}
2025-03-20T15:37:39Z|6001|DELETE|/etc/hosts|success|{}
2025-03-20T15:38:04Z|1|READ|/etc/hosts|success|{}
2025-03-20T15:38:18Z|1002|DELETE|/etc/shadow|success|{}
2025-03-20T15:38:46Z|2|ATTRIBUTE|/tmp/test.txt|success|{}
2025-03-20T15:39:06Z|9003|DELETE|/dev/shm/.malware|success|{}
2025-03-20T15:39:31Z|9000|WRITE|/tmp/.hidden_script|success|{"suspicious": true, "sequence": 1303}
2025-03-20T15:39:41Z|6002|DELETE|/etc/shadow|success|{}
2025-03-20T15:39:47Z|4019|ATTRIBUTE|/etc/cron.d/.hack|success|{}
2025-03-20T15:40:00Z|7003|READ|/home/user/.ssh/id_rsa|success|{}
2025-03-20T15:40:18Z|7003|DELETE|/tmp/backdoor.bin|failure|{}
2025-03-20T15:40:37Z|6005|RENAME|/etc/cron.d/.hack|success|{}
2025-03-20T15:40:56Z|5005|RENAME|/etc/passwd|success|{}
2025-03-20T15:41:07Z|9203|EXECUTE|/var/www/.shell.php|success|{}
2025-03-20T15:41:13Z|1015|EXECUTE|/tmp/test.txt|failure|{}
2025-03-20T15:41:42Z|7002|WRITE|/etc/hosts|success|{"size": 377832}
2025-03-20T15:42:07Z|4005|RENAME|/var/log/auth.log|success|{}
2025-03-20T15:42:19Z|9100|DELETE|/dev/shm/.malware|success|{}
2025-03-20T15:42:44Z|9100|RENAME|/etc/passwd|success|{}
2025-03-20T15:43:14Z|6002|READ|/var/log/syslog|success|{}
2025-03-20T15:43:15Z|9202|ATTRIBUTE|/home/user/.ssh/id_rsa|failure|{}
2025-03-20T15:43:33Z|6008|WRITE|/etc/hosts|failure|{"size": 977569}
2025-03-20T15:43:43Z|5014|ATTRIBUTE|/var/www/.shell.php|failure|{}
2025-03-20T15:43:54Z|5014|ATTRIBUTE|/var/www/.shell.php|failure|{}
2025-03-20T15:43:56Z|9202|ATTRIBUTE|/home/user/documents/report.doc|success|{}
2025-03-20T15:44:00Z|7003|ATTRIBUTE|/home/user/.ssh/id_rsa|success|{}
2025-03-20T15:44:17Z|9002|WRITE|/dev/shm/.malware|success|{"suspicious": true, "sequence": 1323}
2025-03-20T15:44:22Z|9102|RENAME|/tmp/backdoor.bin|success|{}
2025-03-20T15:44:43Z|9201|RENAME|/etc/cron.d/.hack|success|{}
2025-03-20T15:44:57Z|5013|READ|/etc/hosts|success|{}
2025-03-20T15:44:58Z|6009|ATTRIBUTE|/tmp/.hidden_script|success|{}
2025-03-20T15:45:10Z|5|RENAME|/tmp/backdoor.bin|success|{}
2025-03-20T15:45:27Z|4|ATTRIBUTE|/etc/shadow|success|{}
2025-03-20T15:45:36Z|9101|EXECUTE|/tmp/test.txt|success|{}
2025-03-20T15:45:44Z|5|WRITE|/etc/shadow|failure|{"size": 1027247}
2025-03-20T15:45:47Z|4025|EXECUTE|/tmp/test.txt|success|{}
2025-03-20T15:45:48Z|9003|RENAME|/var/www/.shell.php|success|{}
2025-03-20T15:46:13Z|9203|READ|/etc/cron.d/.hack|success|{"suspicious": true, "sequence": 1334}
2025-03-20T15:46:14Z|9104|WRITE|/tmp/.hidden_script|success|{"suspicious": true, "sequence": 1335}
2025-03-20T15:46:31Z|1013|RENAME|/var/log/syslog|success|{}
2025-03-20T15:46:37Z|9200|READ|/etc/hosts|success|{}
2025-03-20T15:46:43Z|6004|EXECUTE|/tmp/.hidden_script|success|{}
2025-03-20T15:47:11Z|9201|DELETE|/etc/cron.d/.hack|success|{}
2025-03-20T15:47:12Z|5004|EXECUTE|/etc/hosts|success|{}
2025-03-20T15:47:17Z|9201|EXECUTE|/var/log/auth.log|success|{}
2025-03-20T15:47:42Z|7001|RENAME|/tmp/backdoor.bin|success|{}
2025-03-20T15:47:52Z|9103|READ|/dev/shm/.malware|success|{"suspicious": true, "sequence": 1343}
2025-03-20T15:48:19Z|9001|DELETE|/var/log/syslog|success|{}
2025-03-20T15:48:37Z|6005|ATTRIBUTE|/tmp/.hidden_script|success|{}
2025-03-20T15:48:44Z|3|WRITE|/var/log/auth.log|success|{"size": 620680}
2025-03-20T15:49:10Z|7001|EXECUTE|/var/log/syslog|success|{}
2025-03-20T15:49:13Z|1014|EXECUTE|/etc/cron.d/.hack|success|{}
2025-03-20T15:49:18Z|9001|RENAME|/etc/passwd|success|{}
2025-03-20T15:49:34Z|9003|WRITE|/home/user/documents/report.doc|success|{"size": 480830}
2025-03-20T15:50:04Z|9203|ATTRIBUTE|/var/log/auth.log|success|{}
2025-03-20T15:50:06Z|9204|EXECUTE|/etc/cron.d/.hack|success|{}
2025-03-20T15:50:09Z|1007|EXECUTE|/var/log/auth.log|success|{}
2025-03-20T15:50:19Z|6003|READ|/etc/passwd|success|{}
2025-03-20T15:50:49Z|2|ATTRIBUTE|/home/user/.ssh/id_rsa|success|{}
2025-03-20T15:51:08Z|7000|DELETE|/etc/cron.d/.hack|success|{}
2025-03-20T15:51:29Z|1012|EXECUTE|/home/user/documents/report.doc|success|{}
2025-03-20T15:51:41Z|1002|DELETE|/home/user/.ssh/id_rsa|success|{}
2025-03-20T15:51:46Z|9004|WRITE|/tmp/test.txt|success|{"size": 93225}
2025-03-20T15:52:05Z|5009|WRITE|/var/www/.shell.php|success|{"suspicious": true, "sequence": 1360}
2025-03-20T15:52:32Z|5005|WRITE|/tmp/test.txt|success|{"size": 163171}
2025-03-20T15:52:50Z|9102|EXECUTE|/etc/shadow|success|{}
2025-03-20T15:52:53Z|1|READ|/var/log/auth.log|failure|{}
2025-03-20T15:53:19Z|9202|DELETE|/var/www/.shell.php|success|{}
2025-03-20T15:53:31Z|1|EXECUTE|/etc/hosts|success|{}
2025-03-20T15:53:57Z|9002|RENAME|/etc/shadow|success|{}
2025-03-20T15:54:16Z|4|WRITE|/tmp/backdoor.bin|success|{"suspicious": true, "sequence": 1367}
2025-03-20T15:54:28Z|5013|ATTRIBUTE|/etc/passwd|success|{}
2025-03-20T15:54:41Z|2|ATTRIBUTE|/home/user/documents/report.doc|success|{}
2025-03-20T15:54:55Z|9104|READ|/home/user/documents/report.doc|success|{}
2025-03-20T15:55:24Z|3|READ|/var/www/.shell.php|failure|{"suspicious": true, "sequence": 1371}
2025-03-20T15:55:45Z|6002|DELETE|/tmp/test.txt|success|{}
2025-03-20T15:56:01Z|7002|EXECUTE|/etc/shadow|success|{}
2025-03-20T15:56:08Z|7000|EXECUTE|/etc/passwd|success|{}
2025-03-20T15:56:13Z|9102|WRITE|/etc/cron.d/.hack|success|{"suspicious": true, "sequence": 1375}
2025-03-20T15:56:43Z|5013|READ|/var/log/syslog|success|{}
2025-03-20T15:56:44Z|5|ATTRIBUTE|/dev/shm/.malware|success|{}
2025-03-20T15:57:06Z|7004|RENAME|/tmp/test.txt|success|{}
2025-03-20T15:57:10Z|1011|ATTRIBUTE|/home/user/.ssh/id_rsa|failure|{}
2025-03-20T15:57:37Z|7002|WRITE|/var/log/auth.log|success|{"size": 985579}
2025-03-20T15:57:54Z|9001|ATTRIBUTE|/tmp/test.txt|success|{}
2025-03-20T15:58:21Z|5009|WRITE|/var/www/.shell.php|success|{"suspicious": true, "sequence": 1382}
2025-03-20T15:58:45Z|9201|READ|/etc/cron.d/.hack|success|{"suspicious": true, "sequence": 1383}
2025-03-20T15:58:51Z|4005|DELETE|/etc/cron.d/.hack|success|{}
2025-03-20T15:58:58Z|9204|EXECUTE|/home/user/documents/report.doc|success|{}
2025-03-20T15:59:06Z|1002|READ|/home/user/.ssh/id_rsa|success|{}
2025-03-20T15:59:10Z|7004|READ|/var/www/.shell.php|success|{"suspicious": true, "sequence": 1387}
2025-03-20T15:59:37Z|5014|RENAME|/dev/shm/.malware|success|{}
2025-03-20T15:59:43Z|1008|WRITE|/home/user/documents/report.doc|failure|{"size": 18713}
2025-03-20T16:00:04Z|5007|EXECUTE|/tmp/.hidden_script|success|{}
2025-03-20T16:00:28Z|2|ATTRIBUTE|/etc/hosts|success|{}
2025-03-20T16:00:33Z|9104|DELETE|/home/user/.ssh/id_rsa|success|{}
2025-03-20T16:01:00Z|7003|READ|/etc/hosts|success|{}
2025-03-20T16:01:11Z|6007|WRITE|/etc/cron.d/.hack|success|{"suspicious": true, "sequence": 1394}
2025-03-20T16:01:12Z|6004|RENAME|/tmp/backdoor.bin|success|{}
2025-03-20T16:01:25Z|9002|WRITE|/etc/passwd|success|{"size": 227399}
2025-03-20T16:01:38Z|5011|DELETE|/tmp/backdoor.bin|success|{}
2025-03-20T16:02:06Z|5012|RENAME|/etc/cron.d/.hack|success|{}
2025-03-20T16:02:07Z|6004|DELETE|/tmp/.hidden_script|success|{}
2025-03-20T16:02:15Z|4|DELETE|/etc/cron.d/.hack|success|{}
2025-03-20T16:02:24Z|6006|ATTRIBUTE|/dev/shm/.malware|success|{}
2025-03-20T16:02:50Z|1|READ|/var/www/.shell.php|success|{"suspicious": true, "sequence": 1402}
2025-03-20T16:03:09Z|1019|EXECUTE|/etc/hosts|success|{}
2025-03-20T16:03:13Z|4011|RENAME|/tmp/backdoor.bin|success|{}
2025-03-20T16:03:26Z|1008|ATTRIBUTE|/dev/shm/.malware|success|{}
2025-03-20T16:03:42Z|1004|RENAME|/tmp/test.txt|failure|{}
2025-03-20T16:04:11Z|4|DELETE|/tmp/test.txt|success|{}
2025-03-20T16:04:14Z|4012|EXECUTE|/var/log/auth.log|success|{}
2025-03-20T16:04:22Z|5010|DELETE|/dev/shm/.malware|success|{}
2025-03-20T16:04:24Z|5010|RENAME|/var/www/.shell.php|success|{}
2025-03-20T16:04:45Z|7001|WRITE|/etc/cron.d/.hack|success|{"suspicious": true, "sequence": 1411}
2025-03-20T16:05:13Z|6000|RENAME|/tmp/test.txt|success|{}
2025-03-20T16:05:40Z|9000|RENAME|/tmp/backdoor.bin|success|{}
2025-03-20T16:05:50Z|9003|EXECUTE|/dev/shm/.malware|success|{}
2025-03-20T16:06:09Z|6008|WRITE|/etc/shadow|failure|{"size": 617059}
2025-03-20T16:06:25Z|7000|EXECUTE|/tmp/test.txt|success|{}
2025-03-20T16:06:39Z|4009|WRITE|/etc/cron.d/.hack|failure|{"suspicious": true, "sequence": 1417}
2025-03-20T16:06:48Z|7003|RENAME|/var/log/auth.log|success|{}
2025-03-20T16:06:53Z|9104|RENAME|/dev/shm/.malware|success|{}
2025-03-20T16:07:22Z|9101|DELETE|/var/log/syslog|success|{}
2025-03-20T16:07:47Z|4021|WRITE|/etc/cron.d/.hack|failure|{"suspicious": true, "sequence": 1421}
2025-03-20T16:08:16Z|9103|READ|/etc/hosts|success|{}
2025-03-20T16:08:22Z|9002|RENAME|/tmp/.hidden_script|failure|{}
2025-03-20T16:08:41Z|6006|ATTRIBUTE|/var/www/.shell.php|success|{}
2025-03-20T16:08:44Z|6009|WRITE|/tmp/.hidden_script|failure|{"suspicious": true, "sequence": 1425}
2025-03-20T16:09:04Z|9100|DELETE|/etc/passwd|success|{}
2025-03-20T16:09:17Z|9003|ATTRIBUTE|/tmp/backdoor.bin|success|{}
2025-03-20T16:09:19Z|1011|ATTRIBUTE|/home/user/.ssh/id_rsa|success|{}
2025-03-20T16:09:40Z|5009|EXECUTE|/etc/shadow|success|{}
2025-03-20T16:09:48Z|1004|RENAME|/tmp/.hidden_script|success|{}
2025-03-20T16:10:12Z|5008|ATTRIBUTE|/home/user/documents/report.doc|success|{}
2025-03-20T16:10:16Z|9102|EXECUTE|/var/www/.shell.php|success|{}
2025-03-20T16:10:30Z|9004|RENAME|/home/user/documents/report.doc|success|{}
2025-03-20T16:10:46Z|9203|WRITE|/var/log/syslog|success|{"size": 670603}
2025-03-20T16:10:47Z|4023|DELETE|/var/log/auth.log|success|{}
2025-03-20T16:10:59Z|9001|ATTRIBUTE|/home/user/.ssh/id_rsa|success|{}
2025-03-20T16:11:28Z|1018|WRITE|/home/user/.ssh/id_rsa|success|{"size": 1022663}
2025-03-20T16:11:53Z|7004|ATTRIBUTE|/home/user/documents/report.doc|success|{}
2025-03-20T16:12:04Z|1016|WRITE|/home/user/documents/report.doc|success|{"size": 945087}
2025-03-20T16:12:17Z|5013|WRITE|/var/log/auth.log|success|{"size": 9536}
2025-03-20T16:12:24Z|9104|RENAME|/dev/shm/.malware|success|{}
2025-03-20T16:12:51Z|6004|READ|/var/log/auth.log|success|{}
2025-03-20T16:13:19Z|7001|DELETE|/var/log/auth.log|success|{}
2025-03-20T16:13:39Z|4018|RENAME|/var/log/auth.log|success|{}
2025-03-20T16:13:56Z|9101|WRITE|/etc/shadow|success|{"size": 1026943}
2025-03-20T16:14:01Z|5004|WRITE|/dev/shm/.malware|success|{"suspicious": true, "sequence": 1446}
2025-03-20T16:14:24Z|5|EXECUTE|/etc/passwd|success|{}
2025-03-20T16:14:25Z|5|ATTRIBUTE|/etc/hosts|failure|{}
2025-03-20T16:14:45Z|4|EXECUTE|/var/log/auth.log|success|{}
2025-03-20T16:15:00Z|9104|RENAME|/tmp/backdoor.bin|success|{}
2025-03-20T16:15:26Z|4013|DELETE|/tmp/.hidden_script|failure|{}
2025-03-20T16:15:49Z|1015|RENAME|/etc/hosts|success|{}
2025-03-20T16:16:07Z|9000|EXECUTE|/etc/passwd|success|{}
2025-03-20T16:16:14Z|9100|WRITE|/tmp/test.txt|success|{"size": 339663}
2025-03-20T16:16:36Z|1001|RENAME|/etc/cron.d/.hack|success|{}
2025-03-20T16:17:04Z|9101|RENAME|/etc/passwd|success|{}
2025-03-20T16:17:05Z|7000|READ|/var/www/.shell.php|success|{"suspicious": true, "sequence": 1457}
2025-03-20T16:17:20Z|4|RENAME|/tmp/.hidden_script|success|{}
2025-03-20T16:17:45Z|1007|READ|/etc/hosts|failure|{}
2025-03-20T16:18:07Z|7002|WRITE|/var/www/.shell.php|success|{"suspicious": true, "sequence": 1460}
2025-03-20T16:18:34Z|9001|EXECUTE|/var/log/syslog|success|{}
2025-03-20T16:18:56Z|9004|RENAME|/tmp/.hidden_script|success|{}
2025-03-20T16:18:58Z|5009|DELETE|/tmp/test.txt|success|{}
2025-03-20T16:19:15Z|9201|WRITE|/etc/cron.d/.hack|success|{"suspicious": true, "sequence": 1464}
2025-03-20T16:19:26Z|9204|READ|/etc/shadow|success|{}
2025-03-20T16:19:43Z|5009|WRITE|/tmp/backdoor.bin|success|{"suspicious": true, "sequence": 1466}
2025-03-20T16:19:51Z|9204|RENAME|/home/user/documents/report.doc|success|{}
2025-03-20T16:20:07Z|9101|EXECUTE|/etc/hosts|success|{}
2025-03-20T16:20:35Z|1009|READ|/dev/shm/.malware|failure|{"suspicious": true, "sequence": 1469}
2025-03-20T16:20:52Z|9002|EXECUTE|/home/user/documents/report.doc|success|{}
2025-03-20T16:21:03Z|4003|WRITE|/tmp/test.txt|success|{"size": 176352}
2025-03-20T16:21:05Z|4028|READ|/dev/shm/.malware|success|{"suspicious": true, "sequence": 1472}
2025-03-20T16:21:08Z|9200|WRITE|/var/log/syslog|success|{"size": 130505}
2025-03-20T16:21:13Z|9200|DELETE|/home/user/documents/report.doc|success|{}
2025-03-20T16:21:28Z|9001|EXECUTE|/tmp/test.txt|success|{}
2025-03-20T16:21:35Z|2|WRITE|/tmp/test.txt|success|{"size": 833828}
2025-03-20T16:21:36Z|4010|ATTRIBUTE|/dev/shm/.malware|success|{}
2025-03-20T16:21:56Z|5013|READ|/tmp/.hidden_script|success|{"suspicious": true, "sequence": 1478}
2025-03-20T16:22:09Z|4029|DELETE|/tmp/backdoor.bin|success|{}
2025-03-20T16:22:23Z|4027|RENAME|/dev/shm/.malware|success|{}
2025-03-20T16:22:34Z|5012|WRITE|/home/user/.ssh/id_rsa|success|{"size": 412938}
2025-03-20T16:22:48Z|5|READ|/tmp/.hidden_script|success|{"suspicious": true, "sequence": 1482}
2025-03-20T16:23:02Z|7000|READ|/dev/shm/.malware|success|{"suspicious": true, "sequence": 1483}
2025-03-20T16:23:28Z|4|DELETE|/tmp/test.txt|success|{}
2025-03-20T16:23:44Z|5001|WRITE|/var/www/.shell.php|success|{"suspicious": true, "sequence": 1485}
2025-03-20T16:24:05Z|9001|WRITE|/tmp/test.txt|success|{"size": 210816}
2025-03-20T16:24:06Z|6002|DELETE|/tmp/backdoor.bin|success|{}
2025-03-20T16:24:10Z|9203|ATTRIBUTE|/etc/shadow|success|{}
2025-03-20T16:24:18Z|9202|WRITE|/etc/cron.d/.hack|success|{"suspicious": true, "sequence": 1489}
2025-03-20T16:24:34Z|5002|READ|/tmp/test.txt|success|{}
2025-03-20T16:25:00Z|1003|WRITE|/dev/shm/.malware|success|{"suspicious": true, "sequence": 1491}
2025-03-20T16:25:08Z|4014|WRITE|/etc/shadow|success|{"size": 1003049}
2025-03-20T16:25:33Z|9204|WRITE|/tmp/backdoor.bin|success|{"suspicious": true, "sequence": 1493}
2025-03-20T16:25:52Z|4008|DELETE|/var/www/.shell.php|failure|{}
2025-03-20T16:25:54Z|9001|ATTRIBUTE|/dev/shm/.malware|success|{}
2025-03-20T16:26:03Z|9000|WRITE|/tmp/.hidden_script|success|{"suspicious": true, "sequence": 1496}
2025-03-20T16:26:27Z|1001|READ|/etc/cron.d/.hack|success|{"suspicious": true, "sequence": 1497}
2025-03-20T16:26:48Z|5|WRITE|/var/www/.shell.php|success|{"suspicious": true, "sequence": 1498}
2025-03-20T16:26:53Z|5012|READ|/var/log/syslog|success|{}
2025-03-20T16:27:02Z|9001|ATTRIBUTE|/home/user/.ssh/id_rsa|success|{}
2025-03-20T16:27:09Z|7002|RENAME|/home/user/.ssh/id_rsa|success|{}
2025-03-20T16:27:18Z|9001|DELETE|/home/user/.ssh/id_rsa|success|{}
2025-03-20T16:27:34Z|9201|READ|/etc/cron.d/.hack|success|{"suspicious": true, "sequence": 1503}
2025-03-20T16:28:02Z|9202|EXECUTE|/etc/passwd|success|{}
2025-03-20T16:28:05Z|9103|ATTRIBUTE|/etc/hosts|success|{}
2025-03-20T16:28:35Z|5011|ATTRIBUTE|/var/www/.shell.php|success|{}
2025-03-20T16:28:39Z|1000|EXECUTE|/etc/cron.d/.hack|success|{}
2025-03-20T16:28:56Z|1|EXECUTE|/etc/passwd|success|{}
2025-03-20T16:29:13Z|9000|EXECUTE|/tmp/test.txt|success|{}
2025-03-20T16:29:24Z|3|DELETE|/home/user/documents/report.doc|success|{}
2025-03-20T16:29:33Z|9004|DELETE|/var/log/syslog|success|{}
2025-03-20T16:30:00Z|9002|RENAME|/var/www/.shell.php|failure|{}
2025-03-20T16:30:11Z|7000|EXECUTE|/home/user/.ssh/id_rsa|success|{}
2025-03-20T16:30:38Z|1009|WRITE|/var/log/auth.log|success|{"size": 702365}
2025-03-20T16:31:01Z|9103|WRITE|/tmp/.hidden_script|success|{"suspicious": true, "sequence": 1515}
2025-03-20T16:31:03Z|9001|READ|/etc/shadow|failure|{}
2025-03-20T16:31:18Z|9204|ATTRIBUTE|/etc/shadow|success|{}
2025-03-20T16:31:36Z|9104|DELETE|/etc/shadow|failure|{}
2025-03-20T16:31:57Z|9204|READ|/var/log/auth.log|success|{}
2025-03-20T16:32:11Z|9101|READ|/tmp/test.txt|success|{}
2025-03-20T16:32:30Z|1017|EXECUTE|/var/log/syslog|success|{}
2025-03-20T16:32:58Z|9004|WRITE|/etc/hosts|success|{"size": 209886}
2025-03-20T16:33:28Z|4025|ATTRIBUTE|/etc/cron.d/.hack|success|{}
2025-03-20T16:33:32Z|4008|DELETE|/tmp/backdoor.bin|success|{}
2025-03-20T16:33:44Z|4012|WRITE|/etc/cron.d/.hack|success|{"suspicious": true, "sequence": 1525}
2025-03-20T16:34:08Z|9002|DELETE|/dev/shm/.malware|success|{}
2025-03-20T16:34:38Z|9100|RENAME|/tmp/.hidden_script|success|{}
2025-03-20T16:35:08Z|6007|RENAME|/var/log/syslog|success|{}
2025-03-20T16:35:25Z|1016|WRITE|/etc/hosts|success|{"size": 419265}
2025-03-20T16:35:52Z|9203|RENAME|/dev/shm/.malware|success|{}
2025-03-20T16:36:01Z|1016|ATTRIBUTE|/home/user/.ssh/id_rsa|failure|{}
2025-03-20T16:36:13Z|9000|DELETE|/tmp/.hidden_script|success|{}
2025-03-20T16:36:27Z|1014|ATTRIBUTE|/home/user/documents/report.doc|success|{}
2025-03-20T16:36:51Z|1002|DELETE|/var/log/syslog|success|{}
2025-03-20T16:37:16Z|9202|RENAME|/var/log/syslog|success|{}
2025-03-20T16:37:22Z|5013|EXECUTE|/dev/shm/.malware|success|{}
2025-03-20T16:37:41Z|9101|ATTRIBUTE|/etc/hosts|success|{}
2025-03-20T16:38:02Z|4020|EXECUTE|/etc/passwd|failure|{}
2025-03-20T16:38:24Z|5005|DELETE|/home/user/documents/report.doc|success|{}
2025-03-20T16:38:46Z|5009|ATTRIBUTE|/tmp/.hidden_script|success|{}
2025-03-20T16:38:56Z|9203|EXECUTE|/tmp/.hidden_script|success|{}
2025-03-20T16:39:12Z|5002|ATTRIBUTE|/etc/shadow|success|{}
2025-03-20T16:39:22Z|6006|WRITE|/var/log/auth.log|success|{"size": 724170}
2025-03-20T16:39:48Z|9000|EXECUTE|/tmp/test.txt|success|{}
2025-03-20T16:40:02Z|5003|RENAME|/home/user/.ssh/id_rsa|success|{}
2025-03-20T16:40:17Z|4000|ATTRIBUTE|/home/user/.ssh/id_rsa|success|{}
2025-03-20T16:40:24Z|7000|READ|/var/log/auth.log|success|{}
2025-03-20T16:40:31Z|1013|ATTRIBUTE|/tmp/test.txt|failure|{}
2025-03-20T16:40:38Z|6007|WRITE|/var/log/auth.log|success|{"size": 372178}
2025-03-20T16:40:55Z|7001|EXECUTE|/etc/cron.d/.hack|success|{}
2025-03-20T16:41:04Z|9101|ATTRIBUTE|/var/log/auth.log|success|{}
2025-03-20T16:41:05Z|9002|RENAME|/etc/shadow|success|{}
2025-03-20T16:41:32Z|6000|EXECUTE|/var/log/syslog|success|{}
2025-03-20T16:41:43Z|1005|WRITE|/var/www/.shell.php|success|{"suspicious": true, "sequence": 1554}
2025-03-20T16:42:11Z|6008|EXECUTE|/etc/passwd|failure|{}
2025-03-20T16:42:21Z|9104|EXECUTE|/etc/cron.d/.hack|success|{}
2025-03-20T16:42:38Z|4|RENAME|/dev/shm/.malware|success|{}
2025-03-20T16:43:06Z|9101|EXECUTE|/var/log/auth.log|success|{}
2025-03-20T16:43:21Z|9200|RENAME|/tmp/test.txt|failure|{}
2025-03-20T16:43:39Z|9002|EXECUTE|/tmp/backdoor.bin|success|{}
2025-03-20T16:43:43Z|1015|WRITE|/home/user/documents/report.doc|failure|{"size": 999275}
2025-03-20T16:43:55Z|5|RENAME|/etc/passwd|success|{}
2025-03-20T16:44:24Z|5003|READ|/tmp/.hidden_script|success|{"suspicious": true, "sequence": 1563}
2025-03-20T16:44:35Z|5012|DELETE|/var/log/syslog|success|{}
2025-03-20T16:45:03Z|7000|ATTRIBUTE|/etc/cron.d/.hack|success|{}
2025-03-20T16:45:12Z|4016|ATTRIBUTE|/home/user/documents/report.doc|success|{}
2025-03-20T16:45:19Z|4012|EXECUTE|/var/log/syslog|success|{}
2025-03-20T16:45:27Z|1008|DELETE|/tmp/test.txt|success|{}
2025-03-20T16:45:51Z|6002|EXECUTE|/etc/shadow|success|{}
2025-03-20T16:45:53Z|7002|RENAME|/tmp/test.txt|success|{}
2025-03-20T16:45:54Z|6003|DELETE|/home/user/documents/report.doc|success|{}
2025-03-20T16:46:15Z|2|RENAME|/tmp/.hidden_script|success|{}
2025-03-20T16:46:32Z|2|ATTRIBUTE|/var/log/auth.log|success|{}
2025-03-20T16:47:02Z|4004|READ|/tmp/.hidden_script|success|{"suspicious": true, "sequence": 1574}
2025-03-20T16:47:21Z|1016|READ|/var/log/auth.log|success|{}
2025-03-20T16:47:41Z|9200|READ|/home/user/.ssh/id_rsa|success|{}
2025-03-20T16:47:51Z|5005|ATTRIBUTE|/dev/shm/.malware|success|{}
2025-03-20T16:47:55Z|5|RENAME|/home/user/.ssh/id_rsa|success|{}
2025-03-20T16:48:09Z|9203|READ|/dev/shm/.malware|success|{"suspicious": true, "sequence": 1579}
2025-03-20T16:48:31Z|4024|EXECUTE|/etc/hosts|success|{}
2025-03-20T16:48:50Z|1013|EXECUTE|/tmp/.hidden_script|success|{}
2025-03-20T16:49:18Z|5000|EXECUTE|/home/user/documents/report.doc|success|{}
2025-03-20T16:49:34Z|6006|DELETE|/etc/shadow|success|{}
2025-03-20T16:49:41Z|9104|DELETE|/home/user/.ssh/id_rsa|success|{}
2025-03-20T16:49:51Z|6006|ATTRIBUTE|/home/user/.ssh/id_rsa|success|{}
2025-03-20T16:50:05Z|7002|RENAME|/tmp/backdoor.bin|success|{}
2025-03-20T16:50:08Z|9102|READ|/tmp/backdoor.bin|success|{"suspicious": true, "sequence": 1587}
2025-03-20T16:50:21Z|5005|EXECUTE|/var/log/auth.log|failure|{}
2025-03-20T16:50:28Z|6009|DELETE|/tmp/test.txt|success|{}
2025-03-20T16:50:41Z|5010|RENAME|/home/user/documents/report.doc|success|{}
2025-03-20T16:51:01Z|9002|WRITE|/tmp/backdoor.bin|success|{"suspicious": true, "sequence": 1591}
2025-03-20T16:51:14Z|4|READ|/tmp/.hidden_script|success|{"suspicious": true, "sequence": 1592}
2025-03-20T16:51:24Z|9004|RENAME|/home/user/.ssh/id_rsa|success|{}
2025-03-20T16:51:38Z|4020|DELETE|/etc/hosts|success|{}
2025-03-20T16:51:53Z|1|DELETE|/etc/shadow|failure|{}
2025-03-20T16:51:54Z|2|RENAME|/etc/passwd|success|{}
2025-03-20T16:52:22Z|2|DELETE|/dev/shm/.malware|success|{}
2025-03-20T16:52:44Z|6000|WRITE|/tmp/backdoor.bin|failure|{"suspicious": true, "sequence": 1598}
2025-03-20T16:52:57Z|7001|READ|/etc/cron.d/.hack|success|{"suspicious": true, "sequence": 1599}
2025-03-20T16:52:58Z|9102|RENAME|/home/user/.ssh/id_rsa|success|{}
2025-03-20T16:53:15Z|9000|WRITE|/tmp/.hidden_script|success|{"suspicious": true, "sequence": 1601}
2025-03-20T16:53:45Z|4007|RENAME|/var/www/.shell.php|success|{}
2025-03-20T16:54:14Z|5007|DELETE|/home/user/.ssh/id_rsa|success|{}
2025-03-20T16:54:36Z|4|READ|/var/log/auth.log|success|{}
2025-03-20T16:54:43Z|9201|WRITE|/home/user/documents/report.doc|success|{"size": 74850}
2025-03-20T16:54:47Z|9001|DELETE|/var/www/.shell.php|success|{}
2025-03-20T16:55:14Z|7000|READ|/etc/passwd|failure|{}
2025-03-20T16:55:22Z|4022|WRITE|/tmp/backdoor.bin|success|{"suspicious": true, "sequence": 1608}
2025-03-20T16:55:48Z|7001|RENAME|/etc/cron.d/.hack|success|{}
2025-03-20T16:56:05Z|9103|RENAME|/tmp/.hidden_script|success|{}
2025-03-20T16:56:35Z|9204|DELETE|/tmp/test.txt|success|{}
2025-03-20T16:56:47Z|7001|EXECUTE|/home/user/documents/report.doc|failure|{}
2025-03-20T16:57:17Z|9001|EXECUTE|/home/user/documents/report.doc|success|{}
2025-03-20T16:57:47Z|9201|RENAME|/etc/hosts|success|{}
2025-03-20T16:58:04Z|1004|READ|/var/log/auth.log|success|{}
2025-03-20T16:58:11Z|9100|ATTRIBUTE|/etc/cron.d/.hack|success|{}
2025-03-20T16:58:24Z|7000|ATTRIBUTE|/var/www/.shell.php|failure|{}
2025-03-20T16:58:35Z|9003|ATTRIBUTE|/dev/shm/.malware|success|{}
2025-03-20T16:59:02Z|7004|DELETE|/etc/hosts|success|{}
2025-03-20T16:59:07Z|7002|EXECUTE|/var/log/auth.log|success|{}
2025-03-20T16:59:26Z|7000|WRITE|/etc/shadow|success|{"size": 844337}
2025-03-20T16:59:36Z|1|EXECUTE|/etc/cron.d/.hack|success|{}
2025-03-20T17:00:05Z|6005|READ|/home/user/.ssh/id_rsa|success|{}
2025-03-20T17:00:27Z|5009|EXECUTE|/var/log/syslog|success|{}
2025-03-20T17:00:49Z|5008|WRITE|/dev/shm/.malware|success|{"suspicious": true, "sequence": 1625}
2025-03-20T17:01:08Z|9104|READ|/var/www/.shell.php|success|{"suspicious": true, "sequence": 1626}
2025-03-20T17:01:33Z|4015|WRITE|/etc/cron.d/.hack|success|{"suspicious": true, "sequence": 1627}
2025-03-20T17:01:51Z|9002|DELETE|/home/user/.ssh/id_rsa|success|{}
2025-03-20T17:01:53Z|9103|ATTRIBUTE|/home/user/.ssh/id_rsa|success|{}
2025-03-20T17:02:06Z|4022|EXECUTE|/tmp/test.txt|success|{}
2025-03-20T17:02:19Z|1008|WRITE|/var/log/auth.log|success|{"size": 293582}
2025-03-20T17:02:41Z|5|WRITE|/var/log/auth.log|success|{"size": 778650}
2025-03-20T17:02:51Z|7002|ATTRIBUTE|/etc/hosts|failure|{}
2025-03-20T17:03:03Z|7004|READ|/etc/cron.d/.hack|success|{"suspicious": true, "sequence": 1634}
2025-03-20T17:03:05Z|7001|RENAME|/etc/cron.d/.hack|success|{}
2025-03-20T17:03:32Z|5002|EXECUTE|/tmp/.hidden_script|failure|{}
2025-03-20T17:03:50Z|9103|RENAME|/home/user/documents/report.doc|success|{}
2025-03-20T17:04:10Z|9104|READ|/var/log/auth.log|success|{}
2025-03-20T17:04:31Z|9200|READ|/tmp/backdoor.bin|success|{"suspicious": true, "sequence": 1639}
2025-03-20T17:04:40Z|4|WRITE|/var/log/syslog|success|{"size": 950040}
2025-03-20T17:04:51Z|9100|RENAME|/var/log/auth.log|success|{}
2025-03-20T17:05:11Z|4013|DELETE|/tmp/.hidden_script|success|{}
2025-03-20T17:05:30Z|9204|WRITE|/var/www/.shell.php|success|{"suspicious": true, "sequence": 1643}
2025-03-20T17:05:56Z|7003|EXECUTE|/home/user/documents/report.doc|success|{}
2025-03-20T17:05:58Z|1000|EXECUTE|/var/log/auth.log|success|{}
2025-03-20T17:06:28Z|9101|WRITE|/etc/shadow|success|{"size": 547872}
2025-03-20T17:06:37Z|9204|WRITE|/var/log/syslog|success|{"size": 855555}
2025-03-20T17:07:03Z|7002|READ|/dev/shm/.malware|success|{"suspicious": true, "sequence": 1648}
2025-03-20T17:07:32Z|4016|DELETE|/var/www/.shell.php|success|{}
2025-03-20T17:07:50Z|9101|ATTRIBUTE|/tmp/.hidden_script|success|{}
2025-03-20T17:08:04Z|6002|WRITE|/home/user/documents/report.doc|success|{"size": 886530}
2025-03-20T17:08:29Z|6000|DELETE|/tmp/.hidden_script|success|{}
2025-03-20T17:08:50Z|9004|RENAME|/home/user/.ssh/id_rsa|success|{}
2025-03-20T17:08:53Z|7000|DELETE|/tmp/backdoor.bin|success|{}
2025-03-20T17:09:08Z|6006|RENAME|/var/www/.shell.php|success|{}
2025-03-20T17:09:21Z|5012|READ|/home/user/.ssh/id_rsa|success|{}
2025-03-20T17:09:46Z|9102|WRITE|/etc/passwd|success|{"size": 444820}
2025-03-20T17:09:56Z|6002|RENAME|/var/www/.shell.php|failure|{}
2025-03-20T17:09:58Z|5014|ATTRIBUTE|/home/user/.ssh/id_rsa|success|{}
2025-03-20T17:10:00Z|5004|DELETE|/tmp/.hidden_script|success|{}
2025-03-20T17:10:27Z|4002|RENAME|/etc/cron.d/.hack|success|{}
2025-03-20T17:10:53Z|7003|RENAME|/var/www/.shell.php|failure|{}
2025-03-20T17:10:55Z|9000|DELETE|/dev/shm/.malware|success|{}
2025-03-20T17:11:20Z|9202|WRITE|/etc/passwd|success|{"size": 850672}
2025-03-20T17:11:42Z|9202|DELETE|/dev/shm/.malware|success|{}
2025-03-20T17:11:59Z|9201|READ|/tmp/backdoor.bin|success|{"suspicious": true, "sequence": 1666}
2025-03-20T17:12:10Z|9104|WRITE|/tmp/test.txt|success|{"size": 982628}
2025-03-20T17:12:24Z|9003|DELETE|/tmp/.hidden_script|success|{}
2025-03-20T17:12:29Z|6004|READ|/etc/cron.d/.hack|success|{"suspicious": true, "sequence": 1669}
2025-03-20T17:12:59Z|7003|RENAME|/tmp/backdoor.bin|success|{}
2025-03-20T17:13:02Z|4018|DELETE|/var/log/syslog|success|{}
2025-03-20T17:13:04Z|9203|DELETE|/etc/shadow|success|{}
2025-03-20T17:13:06Z|6000|RENAME|/etc/hosts|success|{}
2025-03-20T17:13:20Z|5|READ|/var/log/auth.log|success|{}
2025-03-20T17:13:35Z|5003|DELETE|/tmp/test.txt|success|{}
2025-03-20T17:13:39Z|1003|ATTRIBUTE|/etc/passwd|success|{}
2025-03-20T17:14:04Z|7004|RENAME|/tmp/test.txt|success|{}
2025-03-20T17:14:05Z|4012|DELETE|/home/user/.ssh/id_rsa|success|{}
2025-03-20T17:14:20Z|4014|ATTRIBUTE|/var/www/.shell.php|success|{}
2025-03-20T17:14:31Z|4024|ATTRIBUTE|/home/user/documents/report.doc|success|{}
2025-03-20T17:14:34Z|4016|DELETE|/etc/cron.d/.hack|success|{}
2025-03-20T17:15:00Z|9100|WRITE|/tmp/backdoor.bin|failure|{"suspicious": true, "sequence": 1682}
2025-03-20T17:15:22Z|4004|WRITE|/var/www/.shell.php|success|{"suspicious": true, "sequence": 1683}
2025-03-20T17:15:40Z|1005|WRITE|/tmp/.hidden_script|success|{"suspicious": true, "sequence": 1684}
2025-03-20T17:16:02Z|5000|READ|/var/www/.shell.php|success|{"suspicious": true, "sequence": 1685}
2025-03-20T17:16:03Z|6000|READ|/etc/passwd|success|{}
2025-03-20T17:16:13Z|6002|EXECUTE|/etc/shadow|success|{}
2025-03-20T17:16:33Z|9103|READ|/home/user/.ssh/id_rsa|failure|{}
2025-03-20T17:16:40Z|6009|EXECUTE|/tmp/backdoor.bin|success|{}
2025-03-20T17:16:44Z|9204|ATTRIBUTE|/etc/hosts|success|{}
2025-03-20T17:17:01Z|7002|EXECUTE|/etc/cron.d/.hack|success|{}
2025-03-20T17:17:10Z|7003|ATTRIBUTE|/etc/hosts|success|{}
2025-03-20T17:17:32Z|5010|DELETE|/etc/hosts|success|{}
2025-03-20T17:17:34Z|5011|WRITE|/home/user/documents/report.doc|success|{"size": 456962}
2025-03-20T17:17:46Z|5|WRITE|/etc/cron.d/.hack|success|{"suspicious": true, "sequence": 1695}
2025-03-20T17:17:55Z|7002|ATTRIBUTE|/etc/cron.d/.hack|failure|{}
2025-03-20T17:18:11Z|9101|EXECUTE|/etc/shadow|success|{}
2025-03-20T17:18:25Z|9101|EXECUTE|/etc/cron.d/.hack|success|{}
2025-03-20T17:18:38Z|5001|RENAME|/etc/hosts|success|{}
2025-03-20T17:18:50Z|6000|RENAME|/etc/shadow|failure|{}
2025-03-20T17:19:19Z|6007|ATTRIBUTE|/tmp/backdoor.bin|success|{}
2025-03-20T17:19:34Z|9001|RENAME|/tmp/.hidden_script|success|{}
2025-03-20T17:19:59Z|4|DELETE|/etc/passwd|failure|{}
2025-03-20T17:20:02Z|7003|WRITE|/tmp/test.txt|success|{"size": 605304}
2025-03-20T17:20:08Z|5|ATTRIBUTE|/dev/shm/.malware|success|{}
2025-03-20T17:20:35Z|9003|ATTRIBUTE|/etc/hosts|success|{}
2025-03-20T17:20:44Z|6004|ATTRIBUTE|/etc/shadow|success|{}
2025-03-20T17:20:57Z|9002|EXECUTE|/var/log/syslog|success|{}
2025-03-20T17:21:13Z|9000|RENAME|/var/log/syslog|success|{}
2025-03-20T17:21:29Z|9100|READ|/etc/cron.d/.hack|success|{"suspicious": true, "sequence": 1710}
2025-03-20T17:21:39Z|2|ATTRIBUTE|/tmp/.hidden_script|success|{}
2025-03-20T17:22:07Z|9002|WRITE|/home/user/.ssh/id_rsa|success|{"size": 67965}
2025-03-20T17:22:26Z|7000|EXECUTE|/tmp/test.txt|success|{}
2025-03-20T17:22:39Z|1005|ATTRIBUTE|/tmp/test.txt|success|{}
2025-03-20T17:23:01Z|4012|WRITE|/tmp/.hidden_script|success|{"suspicious": true, "sequence": 1715}
2025-03-20T17:23:30Z|5010|EXECUTE|/etc/hosts|success|{}
2025-03-20T17:23:49Z|9003|EXECUTE|/var/log/syslog|success|{}
2025-03-20T17:23:55Z|9003|ATTRIBUTE|/var/log/auth.log|success|{}
2025-03-20T17:24:24Z|5|EXECUTE|/etc/hosts|success|{}
2025-03-20T17:24:25Z|6006|DELETE|/tmp/test.txt|success|{}
2025-03-20T17:24:44Z|1|DELETE|/home/user/documents/report.doc|success|{}
2025-03-20T17:25:08Z|4|DELETE|/dev/shm/.malware|success|{}
2025-03-20T17:25:13Z|5007|DELETE|/var/www/.shell.php|success|{}
2025-03-20T17:25:34Z|9200|DELETE|/tmp/backdoor.bin|success|{}
2025-03-20T17:25:39Z|7003|WRITE|/tmp/test.txt|success|{"size": 354692}
2025-03-20T17:25:49Z|9002|RENAME|/tmp/.hidden_script|success|{}
2025-03-20T17:26:07Z|3|READ|/etc/passwd|success|{}
2025-03-20T17:26:09Z|7002|DELETE|/etc/hosts|success|{}
2025-03-20T17:26:18Z|2|READ|/home/user/documents/report.doc|success|{}
2025-03-20T17:26:22Z|9004|WRITE|/var/www/.shell.php|success|{"suspicious": true, "sequence": 1730}
2025-03-20T17:26:40Z|9104|WRITE|/etc/cron.d/.hack|success|{"suspicious": true, "sequence": 1731}
2025-03-20T17:26:41Z|4|READ|/tmp/test.txt|success|{}
2025-03-20T17:26:57Z|7000|RENAME|/var/log/auth.log|success|{}
2025-03-20T17:27:20Z|6000|ATTRIBUTE|/etc/passwd|success|{}
2025-03-20T17:27:39Z|7003|EXECUTE|/tmp/test.txt|success|{}
2025-03-20T17:27:41Z|1015|READ|/tmp/test.txt|success|{}
2025-03-20T17:28:10Z|9102|DELETE|/home/user/documents/report.doc|success|{}
2025-03-20T17:28:22Z|9001|READ|/var/log/syslog|success|{}
2025-03-20T17:28:41Z|5010|ATTRIBUTE|/etc/passwd|success|{}
2025-03-20T17:28:48Z|6005|READ|/home/user/.ssh/id_rsa|failure|{}
2025-03-20T17:29:05Z|4028|ATTRIBUTE|/var/www/.shell.php|success|{}
2025-03-20T17:29:27Z|5010|WRITE|/etc/shadow|success|{"size": 671694}
2025-03-20T17:29:56Z|4017|RENAME|/etc/cron.d/.hack|success|{}
2025-03-20T17:30:21Z|1013|DELETE|/tmp/backdoor.bin|failure|{}
2025-03-20T17:30:24Z|6007|RENAME|/tmp/backdoor.bin|success|{}
2025-03-20T17:30:40Z|9204|WRITE|/tmp/test.txt|success|{"size": 313753}
2025-03-20T17:30:46Z|4010|DELETE|/etc/shadow|success|{}
2025-03-20T17:31:12Z|9201|ATTRIBUTE|/tmp/.hidden_script|success|{}
2025-03-20T17:31:36Z|9203|DELETE|/dev/shm/.malware|success|{}
2025-03-20T17:31:56Z|9204|ATTRIBUTE|/etc/hosts|success|{}
2025-03-20T17:32:03Z|9002|RENAME|/home/user/documents/report.doc|success|{}
2025-03-20T17:32:10Z|5005|EXECUTE|/etc/hosts|failure|{}
2025-03-20T17:32:18Z|5014|READ|/etc/shadow|success|{}
2025-03-20T17:32:23Z|5011|RENAME|/home/user/documents/report.doc|success|{}
2025-03-20T17:32:29Z|3|DELETE|/etc/shadow|success|{}
2025-03-20T17:32:34Z|5006|ATTRIBUTE|/tmp/test.txt|success|{}
2025-03-20T17:33:02Z|9201|READ|/var/log/auth.log|success|{}
2025-03-20T17:33:18Z|9102|DELETE|/tmp/backdoor.bin|success|{}
2025-03-20T17:33:26Z|5001|READ|/etc/hosts|success|{}
2025-03-20T17:33:56Z|4019|EXECUTE|/tmp/.hidden_script|success|{}
2025-03-20T17:34:22Z|5005|ATTRIBUTE|/var/log/syslog|success|{}
2025-03-20T17:34:25Z|4022|READ|/tmp/backdoor.bin|success|{"suspicious": true, "sequence": 1762}
2025-03-20T17:34:31Z|1002|READ|/etc/shadow|success|{}
2025-03-20T17:34:39Z|9104|ATTRIBUTE|/var/log/auth.log|success|{}
2025-03-20T17:34:42Z|9202|EXECUTE|/home/user/documents/report.doc|success|{}
2025-03-20T17:34:44Z|5|ATTRIBUTE|/home/user/documents/report.doc|success|{}
2025-03-20T17:35:02Z|9101|DELETE|/tmp/.hidden_script|success|{}
2025-03-20T17:35:13Z|1|READ|/etc/passwd|success|{}
2025-03-20T17:35:24Z|2|RENAME|/home/user/.ssh/id_rsa|success|{}
2025-03-20T17:35:43Z|1005|DELETE|/home/user/.ssh/id_rsa|success|{}
2025-03-20T17:35:53Z|7003|DELETE|/etc/cron.d/.hack|success|{}
2025-03-20T17:36:03Z|9000|DELETE|/home/user/documents/report.doc|success|{}
2025-03-20T17:36:07Z|9203|WRITE|/tmp/.hidden_script|success|{"suspicious": true, "sequence": 1773}
2025-03-20T17:36:15Z|5|ATTRIBUTE|/etc/shadow|success|{}
2025-03-20T17:36:21Z|1005|EXECUTE|/tmp/test.txt|success|{}
2025-03-20T17:36:30Z|1005|RENAME|/dev/shm/.malware|success|{}
2025-03-20T17:36:38Z|9004|RENAME|/etc/cron.d/.hack|success|{}
2025-03-20T17:36:47Z|5005|EXECUTE|/tmp/.hidden_script|success|{}
2025-03-20T17:36:57Z|5005|RENAME|/home/user/documents/report.doc|success|{}
2025-03-20T17:37:16Z|9202|RENAME|/var/www/.shell.php|success|{}
2025-03-20T17:37:23Z|9001|EXECUTE|/home/user/documents/report.doc|success|{}
2025-03-20T17:37:52Z|4004|READ|/var/log/auth.log|failure|{}
2025-03-20T17:37:53Z|3|RENAME|/etc/hosts|success|{}
2025-03-20T17:37:59Z|5006|RENAME|/var/log/syslog|success|{}
2025-03-20T17:38:29Z|6000|READ|/var/log/auth.log|success|{}
2025-03-20T17:38:41Z|1002|READ|/etc/hosts|success|{}
2025-03-20T17:39:05Z|6009|RENAME|/etc/hosts|success|{}
2025-03-20T17:39:18Z|9204|RENAME|/var/log/syslog|failure|{}
2025-03-20T17:39:32Z|9203|EXECUTE|/dev/shm/.malware|failure|{}
2025-03-20T17:39:53Z|9200|DELETE|/etc/passwd|success|{}
2025-03-20T17:40:23Z|1010|RENAME|/home/user/.ssh/id_rsa|success|{}
2025-03-20T17:40:47Z|5013|EXECUTE|/tmp/.hidden_script|success|{}
2025-03-20T17:40:52Z|9103|WRITE|/tmp/test.txt|success|{"size": 107166}
2025-03-20T17:41:22Z|1004|ATTRIBUTE|/dev/shm/.malware|success|{}
2025-03-20T17:41:31Z|9201|RENAME|/var/www/.shell.php|success|{}
2025-03-20T17:41:46Z|5|EXECUTE|/tmp/backdoor.bin|success|{}
2025-03-20T17:42:15Z|9002|DELETE|/tmp/backdoor.bin|success|{}
2025-03-20T17:42:17Z|9001|WRITE|/tmp/backdoor.bin|success|{"suspicious": true, "sequence": 1798}
2025-03-20T17:42:47Z|1015|READ|/etc/passwd|success|{}
2025-03-20T17:42:51Z|5009|ATTRIBUTE|/etc/hosts|success|{}
2025-03-20T17:42:58Z|3|ATTRIBUTE|/tmp/backdoor.bin|success|{}
2025-03-20T17:43:15Z|9004|READ|/etc/shadow|success|{}
2025-03-20T17:43:42Z|4|ATTRIBUTE|/etc/hosts|success|{}
2025-03-20T17:43:46Z|9202|WRITE|/tmp/test.txt|success|{"size": 646596}
2025-03-20T17:44:14Z|1006|EXECUTE|/tmp/.hidden_script|success|{}
2025-03-20T17:44:44Z|9203|READ|/var/log/auth.log|success|{}
2025-03-20T17:45:00Z|4029|EXECUTE|/tmp/backdoor.bin|success|{}
2025-03-20T17:45:11Z|1009|ATTRIBUTE|/etc/passwd|failure|{}
2025-03-20T17:45:22Z|4006|EXECUTE|/tmp/test.txt|success|{}
2025-03-20T17:45:42Z|1016|RENAME|/home/user/.ssh/id_rsa|success|{}
2025-03-20T17:46:06Z|1|READ|/var/www/.shell.php|success|{"suspicious": true, "sequence": 1811}
2025-03-20T17:46:22Z|9100|ATTRIBUTE|/dev/shm/.malware|success|{}
2025-03-20T17:46:49Z|9003|READ|/dev/shm/.malware|failure|{"suspicious": true, "sequence": 1813}
2025-03-20T17:47:06Z|9103|DELETE|/etc/passwd|success|{}
2025-03-20T17:47:20Z|9003|EXECUTE|/etc/passwd|success|{}
2025-03-20T17:47:44Z|5|RENAME|/var/log/auth.log|success|{}
2025-03-20T17:47:47Z|4015|WRITE|/home/user/documents/report.doc|success|{"size": 712309}
2025-03-20T17:48:12Z|6000|ATTRIBUTE|/var/www/.shell.php|success|{}
2025-03-20T17:48:40Z|4027|WRITE|/home/user/documents/report.doc|success|{"size": 350252}
2025-03-20T17:48:58Z|1004|RENAME|/tmp/test.txt|success|{}
2025-03-20T17:49:02Z|3|EXECUTE|/etc/passwd|success|{}
2025-03-20T17:49:12Z|9102|ATTRIBUTE|/etc/hosts|success|{}
2025-03-20T17:49:18Z|4003|DELETE|/home/user/.ssh/id_rsa|success|{}
2025-03-20T17:49:48Z|1016|DELETE|/tmp/backdoor.bin|success|{}
2025-03-20T17:50:03Z|3|WRITE|/home/user/documents/report.doc|success|{"size": 96417}
2025-03-20T17:50:30Z|7001|ATTRIBUTE|/etc/cron.d/.hack|success|{}
2025-03-20T17:50:52Z|9004|READ|/tmp/backdoor.bin|success|{"suspicious": true, "sequence": 1827}
2025-03-20T17:50:59Z|9204|READ|/etc/shadow|failure|{}
2025-03-20T17:51:22Z|5011|WRITE|/etc/passwd|success|{"size": 400446}
2025-03-20T17:51:33Z|9201|ATTRIBUTE|/tmp/.hidden_script|success|{}
2025-03-20T17:51:48Z|4022|READ|/var/log/auth.log|success|{}
2025-03-20T17:51:51Z|9201|ATTRIBUTE|/var/www/.shell.php|success|{}
2025-03-20T17:51:56Z|1004|READ|/home/user/.ssh/id_rsa|success|{}
2025-03-20T17:52:02Z|5010|WRITE|/var/www/.shell.php|success|{"suspicious": true, "sequence": 1834}
2025-03-20T17:52:21Z|4010|DELETE|/etc/cron.d/.hack|success|{}
2025-03-20T17:52:44Z|2|WRITE|/etc/shadow|success|{"size": 810299}
2025-03-20T17:53:03Z|5008|ATTRIBUTE|/tmp/.hidden_script|success|{}
2025-03-20T17:53:13Z|9201|ATTRIBUTE|/var/www/.shell.php|failure|{}
2025-03-20T17:53:38Z|9202|ATTRIBUTE|/etc/shadow|success|{}
2025-03-20T17:53:42Z|6009|ATTRIBUTE|/dev/shm/.malware|success|{}
2025-03-20T17:53:50Z|9002|RENAME|/var/log/syslog|success|{}
2025-03-20T17:53:52Z|9201|ATTRIBUTE|/var/www/.shell.php|success|{}
2025-03-20T17:54:07Z|9003|EXECUTE|/etc/hosts|failure|{}
2025-03-20T17:54:10Z|4001|RENAME|/tmp/backdoor.bin|success|{}
2025-03-20T17:54:11Z|9201|DELETE|/var/log/auth.log|failure|{}
2025-03-20T17:54:37Z|5013|ATTRIBUTE|/home/user/documents/report.doc|success|{}
2025-03-20T17:54:44Z|6004|WRITE|/home/user/documents/report.doc|success|{"size": 329965}
2025-03-20T17:54:55Z|9203|RENAME|/var/www/.shell.php|success|{}
2025-03-20T17:55:00Z|2|ATTRIBUTE|/var/log/syslog|success|{}
2025-03-20T17:55:10Z|4007|READ|/var/log/auth.log|success|{}
2025-03-20T17:55:39Z|6006|READ|/home/user/.ssh/id_rsa|success|{}
2025-03-20T17:55:41Z|6008|RENAME|/dev/shm/.malware|success|{}
2025-03-20T17:55:45Z|6009|EXECUTE|/dev/shm/.malware|success|{}
2025-03-20T17:55:47Z|1013|DELETE|/etc/cron.d/.hack|success|{}
2025-03-20T17:56:07Z|9004|DELETE|/etc/hosts|success|{}
2025-03-20T17:56:08Z|5|ATTRIBUTE|/dev/shm/.malware|success|{}
2025-03-20T17:56:12Z|9002|WRITE|/dev/shm/.malware|success|{"suspicious": true, "sequence": 1857}
2025-03-20T17:56:13Z|1010|WRITE|/home/user/.ssh/id_rsa|success|{"size": 422283}
2025-03-20T17:56:36Z|9100|EXECUTE|/etc/hosts|success|{}
2025-03-20T17:56:39Z|1|EXECUTE|/dev/shm/.malware|success|{}
2025-03-20T17:56:43Z|9201|WRITE|/dev/shm/.malware|success|{"suspicious": true, "sequence": 1861}
2025-03-20T17:56:54Z|9000|EXECUTE|/etc/hosts|success|{}
2025-03-20T17:57:11Z|2|RENAME|/var/log/syslog|success|{}
2025-03-20T17:57:20Z|9001|DELETE|/etc/cron.d/.hack|success|{}
2025-03-20T17:57:29Z|5012|DELETE|/etc/cron.d/.hack|success|{}
2025-03-20T17:57:37Z|6001|RENAME|/tmp/test.txt|success|{}
2025-03-20T17:57:49Z|9202|RENAME|/etc/shadow|success|{}
2025-03-20T17:58:14Z|9003|READ|/etc/shadow|success|{}
2025-03-20T17:58:18Z|4|RENAME|/var/log/auth.log|success|{}
2025-03-20T17:58:33Z|9202|WRITE|/home/user/.ssh/id_rsa|success|{"size": 1030291}
2025-03-20T17:58:34Z|5007|DELETE|/var/log/syslog|success|{}
2025-03-20T17:59:01Z|9102|READ|/etc/shadow|success|{}
2025-03-20T17:59:03Z|5006|READ|/tmp/backdoor.bin|success|{"suspicious": true, "sequence": 1873}
2025-03-20T17:59:24Z|9200|RENAME|/etc/shadow|success|{}
2025-03-20T17:59:50Z|9004|READ|/tmp/test.txt|success|{}
2025-03-20T17:59:51Z|4018|WRITE|/dev/shm/.malware|success|{"suspicious": true, "sequence": 1876}
2025-03-20T18:00:14Z|7000|RENAME|/dev/shm/.malware|failure|{}
2025-03-20T18:00:29Z|3|READ|/var/www/.shell.php|success|{"suspicious": true, "sequence": 1878}
2025-03-20T18:00:42Z|5004|READ|/dev/shm/.malware|success|{"suspicious": true, "sequence": 1879}
2025-03-20T18:01:11Z|9202|WRITE|/var/www/.shell.php|success|{"suspicious": true, "sequence": 1880}
2025-03-20T18:01:31Z|7001|DELETE|/etc/cron.d/.hack|success|{}
2025-03-20T18:01:32Z|1003|ATTRIBUTE|/var/log/syslog|success|{}
2025-03-20T18:01:46Z|9002|READ|/tmp/test.txt|success|{}
2025-03-20T18:02:16Z|1006|EXECUTE|/tmp/.hidden_script|success|{}
2025-03-20T18:02:24Z|9103|DELETE|/etc/hosts|success|{}
2025-03-20T18:02:41Z|9004|EXECUTE|/var/log/syslog|success|{}
2025-03-20T18:03:07Z|7003|RENAME|/tmp/test.txt|success|{}
2025-03-20T18:03:14Z|5009|WRITE|/dev/shm/.malware|failure|{"suspicious": true, "sequence": 1888}
2025-03-20T18:03:23Z|2|ATTRIBUTE|/etc/cron.d/.hack|success|{}
2025-03-20T18:03:35Z|1018|WRITE|/var/log/auth.log|success|{"size": 358939}
2025-03-20T18:03:53Z|1|RENAME|/etc/passwd|success|{}
2025-03-20T18:03:59Z|1011|RENAME|/tmp/test.txt|success|{}
2025-03-20T18:04:23Z|4021|DELETE|/home/user/.ssh/id_rsa|success|{}
2025-03-20T18:04:25Z|7000|EXECUTE|/var/log/syslog|failure|{}
2025-03-20T18:04:46Z|5005|WRITE|/tmp/test.txt|success|{"size": 452349}
2025-03-20T18:04:54Z|5008|RENAME|/tmp/.hidden_script|success|{}
2025-03-20T18:05:23Z|1007|READ|/dev/shm/.malware|failure|{"suspicious": true, "sequence": 1897}
2025-03-20T18:05:44Z|9100|ATTRIBUTE|/var/www/.shell.php|success|{}
2025-03-20T18:05:47Z|9204|WRITE|/var/log/auth.log|success|{"size": 820146}
2025-03-20T18:06:14Z|5|WRITE|/var/log/auth.log|success|{"size": 252584}
2025-03-20T18:06:20Z|4008|RENAME|/dev/shm/.malware|success|{}
2025-03-20T18:06:25Z|9102|WRITE|/var/log/auth.log|success|{"size": 800242}
2025-03-20T18:06:44Z|7000|DELETE|/home/user/documents/report.doc|success|{}
2025-03-20T18:06:46Z|1010|RENAME|/var/log/auth.log|success|{}
2025-03-20T18:07:11Z|6006|RENAME|/etc/passwd|success|{}
2025-03-20T18:07:26Z|5013|EXECUTE|/dev/shm/.malware|success|{}
2025-03-20T18:07:38Z|4025|EXECUTE|/tmp/.hidden_script|failure|{}
2025-03-20T18:07:41Z|4|READ|/tmp/.hidden_script|success|{"suspicious": true, "sequence": 1908}
2025-03-20T18:07:57Z|9200|DELETE|/var/www/.shell.php|success|{}
2025-03-20T18:08:20Z|1010|ATTRIBUTE|/etc/shadow|success|{}
2025-03-20T18:08:28Z|1018|DELETE|/var/www/.shell.php|success|{}
2025-03-20T18:08:35Z|4015|ATTRIBUTE|/etc/hosts|failure|{}
2025-03-20T18:08:58Z|9002|EXECUTE|/tmp/test.txt|success|{}
2025-03-20T18:09:21Z|7000|DELETE|/var/log/syslog|success|{}
2025-03-20T18:09:33Z|9104|WRITE|/tmp/backdoor.bin|success|{"suspicious": true, "sequence": 1915}
2025-03-20T18:09:42Z|4016|RENAME|/etc/hosts|success|{}
2025-03-20T18:09:45Z|1000|DELETE|/tmp/backdoor.bin|success|{}
2025-03-20T18:09:46Z|6003|EXECUTE|/tmp/.hidden_script|success|{}
2025-03-20T18:10:10Z|9001|READ|/var/www/.shell.php|failure|{"suspicious": true, "sequence": 1919}
2025-03-20T18:10:29Z|5013|READ|/etc/passwd|success|{}
2025-03-20T18:10:49Z|4001|RENAME|/etc/cron.d/.hack|failure|{}
2025-03-20T18:11:03Z|5010|WRITE|/home/user/.ssh/id_rsa|success|{"size": 356394}
2025-03-20T18:11:09Z|9004|ATTRIBUTE|/dev/shm/.malware|failure|{}
2025-03-20T18:11:31Z|9101|RENAME|/dev/shm/.malware|success|{}
2025-03-20T18:11:33Z|4012|ATTRIBUTE|/tmp/.hidden_script|success|{}
2025-03-20T18:12:03Z|9200|READ|/var/log/syslog|success|{}
2025-03-20T18:12:09Z|5|RENAME|/tmp/backdoor.bin|failure|{}
2025-03-20T18:12:37Z|6004|RENAME|/etc/passwd|success|{}
2025-03-20T18:12:44Z|9201|WRITE|/etc/hosts|failure|{"size": 142925}
2025-03-20T18:12:53Z|4021|ATTRIBUTE|/var/log/syslog|success|{}
2025-03-20T18:13:03Z|7000|READ|/tmp/.hidden_script|success|{"suspicious": true, "sequence": 1931}
2025-03-20T18:13:14Z|7000|ATTRIBUTE|/etc/cron.d/.hack|success|{}
2025-03-20T18:13:15Z|1013|READ|/tmp/.hidden_script|success|{"suspicious": true, "sequence": 1933}
2025-03-20T18:13:38Z|7002|EXECUTE|/var/log/syslog|success|{}
2025-03-20T18:13:57Z|5|DELETE|/tmp/.hidden_script|success|{}
2025-03-20T18:14:04Z|5|ATTRIBUTE|/etc/passwd|failure|{}
2025-03-20T18:14:09Z|7002|READ|/tmp/.hidden_script|success|{"suspicious": true, "sequence": 1937}
2025-03-20T18:14:10Z|1001|EXECUTE|/home/user/documents/report.doc|success|{}
2025-03-20T18:14:34Z|6008|RENAME|/etc/cron.d/.hack|success|{}
2025-03-20T18:14:39Z|7000|EXECUTE|/tmp/test.txt|success|{}
2025-03-20T18:15:07Z|5008|READ|/tmp/.hidden_script|success|{"suspicious": true, "sequence": 1941}
2025-03-20T18:15:30Z|7000|ATTRIBUTE|/etc/passwd|success|{}
2025-03-20T18:15:47Z|5010|WRITE|/etc/passwd|success|{"size": 363997}
2025-03-20T18:15:56Z|7002|WRITE|/home/user/documents/report.doc|success|{"size": 580237}
2025-03-20T18:16:01Z|5009|DELETE|/tmp/backdoor.bin|success|{}
2025-03-20T18:16:09Z|9004|RENAME|/var/www/.shell.php|success|{}
2025-03-20T18:16:20Z|1009|WRITE|/var/log/syslog|success|{"size": 118264}
2025-03-20T18:16:27Z|9100|WRITE|/tmp/backdoor.bin|success|{"suspicious": true, "sequence": 1948}
2025-03-20T18:16:52Z|5|ATTRIBUTE|/home/user/.ssh/id_rsa|success|{}
2025-03-20T18:17:03Z|9102|DELETE|/tmp/test.txt|success|{}
2025-03-20T18:17:23Z|9104|ATTRIBUTE|/etc/passwd|success|{}
2025-03-20T18:17:51Z|4002|EXECUTE|/etc/passwd|failure|{}
2025-03-20T18:17:55Z|1000|READ|/tmp/.hidden_script|success|{"suspicious": true, "sequence": 1953}
2025-03-20T18:18:15Z|1005|RENAME|/dev/shm/.malware|success|{}
2025-03-20T18:18:42Z|1015|EXECUTE|/tmp/test.txt|success|{}
2025-03-20T18:18:48Z|7001|RENAME|/home/user/.ssh/id_rsa|success|{}
2025-03-20T18:18:59Z|6006|READ|/dev/shm/.malware|success|{"suspicious": true, "sequence": 1957}
2025-03-20T18:19:17Z|9104|RENAME|/etc/hosts|success|{}
2025-03-20T18:19:37Z|2|DELETE|/dev/shm/.malware|success|{}
2025-03-20T18:20:06Z|4006|READ|/var/www/.shell.php|success|{"suspicious": true, "sequence": 1960}
2025-03-20T18:20:33Z|9102|RENAME|/var/log/syslog|success|{}
2025-03-20T18:20:36Z|9203|ATTRIBUTE|/etc/hosts|success|{}
2025-03-20T18:20:46Z|9200|WRITE|/etc/shadow|success|{"size": 222848}
2025-03-20T18:21:06Z|5010|RENAME|/dev/shm/.malware|success|{}
2025-03-20T18:21:36Z|9002|DELETE|/home/user/.ssh/id_rsa|failure|{}
2025-03-20T18:21:44Z|4014|EXECUTE|/etc/cron.d/.hack|failure|{}
2025-03-20T18:21:52Z|4015|EXECUTE|/tmp/.hidden_script|success|{}
2025-03-20T18:22:06Z|9202|READ|/tmp/.hidden_script|success|{"suspicious": true, "sequence": 1968}
2025-03-20T18:22:13Z|9102|EXECUTE|/tmp/.hidden_script|success|{}
2025-03-20T18:22:39Z|9201|RENAME|/etc/hosts|success|{}
2025-03-20T18:22:54Z|9104|DELETE|/etc/shadow|success|{}
2025-03-20T18:23:01Z|3|DELETE|/tmp/backdoor.bin|success|{}
2025-03-20T18:23:15Z|9003|ATTRIBUTE|/dev/shm/.malware|success|{}
2025-03-20T18:23:45Z|7002|READ|/tmp/backdoor.bin|success|{"suspicious": true, "sequence": 1974}
2025-03-20T18:23:48Z|9202|WRITE|/etc/shadow|success|{"size": 242514}
2025-03-20T18:23:58Z|5001|DELETE|/etc/cron.d/.hack|success|{}
2025-03-20T18:24:10Z|2|ATTRIBUTE|/dev/shm/.malware|success|{}
2025-03-20T18:24:25Z|9100|READ|/dev/shm/.malware|success|{"suspicious": true, "sequence": 1978}
2025-03-20T18:24:26Z|5014|WRITE|/tmp/.hidden_script|success|{"suspicious": true, "sequence": 1979}
2025-03-20T18:24:27Z|3|DELETE|/var/www/.shell.php|success|{}
2025-03-20T18:24:52Z|1003|ATTRIBUTE|/home/user/.ssh/id_rsa|success|{}
2025-03-20T18:25:14Z|7004|DELETE|/etc/cron.d/.hack|success|{}
2025-03-20T18:25:43Z|5002|WRITE|/var/log/syslog|success|{"size": 355988}
2025-03-20T18:26:12Z|9203|WRITE|/etc/shadow|success|{"size": 1039787}
2025-03-20T18:26:14Z|5|WRITE|/etc/passwd|success|{"size": 911744}
2025-03-20T18:26:35Z|5008|ATTRIBUTE|/tmp/test.txt|success|{}
2025-03-20T18:26:38Z|7003|WRITE|/var/log/auth.log|success|{"size": 734743}
2025-03-20T18:26:54Z|9204|WRITE|/home/user/documents/report.doc|success|{"size": 414346}
2025-03-20T18:27:19Z|9100|ATTRIBUTE|/etc/hosts|success|{}
2025-03-20T18:27:43Z|1006|DELETE|/home/user/documents/report.doc|success|{}
2025-03-20T18:27:59Z|6003|EXECUTE|/home/user/documents/report.doc|success|{}
2025-03-20T18:28:27Z|1000|EXECUTE|/tmp/.hidden_script|success|{}
2025-03-20T18:28:30Z|7000|RENAME|/dev/shm/.malware|failure|{}
2025-03-20T18:28:59Z|7003|ATTRIBUTE|/etc/cron.d/.hack|failure|{}
2025-03-20T18:29:05Z|7003|EXECUTE|/tmp/test.txt|failure|{}
2025-03-20T18:29:35Z|9003|DELETE|/dev/shm/.malware|success|{}
2025-03-20T18:30:04Z|2|RENAME|/etc/hosts|success|{}
2025-03-20T18:30:17Z|7000|DELETE|/tmp/.hidden_script|success|{}
2025-03-20T18:30:21Z|1005|READ|/etc/passwd|success|{}
2025-03-20T18:30:39Z|9002|DELETE|/tmp/backdoor.bin|success|{}
2025-03-20T18:31:07Z|1008|EXECUTE|/tmp/.hidden_script|success|{}
2025-03-20T18:31:29Z|5013|READ|/etc/hosts|success|{}
2025-03-20T18:31:46Z|1014|WRITE|/etc/hosts|success|{"size": 159482}
2025-03-20T18:32:00Z|1009|EXECUTE|/etc/shadow|success|{}
2025-03-20T18:32:21Z|7003|RENAME|/tmp/.hidden_script|success|{}
2025-03-20T18:32:44Z|1018|WRITE|/var/log/auth.log|success|{"size": 806668}
2025-03-20T18:33:04Z|4010|ATTRIBUTE|/tmp/backdoor.bin|success|{}
2025-03-20T18:33:29Z|5011|ATTRIBUTE|/tmp/.hidden_script|success|{}
2025-03-20T18:33:30Z|4003|ATTRIBUTE|/var/www/.shell.php|success|{}
2025-03-20T18:33:32Z|9202|ATTRIBUTE|/dev/shm/.malware|success|{}
2025-03-20T18:33:57Z|3|ATTRIBUTE|/etc/hosts|success|{}
2025-03-20T18:33:59Z|9004|RENAME|/var/log/auth.log|success|{}
2025-03-20T18:34:27Z|5003|DELETE|/tmp/backdoor.bin|success|{}
2025-03-20T18:34:28Z|7001|EXECUTE|/etc/hosts|success|{}
2025-03-20T18:34:36Z|1019|WRITE|/tmp/test.txt|success|{"size": 288668}
2025-03-20T18:34:55Z|1016|RENAME|/var/log/auth.log|success|{}
2025-03-20T18:35:12Z|9102|READ|/var/log/auth.log|failure|{}
2025-03-20T18:35:26Z|1007|READ|/dev/shm/.malware|success|{"suspicious": true, "sequence": 2018}
2025-03-20T18:35:49Z|7003|ATTRIBUTE|/etc/hosts|success|{}
2025-03-20T18:36:14Z|5006|ATTRIBUTE|/etc/passwd|success|{}
2025-03-20T18:36:30Z|9201|ATTRIBUTE|/home/user/.ssh/id_rsa|success|{}
2025-03-20T18:36:46Z|1|RENAME|/etc/cron.d/.hack|success|{}
2025-03-20T18:37:09Z|1016|EXECUTE|/tmp/backdoor.bin|success|{}
2025-03-20T18:37:31Z|9000|EXECUTE|/etc/passwd|success|{}
2025-03-20T18:37:53Z|9201|DELETE|/tmp/.hidden_script|success|{}
2025-03-20T18:38:05Z|7001|READ|/home/user/documents/report.doc|success|{}
2025-03-20T18:38:25Z|5004|READ|/var/log/auth.log|success|{}
2025-03-20T18:38:43Z|4026|WRITE|/etc/hosts|success|{"size": 634575}
2025-03-20T18:38:57Z|3|ATTRIBUTE|/etc/passwd|success|{}
2025-03-20T18:39:12Z|4000|DELETE|/tmp/.hidden_script|success|{}
2025-03-20T18:39:13Z|7004|READ|/tmp/backdoor.bin|success|{"suspicious": true, "sequence": 2031}
2025-03-20T18:39:21Z|1007|RENAME|/tmp/backdoor.bin|success|{}
2025-03-20T18:39:51Z|9002|RENAME|/dev/shm/.malware|success|{}
2025-03-20T18:39:55Z|9200|EXECUTE|/tmp/backdoor.bin|success|{}
2025-03-20T18:40:01Z|4012|EXECUTE|/tmp/test.txt|success|{}
2025-03-20T18:40:02Z|9100|ATTRIBUTE|/var/log/auth.log|success|{}
2025-03-20T18:40:27Z|9100|EXECUTE|/var/log/syslog|success|{}
2025-03-20T18:40:57Z|2|EXECUTE|/var/www/.shell.php|success|{}
2025-03-20T18:41:15Z|9001|WRITE|/home/user/documents/report.doc|success|{"size": 339845}
2025-03-20T18:41:45Z|9101|RENAME|/tmp/test.txt|success|{}
2025-03-20T18:41:47Z|9200|READ|/etc/hosts|success|{}
2025-03-20T18:41:55Z|9204|ATTRIBUTE|/home/user/.ssh/id_rsa|success|{}
2025-03-20T18:42:19Z|9004|WRITE|/home/user/documents/report.doc|success|{"size": 389844}
2025-03-20T18:42:35Z|7002|ATTRIBUTE|/var/log/syslog|success|{}
2025-03-20T18:42:36Z|5005|DELETE|/etc/hosts|success|{}
2025-03-20T18:42:38Z|9003|READ|/var/log/syslog|failure|{}
2025-03-20T18:42:58Z|7001|WRITE|/var/log/syslog|success|{"size": 916443}
2025-03-20T18:43:28Z|5013|RENAME|/etc/hosts|success|{}
2025-03-20T18:43:40Z|2|RENAME|/tmp/test.txt|success|{}
2025-03-20T18:44:05Z|9203|EXECUTE|/etc/passwd|success|{}
2025-03-20T18:44:09Z|5005|DELETE|/dev/shm/.malware|success|{}
2025-03-20T18:44:13Z|7003|EXECUTE|/etc/passwd|success|{}
2025-03-20T18:44:36Z|9204|EXECUTE|/var/www/.shell.php|success|{}
2025-03-20T18:45:00Z|1013|DELETE|/tmp/test.txt|success|{}
2025-03-20T18:45:13Z|7004|WRITE|/var/log/auth.log|success|{"size": 156516}
2025-03-20T18:45:21Z|4011|DELETE|/var/log/auth.log|success|{}
2025-03-20T18:45:50Z|1017|RENAME|/etc/shadow|success|{}
2025-03-20T18:46:13Z|4007|READ|/var/www/.shell.php|success|{"suspicious": true, "sequence": 2058}
2025-03-20T18:46:39Z|6007|WRITE|/dev/shm/.malware|success|{"suspicious": true, "sequence": 2059}
2025-03-20T18:46:46Z|9102|EXECUTE|/etc/hosts|success|{}
2025-03-20T18:46:47Z|3|DELETE|/home/user/.ssh/id_rsa|success|{}
2025-03-20T18:47:17Z|1|DELETE|/etc/cron.d/.hack|success|{}
2025-03-20T18:47:47Z|1007|ATTRIBUTE|/var/log/syslog|success|{}
2025-03-20T18:48:02Z|1003|WRITE|/etc/cron.d/.hack|failure|{"suspicious": true, "sequence": 2064}
2025-03-20T18:48:13Z|9202|EXECUTE|/var/log/syslog|success|{}
2025-03-20T18:48:35Z|9104|DELETE|/tmp/backdoor.bin|success|{}
2025-03-20T18:48:38Z|9203|DELETE|/var/log/syslog|success|{}
2025-03-20T18:48:53Z|5002|RENAME|/etc/shadow|failure|{}
2025-03-20T18:49:23Z|4008|EXECUTE|/etc/hosts|success|{}
2025-03-20T18:49:51Z|6007|WRITE|/var/log/auth.log|success|{"size": 223149}
2025-03-20T18:50:15Z|9103|RENAME|/etc/passwd|success|{}
2025-03-20T18:50:17Z|6000|ATTRIBUTE|/tmp/backdoor.bin|success|{}
2025-03-20T18:50:31Z|1|READ|/etc/cron.d/.hack|success|{"suspicious": true, "sequence": 2073}
2025-03-20T18:51:00Z|4001|RENAME|/etc/shadow|success|{}
2025-03-20T18:51:17Z|3|ATTRIBUTE|/etc/shadow|success|{}
2025-03-20T18:51:26Z|1009|READ|/etc/passwd|success|{}
2025-03-20T18:51:31Z|5000|ATTRIBUTE|/var/log/syslog|success|{}
2025-03-20T18:51:51Z|1004|ATTRIBUTE|/etc/cron.d/.hack|success|{}
2025-03-20T18:51:54Z|7002|RENAME|/etc/hosts|success|{}
2025-03-20T18:52:03Z|4013|WRITE|/var/log/syslog|success|{"size": 198893}
2025-03-20T18:52:24Z|7000|DELETE|/home/user/documents/report.doc|failure|{}
2025-03-20T18:52:27Z|9204|ATTRIBUTE|/dev/shm/.malware|success|{}
2025-03-20T18:52:37Z|4|WRITE|/tmp/test.txt|failure|{"size": 249427}
2025-03-20T18:52:45Z|5002|RENAME|/var/log/syslog|success|{}
2025-03-20T18:52:55Z|1015|ATTRIBUTE|/tmp/backdoor.bin|success|{}
2025-03-20T18:53:00Z|6000|DELETE|/etc/hosts|success|{}
2025-03-20T18:53:27Z|5002|READ|/var/log/syslog|success|{}
2025-03-20T18:53:30Z|7000|ATTRIBUTE|/etc/passwd|success|{}
2025-03-20T18:53:32Z|5008|WRITE|/tmp/test.txt|success|{"size": 146056}
2025-03-20T18:53:37Z|7004|EXECUTE|/etc/hosts|success|{}
2025-03-20T18:53:47Z|1006|EXECUTE|/home/user/documents/report.doc|success|{}
2025-03-20T18:53:52Z|7004|READ|/tmp/.hidden_script|success|{"suspicious": true, "sequence": 2092}
2025-03-20T18:54:13Z|9203|EXECUTE|/etc/passwd|success|{}
2025-03-20T18:54:34Z|6003|DELETE|/etc/shadow|success|{}
2025-03-20T18:54:48Z|5013|EXECUTE|/tmp/.hidden_script|success|{}
2025-03-20T18:54:59Z|5013|ATTRIBUTE|/var/log/auth.log|success|{}
2025-03-20T18:55:00Z|1|ATTRIBUTE|/var/log/auth.log|success|{}
2025-03-20T18:55:17Z|7004|RENAME|/var/log/auth.log|success|{}
2025-03-20T18:55:31Z|4028|ATTRIBUTE|/dev/shm/.malware|success|{}
2025-03-20T18:55:39Z|7000|WRITE|/etc/cron.d/.hack|success|{"suspicious": true, "sequence": 2100}
2025-03-20T18:56:09Z|9202|RENAME|/etc/shadow|success|{}
2025-03-20T18:56:23Z|9201|EXECUTE|/etc/shadow|success|{}
2025-03-20T18:56:37Z|5000|ATTRIBUTE|/etc/shadow|success|{}
2025-03-20T18:57:03Z|9100|EXECUTE|/home/user/documents/report.doc|success|{}
2025-03-20T18:57:11Z|1015|ATTRIBUTE|/tmp/test.txt|failure|{}
2025-03-20T18:57:22Z|4029|WRITE|/etc/hosts|success|{"size": 205332}
2025-03-20T18:57:27Z|7004|READ|/var/www/.shell.php|success|{"suspicious": true, "sequence": 2107}
2025-03-20T18:57:38Z|6005|ATTRIBUTE|/var/log/syslog|success|{}
2025-03-20T18:57:48Z|5006|READ|/etc/shadow|success|{}
2025-03-20T18:58:11Z|6006|DELETE|/etc/passwd|failure|{}
2025-03-20T18:58:14Z|9001|WRITE|/etc/shadow|success|{"size": 395339}
2025-03-20T18:58:42Z|9004|RENAME|/tmp/backdoor.bin|success|{}
2025-03-20T18:58:55Z|9104|ATTRIBUTE|/var/log/auth.log|success|{}
2025-03-20T18:59:20Z|6005|READ|/etc/passwd|success|{}
2025-03-20T18:59:26Z|9000|WRITE|/var/log/syslog|success|{"size": 142436}
2025-03-20T18:59:37Z|9001|DELETE|/home/user/.ssh/id_rsa|success|{}
2025-03-20T18:59:53Z|2|ATTRIBUTE|/etc/passwd|success|{}
2025-03-20T19:00:10Z|9204|WRITE|/tmp/.hidden_script|success|{"suspicious": true, "sequence": 2118}
2025-03-20T19:00:12Z|9202|RENAME|/etc/cron.d/.hack|success|{}
2025-03-20T19:00:30Z|5009|ATTRIBUTE|/var/www/.shell.php|success|{}
2025-03-20T19:00:39Z|4|WRITE|/var/www/.shell.php|success|{"suspicious": true, "sequence": 2121}
2025-03-20T19:00:54Z|9104|DELETE|/tmp/backdoor.bin|failure|{}
2025-03-20T19:01:05Z|3|WRITE|/var/www/.shell.php|success|{"suspicious": true, "sequence": 2123}
2025-03-20T19:01:15Z|6007|RENAME|/tmp/test.txt|success|{}
2025-03-20T19:01:20Z|5006|WRITE|/etc/cron.d/.hack|success|{"suspicious": true, "sequence": 2125}
2025-03-20T19:01:31Z|5002|RENAME|/var/log/auth.log|success|{}
2025-03-20T19:01:50Z|4|ATTRIBUTE|/tmp/backdoor.bin|success|{}
2025-03-20T19:02:19Z|1005|DELETE|/etc/passwd|failure|{}
2025-03-20T19:02:36Z|1004|ATTRIBUTE|/var/www/.shell.php|success|{}
2025-03-20T19:03:01Z|6000|WRITE|/tmp/backdoor.bin|success|{"suspicious": true, "sequence": 2130}
2025-03-20T19:03:06Z|1014|ATTRIBUTE|/home/user/documents/report.doc|success|{}
2025-03-20T19:03:15Z|6001|WRITE|/home/user/documents/report.doc|success|{"size": 1010225}
2025-03-20T19:03:19Z|1015|WRITE|/dev/shm/.malware|success|{"suspicious": true, "sequence": 2133}
2025-03-20T19:03:48Z|9103|ATTRIBUTE|/var/log/auth.log|success|{}
2025-03-20T19:04:01Z|1006|DELETE|/tmp/.hidden_script|success|{}
2025-03-20T19:04:13Z|1|RENAME|/var/log/auth.log|success|{}
2025-03-20T19:04:27Z|7003|EXECUTE|/etc/passwd|success|{}
2025-03-20T19:04:36Z|6008|EXECUTE|/tmp/test.txt|success|{}
2025-03-20T19:04:50Z|5011|WRITE|/etc/hosts|success|{"size": 349463}
2025-03-20T19:05:11Z|1019|DELETE|/dev/shm/.malware|failure|{}
2025-03-20T19:05:34Z|5003|RENAME|/etc/passwd|success|{}
2025-03-20T19:05:48Z|7001|READ|/var/log/auth.log|success|{}
2025-03-20T19:05:55Z|9103|READ|/var/log/syslog|success|{}
2025-03-20T19:06:17Z|9103|ATTRIBUTE|/tmp/backdoor.bin|success|{}
2025-03-20T19:06:32Z|9100|READ|/dev/shm/.malware|success|{"suspicious": true, "sequence": 2145}
2025-03-20T19:06:44Z|9204|EXECUTE|/var/log/syslog|success|{}
2025-03-20T19:06:57Z|9202|RENAME|/etc/shadow|success|{}
2025-03-20T19:07:20Z|6006|EXECUTE|/var/log/auth.log|failure|{}
2025-03-20T19:07:31Z|4|READ|/tmp/test.txt|success|{}
2025-03-20T19:07:53Z|9003|DELETE|/var/www/.shell.php|success|{}
2025-03-20T19:08:04Z|9100|ATTRIBUTE|/dev/shm/.malware|success|{}
2025-03-20T19:08:26Z|4008|WRITE|/etc/cron.d/.hack|success|{"suspicious": true, "sequence": 2152}
2025-03-20T19:08:53Z|9002|WRITE|/home/user/documents/report.doc|success|{"size": 329515}
2025-03-20T19:09:03Z|6009|ATTRIBUTE|/etc/shadow|failure|{}
2025-03-20T19:09:28Z|9100|READ|/tmp/test.txt|success|{}
2025-03-20T19:09:40Z|9003|DELETE|/var/www/.shell.php|success|{}
2025-03-20T19:10:06Z|5009|WRITE|/etc/passwd|failure|{"size": 209910}
2025-03-20T19:10:27Z|9000|RENAME|/etc/shadow|success|{}
2025-03-20T19:10:49Z|9203|READ|/etc/passwd|success|{}
2025-03-20T19:11:04Z|4018|WRITE|/var/log/syslog|success|{"size": 573680}
2025-03-20T19:11:14Z|5003|READ|/etc/passwd|success|{}
2025-03-20T19:11:36Z|7003|EXECUTE|/var/log/syslog|success|{}
2025-03-20T19:11:50Z|9202|EXECUTE|/etc/passwd|success|{}
2025-03-20T19:12:08Z|6001|WRITE|/etc/passwd|success|{"size": 850772}
2025-03-20T19:12:14Z|5014|DELETE|/tmp/test.txt|success|{}
2025-03-20T19:12:37Z|2|DELETE|/var/www/.shell.php|success|{}
2025-03-20T19:12:59Z|4002|WRITE|/var/www/.shell.php|success|{"suspicious": true, "sequence": 2167}
2025-03-20T19:13:16Z|6004|RENAME|/etc/hosts|success|{}
2025-03-20T19:13:20Z|5006|RENAME|/var/log/auth.log|failure|{}
2025-03-20T19:13:43Z|6003|RENAME|/tmp/.hidden_script|success|{}
2025-03-20T19:14:00Z|7000|DELETE|/etc/hosts|success|{}
2025-03-20T19:14:20Z|7002|ATTRIBUTE|/etc/shadow|success|{}
2025-03-20T19:14:45Z|9102|RENAME|/etc/shadow|success|{}
2025-03-20T19:15:04Z|4002|READ|/home/user/documents/report.doc|success|{}
2025-03-20T19:15:24Z|1011|ATTRIBUTE|/var/log/syslog|success|{}
2025-03-20T19:15:41Z|7003|READ|/etc/hosts|success|{}
2025-03-20T19:15:49Z|9203|ATTRIBUTE|/dev/shm/.malware|success|{}
2025-03-20T19:16:16Z|9003|ATTRIBUTE|/home/user/documents/report.doc|success|{}
2025-03-20T19:16:31Z|4|ATTRIBUTE|/home/user/.ssh/id_rsa|success|{}
2025-03-20T19:16:37Z|1003|ATTRIBUTE|/tmp/test.txt|success|{}
2025-03-20T19:16:38Z|1008|EXECUTE|/dev/shm/.malware|success|{}
2025-03-20T19:16:39Z|9003|WRITE|/dev/shm/.malware|success|{"suspicious": true, "sequence": 2182}
2025-03-20T19:16:53Z|6006|DELETE|/var/log/auth.log|failure|{}
2025-03-20T19:17:08Z|9204|DELETE|/tmp/.hidden_script|success|{}
2025-03-20T19:17:23Z|4001|ATTRIBUTE|/etc/passwd|success|{}
2025-03-20T19:17:31Z|4024|RENAME|/var/log/auth.log|failure|{}
2025-03-20T19:17:53Z|7003|DELETE|/var/www/.shell.php|success|{}
2025-03-20T19:17:57Z|4025|READ|/etc/hosts|failure|{}
2025-03-20T19:18:14Z|5005|READ|/var/log/auth.log|success|{}
2025-03-20T19:18:33Z|9104|EXECUTE|/etc/cron.d/.hack|success|{}
2025-03-20T19:18:45Z|9103|WRITE|/home/user/documents/report.doc|success|{"size": 711029}
2025-03-20T19:18:59Z|4005|READ|/dev/shm/.malware|success|{"suspicious": true, "sequence": 2192}
2025-03-20T19:19:15Z|9001|DELETE|/tmp/.hidden_script|success|{}
2025-03-20T19:19:25Z|6007|WRITE|/etc/cron.d/.hack|success|{"suspicious": true, "sequence": 2194}
2025-03-20T19:19:30Z|9001|RENAME|/etc/cron.d/.hack|success|{}
2025-03-20T19:19:56Z|9200|EXECUTE|/etc/passwd|success|{}
2025-03-20T19:20:16Z|4016|DELETE|/etc/shadow|success|{}
2025-03-20T19:20:32Z|7004|RENAME|/tmp/backdoor.bin|success|{}
2025-03-20T19:20:37Z|6009|EXECUTE|/etc/shadow|failure|{}
2025-03-20T19:20:47Z|9203|DELETE|/home/user/documents/report.doc|success|{}
2025-03-20T19:21:11Z|1015|ATTRIBUTE|/etc/cron.d/.hack|success|{}
2025-03-20T19:21:20Z|9003|RENAME|/etc/shadow|success|{}
2025-03-20T19:21:22Z|9104|RENAME|/etc/cron.d/.hack|failure|{}
2025-03-20T19:21:32Z|9004|WRITE|/etc/passwd|success|{"size": 982887}
2025-03-20T19:21:42Z|2|ATTRIBUTE|/var/log/auth.log|success|{}
2025-03-20T19:22:00Z|3|READ|/etc/cron.d/.hack|success|{"suspicious": true, "sequence": 2206}
2025-03-20T19:22:05Z|9203|RENAME|/tmp/.hidden_script|success|{}
2025-03-20T19:22:12Z|5013|DELETE|/home/user/.ssh/id_rsa|success|{}
2025-03-20T19:22:42Z|4022|ATTRIBUTE|/var/log/syslog|success|{}
2025-03-20T19:23:11Z|9104|WRITE|/etc/shadow|success|{"size": 250881}
2025-03-20T19:23:15Z|9104|EXECUTE|/tmp/test.txt|success|{}
2025-03-20T19:23:42Z|9102|RENAME|/tmp/test.txt|success|{}
2025-03-20T19:23:53Z|5006|READ|/var/log/auth.log|success|{}
2025-03-20T19:24:22Z|1|ATTRIBUTE|/etc/passwd|success|{}
2025-03-20T19:24:34Z|9204|DELETE|/tmp/test.txt|failure|{}
2025-03-20T19:24:37Z|9201|RENAME|/etc/hosts|success|{}
2025-03-20T19:24:55Z|7003|RENAME|/var/www/.shell.php|success|{}
2025-03-20T19:25:05Z|9202|EXECUTE|/tmp/test.txt|success|{}
2025-03-20T19:25:26Z|6008|RENAME|/etc/passwd|success|{}
2025-03-20T19:25:30Z|4002|WRITE|/tmp/.hidden_script|success|{"suspicious": true, "sequence": 2220}
2025-03-20T19:25:36Z|5010|ATTRIBUTE|/etc/hosts|success|{}
2025-03-20T19:25:37Z|1016|WRITE|/tmp/test.txt|success|{"size": 517602}
2025-03-20T19:25:50Z|9104|RENAME|/tmp/.hidden_script|success|{}
2025-03-20T19:26:07Z|9204|ATTRIBUTE|/tmp/backdoor.bin|success|{}
2025-03-20T19:26:16Z|4013|READ|/home/user/documents/report.doc|success|{}
2025-03-20T19:26:37Z|9103|READ|/tmp/test.txt|success|{}
2025-03-20T19:26:53Z|9201|DELETE|/etc/cron.d/.hack|success|{}
2025-03-20T19:26:57Z|5|WRITE|/tmp/test.txt|success|{"size": 636457}
2025-03-20T19:27:09Z|4003|DELETE|/tmp/backdoor.bin|success|{}
2025-03-20T19:27:20Z|9003|WRITE|/tmp/test.txt|success|{"size": 850606}
2025-03-20T19:27:48Z|6004|RENAME|/tmp/test.txt|success|{}
2025-03-20T19:27:55Z|7004|WRITE|/var/www/.shell.php|success|{"suspicious": true, "sequence": 2232}
2025-03-20T19:28:00Z|5008|DELETE|/etc/shadow|success|{}
2025-03-20T19:28:25Z|9004|WRITE|/etc/passwd|success|{"size": 375239}
2025-03-20T19:28:38Z|7002|DELETE|/etc/shadow|success|{}
2025-03-20T19:28:40Z|1016|EXECUTE|/home/user/documents/report.doc|success|{}
2025-03-20T19:29:02Z|6001|WRITE|/home/user/documents/report.doc|success|{"size": 417137}
2025-03-20T19:29:25Z|4002|READ|/tmp/backdoor.bin|success|{"suspicious": true, "sequence": 2238}
2025-03-20T19:29:55Z|4021|WRITE|/var/www/.shell.php|success|{"suspicious": true, "sequence": 2239}
2025-03-20T19:30:12Z|9003|WRITE|/var/www/.shell.php|success|{"suspicious": true, "sequence": 2240}
2025-03-20T19:30:30Z|9003|READ|/tmp/backdoor.bin|failure|{"suspicious": true, "sequence": 2241}
2025-03-20T19:30:40Z|4|EXECUTE|/home/user/documents/report.doc|success|{}
2025-03-20T19:30:51Z|7004|EXECUTE|/etc/cron.d/.hack|success|{}
2025-03-20T19:31:02Z|4024|ATTRIBUTE|/var/log/syslog|success|{}
2025-03-20T19:31:30Z|6004|DELETE|/etc/passwd|success|{}
2025-03-20T19:31:51Z|2|EXECUTE|/var/log/auth.log|success|{}
2025-03-20T19:32:21Z|9102|DELETE|/etc/cron.d/.hack|success|{}
2025-03-20T19:32:24Z|9100|DELETE|/etc/passwd|success|{}
2025-03-20T19:32:53Z|9103|RENAME|/etc/hosts|success|{}
2025-03-20T19:33:01Z|4003|EXECUTE|/tmp/.hidden_script|success|{}
2025-03-20T19:33:12Z|9001|EXECUTE|/var/log/syslog|success|{}
2025-03-20T19:33:13Z|4008|RENAME|/var/log/syslog|success|{}
2025-03-20T19:33:17Z|9204|READ|/etc/hosts|success|{}
2025-03-20T19:33:41Z|6008|ATTRIBUTE|/home/user/.ssh/id_rsa|success|{}
2025-03-20T19:33:47Z|1016|RENAME|/etc/passwd|success|{}
2025-03-20T19:34:07Z|9000|ATTRIBUTE|/var/log/auth.log|success|{}
2025-03-20T19:34:23Z|9100|EXECUTE|/home/user/.ssh/id_rsa|success|{}
2025-03-20T19:34:35Z|9203|DELETE|/tmp/test.txt|success|{}
2025-03-20T19:34:41Z|1003|DELETE|/home/user/documents/report.doc|success|{}
2025-03-20T19:35:03Z|6006|ATTRIBUTE|/var/log/auth.log|success|{}
2025-03-20T19:35:22Z|9202|EXECUTE|/tmp/.hidden_script|failure|{}
2025-03-20T19:35:43Z|1|READ|/etc/cron.d/.hack|success|{"suspicious": true, "sequence": 2262}
2025-03-20T19:36:04Z|7001|READ|/var/log/auth.log|success|{}
2025-03-20T19:36:14Z|1005|DELETE|/tmp/backdoor.bin|success|{}
2025-03-20T19:36:30Z|4015|WRITE|/etc/cron.d/.hack|success|{"suspicious": true, "sequence": 2265}
2025-03-20T19:36:38Z|9100|DELETE|/tmp/backdoor.bin|success|{}
2025-03-20T19:36:43Z|9000|EXECUTE|/tmp/.hidden_script|failure|{}
2025-03-20T19:37:08Z|6004|WRITE|/var/log/auth.log|success|{"size": 198191}
2025-03-20T19:37:30Z|9002|READ|/home/user/.ssh/id_rsa|success|{}
2025-03-20T19:37:51Z|9100|DELETE|/etc/hosts|success|{}
2025-03-20T19:38:18Z|9103|DELETE|/var/www/.shell.php|success|{}
2025-03-20T19:38:26Z|4008|RENAME|/etc/shadow|success|{}
2025-03-20T19:38:32Z|2|RENAME|/etc/hosts|success|{}
2025-03-20T19:38:58Z|9000|READ|/var/www/.shell.php|success|{"suspicious": true, "sequence": 2274}
2025-03-20T19:39:03Z|2|ATTRIBUTE|/tmp/test.txt|success|{}
2025-03-20T19:39:10Z|5000|DELETE|/etc/hosts|success|{}
2025-03-20T19:39:29Z|2|READ|/etc/passwd|success|{}
2025-03-20T19:39:51Z|9003|ATTRIBUTE|/var/log/syslog|failure|{}
2025-03-20T19:40:00Z|5003|DELETE|/tmp/.hidden_script|success|{}
2025-03-20T19:40:15Z|5009|RENAME|/var/log/auth.log|success|{}
2025-03-20T19:40:19Z|5000|WRITE|/var/www/.shell.php|failure|{"suspicious": true, "sequence": 2281}
2025-03-20T19:40:20Z|5009|EXECUTE|/etc/shadow|success|{}
2025-03-20T19:40:32Z|9003|ATTRIBUTE|/dev/shm/.malware|failure|{}
2025-03-20T19:40:56Z|5|DELETE|/etc/passwd|success|{}
2025-03-20T19:41:15Z|9000|WRITE|/etc/cron.d/.hack|success|{"suspicious": true, "sequence": 2285}
2025-03-20T19:41:19Z|9103|RENAME|/etc/cron.d/.hack|success|{}
2025-03-20T19:41:21Z|1019|WRITE|/etc/hosts|success|{"size": 461799}
2025-03-20T19:41:23Z|9101|EXECUTE|/tmp/test.txt|success|{}
2025-03-20T19:41:37Z|7000|EXECUTE|/var/log/auth.log|success|{}
2025-03-20T19:41:59Z|4013|READ|/etc/shadow|success|{}
2025-03-20T19:42:00Z|7003|READ|/dev/shm/.malware|success|{"suspicious": true, "sequence": 2291}
2025-03-20T19:42:21Z|9100|EXECUTE|/var/log/syslog|success|{}
2025-03-20T19:42:23Z|9204|EXECUTE|/etc/passwd|failure|{}
2025-03-20T19:42:33Z|1012|EXECUTE|/etc/cron.d/.hack|success|{}
2025-03-20T19:43:00Z|1017|ATTRIBUTE|/etc/cron.d/.hack|failure|{}
2025-03-20T19:43:04Z|9003|ATTRIBUTE|/var/www/.shell.php|success|{}
2025-03-20T19:43:24Z|5012|DELETE|/home/user/.ssh/id_rsa|success|{}
2025-03-20T19:43:50Z|4010|RENAME|/var/log/syslog|success|{}
2025-03-20T19:44:20Z|2|WRITE|/tmp/test.txt|success|{"size": 669345}
2025-03-20T19:44:37Z|7003|EXECUTE|/etc/cron.d/.hack|success|{}
2025-03-20T19:45:03Z|1018|DELETE|/dev/shm/.malware|success|{}
2025-03-20T19:45:19Z|1|RENAME|/etc/shadow|failure|{}
2025-03-20T19:45:33Z|9004|EXECUTE|/tmp/backdoor.bin|success|{}
2025-03-20T19:45:46Z|9104|READ|/tmp/.hidden_script|success|{"suspicious": true, "sequence": 2304}
2025-03-20T19:45:49Z|1009|ATTRIBUTE|/var/www/.shell.php|success|{}
2025-03-20T19:46:00Z|4003|RENAME|/tmp/backdoor.bin|success|{}
2025-03-20T19:46:17Z|7003|ATTRIBUTE|/var/log/auth.log|success|{}
2025-03-20T19:46:18Z|9000|WRITE|/tmp/.hidden_script|success|{"suspicious": true, "sequence": 2308}
2025-03-20T19:46:35Z|9204|ATTRIBUTE|/var/www/.shell.php|success|{}
2025-03-20T19:46:36Z|9203|RENAME|/etc/passwd|success|{}
2025-03-20T19:46:45Z|1002|WRITE|/tmp/test.txt|success|{"size": 979168}
2025-03-20T19:46:47Z|1000|EXECUTE|/home/user/documents/report.doc|success|{}
2025-03-20T19:46:56Z|9201|EXECUTE|/var/www/.shell.php|success|{}
2025-03-20T19:47:15Z|1001|READ|/etc/passwd|success|{}
2025-03-20T19:47:29Z|4|ATTRIBUTE|/etc/shadow|success|{}
2025-03-20T19:47:44Z|4|READ|/etc/shadow|failure|{}
2025-03-20T19:48:08Z|7002|DELETE|/home/user/.ssh/id_rsa|success|{}
2025-03-20T19:48:30Z|4019|WRITE|/var/log/auth.log|failure|{"size": 661412}
2025-03-20T19:48:38Z|9003|READ|/var/log/auth.log|success|{}
2025-03-20T19:49:05Z|1004|READ|/home/user/documents/report.doc|failure|{}
2025-03-20T19:49:32Z|7003|READ|/etc/hosts|success|{}
2025-03-20T19:49:44Z|9201|EXECUTE|/var/www/.shell.php|success|{}
2025-03-20T19:50:03Z|5012|DELETE|/etc/passwd|success|{}
2025-03-20T19:50:26Z|6002|DELETE|/var/log/syslog|success|{}
2025-03-20T19:50:49Z|1007|DELETE|/var/www/.shell.php|success|{}
2025-03-20T19:50:53Z|9003|EXECUTE|/dev/shm/.malware|failure|{}
2025-03-20T19:51:04Z|6008|EXECUTE|/dev/shm/.malware|success|{}
2025-03-20T19:51:20Z|2|RENAME|/dev/shm/.malware|success|{}
2025-03-20T19:51:28Z|9000|WRITE|/etc/hosts|success|{"size": 670922}
2025-03-20T19:51:38Z|9104|RENAME|/tmp/test.txt|success|{}
2025-03-20T19:52:00Z|9004|WRITE|/tmp/backdoor.bin|success|{"suspicious": true, "sequence": 2331}
2025-03-20T19:52:30Z|6000|WRITE|/var/log/auth.log|success|{"size": 471515}
2025-03-20T19:52:40Z|9004|READ|/etc/cron.d/.hack|success|{"suspicious": true, "sequence": 2333}
2025-03-20T19:52:49Z|3|ATTRIBUTE|/etc/passwd|success|{}
2025-03-20T19:53:14Z|1010|READ|/tmp/test.txt|success|{}
2025-03-20T19:53:32Z|5014|READ|/etc/hosts|success|{}
2025-03-20T19:53:44Z|9104|DELETE|/etc/passwd|success|{}
2025-03-20T19:54:00Z|1004|ATTRIBUTE|/etc/hosts|success|{}
2025-03-20T19:54:29Z|9004|READ|/etc/cron.d/.hack|success|{"suspicious": true, "sequence": 2339}
2025-03-20T19:54:47Z|9104|EXECUTE|/tmp/test.txt|success|{}
2025-03-20T19:54:53Z|1|ATTRIBUTE|/etc/hosts|success|{}
2025-03-20T19:55:12Z|4015|ATTRIBUTE|/tmp/backdoor.bin|success|{}
2025-03-20T19:55:13Z|9000|WRITE|/etc/shadow|success|{"size": 133829}
2025-03-20T19:55:25Z|4|DELETE|/home/user/documents/report.doc|success|{}
2025-03-20T19:55:32Z|1000|RENAME|/var/log/syslog|success|{}
2025-03-20T19:55:47Z|9202|ATTRIBUTE|/var/www/.shell.php|success|{}
2025-03-20T19:55:48Z|6007|RENAME|/tmp/.hidden_script|success|{}
2025-03-20T19:56:11Z|4|READ|/tmp/backdoor.bin|success|{"suspicious": true, "sequence": 2348}
2025-03-20T19:56:38Z|9102|ATTRIBUTE|/etc/shadow|success|{}
2025-03-20T19:57:08Z|6008|READ|/home/user/documents/report.doc|success|{}
2025-03-20T19:57:21Z|7003|RENAME|/dev/shm/.malware|success|{}
2025-03-20T19:57:45Z|6004|ATTRIBUTE|/var/www/.shell.php|success|{}
2025-03-20T19:58:14Z|4000|WRITE|/var/www/.shell.php|success|{"suspicious": true, "sequence": 2353}
2025-03-20T19:58:15Z|6002|RENAME|/var/www/.shell.php|success|{}
2025-03-20T19:58:43Z|9103|ATTRIBUTE|/dev/shm/.malware|success|{}
2025-03-20T19:58:49Z|9004|WRITE|/var/log/auth.log|success|{"size": 94402}
2025-03-20T19:59:09Z|6009|ATTRIBUTE|/home/user/documents/report.doc|success|{}
2025-03-20T19:59:34Z|9003|ATTRIBUTE|/etc/shadow|success|{}
2025-03-20T20:00:01Z|1008|DELETE|/var/log/auth.log|success|{}
2025-03-20T20:00:18Z|4014|WRITE|/var/log/syslog|success|{"size": 206021}
2025-03-20T20:00:30Z|9201|ATTRIBUTE|/home/user/.ssh/id_rsa|success|{}
2025-03-20T20:00:32Z|9004|RENAME|/dev/shm/.malware|failure|{}
2025-03-20T20:01:00Z|5014|READ|/etc/passwd|success|{}
2025-03-20T20:01:05Z|1|ATTRIBUTE|/home/user/.ssh/id_rsa|success|{}
2025-03-20T20:01:06Z|6009|RENAME|/etc/shadow|success|{}
2025-03-20T20:01:22Z|7004|RENAME|/tmp/backdoor.bin|success|{}
2025-03-20T20:01:32Z|2|READ|/tmp/backdoor.bin|success|{"suspicious": true, "sequence": 2367}
2025-03-20T20:01:55Z|6006|WRITE|/dev/shm/.malware|success|{"suspicious": true, "sequence": 2368}
2025-03-20T20:02:13Z|4011|ATTRIBUTE|/tmp/.hidden_script|success|{}
2025-03-20T20:02:35Z|9002|EXECUTE|/home/user/.ssh/id_rsa|success|{}
2025-03-20T20:02:48Z|5|WRITE|/var/www/.shell.php|success|{"suspicious": true, "sequence": 2371}
2025-03-20T20:03:13Z|9101|WRITE|/tmp/.hidden_script|success|{"suspicious": true, "sequence": 2372}
2025-03-20T20:03:23Z|5010|ATTRIBUTE|/tmp/.hidden_script|success|{}
2025-03-20T20:03:53Z|4003|WRITE|/var/log/syslog|success|{"size": 678729}
2025-03-20T20:03:58Z|6009|EXECUTE|/home/user/documents/report.doc|success|{}
2025-03-20T20:04:18Z|5000|EXECUTE|/tmp/.hidden_script|success|{}
2025-03-20T20:04:23Z|7004|ATTRIBUTE|/etc/shadow|success|{}
2025-03-20T20:04:29Z|9201|DELETE|/tmp/backdoor.bin|success|{}
2025-03-20T20:04:50Z|4019|EXECUTE|/etc/passwd|success|{}
2025-03-20T20:05:15Z|1011|EXECUTE|/etc/hosts|success|{}
2025-03-20T20:05:37Z|7002|DELETE|/var/www/.shell.php|success|{}
2025-03-20T20:05:38Z|1000|WRITE|/etc/shadow|success|{"size": 769228}
2025-03-20T20:06:03Z|7003|DELETE|/etc/cron.d/.hack|success|{}
2025-03-20T20:06:25Z|4|WRITE|/var/log/syslog|success|{"size": 184899}
2025-03-20T20:06:34Z|1010|EXECUTE|/etc/shadow|success|{}
2025-03-20T20:06:51Z|9202|EXECUTE|/dev/shm/.malware|success|{}
2025-03-20T20:07:05Z|6007|WRITE|/var/www/.shell.php|success|{"suspicious": true, "sequence": 2387}
2025-03-20T20:07:16Z|9202|DELETE|/etc/cron.d/.hack|success|{}
2025-03-20T20:07:46Z|7001|EXECUTE|/etc/cron.d/.hack|success|{}
2025-03-20T20:08:10Z|9004|DELETE|/home/user/.ssh/id_rsa|success|{}
2025-03-20T20:08:32Z|6003|DELETE|/home/user/.ssh/id_rsa|success|{}
2025-03-20T20:09:01Z|9104|EXECUTE|/etc/cron.d/.hack|failure|{}
2025-03-20T20:09:07Z|6002|DELETE|/etc/cron.d/.hack|success|{}
2025-03-20T20:09:24Z|4009|WRITE|/etc/passwd|success|{"size": 509920}
2025-03-20T20:09:44Z|5000|ATTRIBUTE|/etc/cron.d/.hack|success|{}
2025-03-20T20:10:08Z|7001|RENAME|/etc/cron.d/.hack|success|{}
2025-03-20T20:10:36Z|7004|EXECUTE|/etc/shadow|success|{}
2025-03-20T20:10:58Z|2|WRITE|/var/log/syslog|success|{"size": 531550}
2025-03-20T20:11:15Z|9200|WRITE|/var/log/auth.log|success|{"size": 33794}
2025-03-20T20:11:16Z|6000|EXECUTE|/tmp/.hidden_script|failure|{}
2025-03-20T20:11:38Z|7004|RENAME|/var/www/.shell.php|success|{}
2025-03-20T20:12:05Z|9204|READ|/etc/shadow|success|{}
2025-03-20T20:12:19Z|1|DELETE|/dev/shm/.malware|success|{}
2025-03-20T20:12:31Z|9103|EXECUTE|/dev/shm/.malware|success|{}
2025-03-20T20:12:32Z|9103|DELETE|/var/www/.shell.php|success|{}
2025-03-20T20:12:42Z|7003|EXECUTE|/tmp/.hidden_script|failure|{}
2025-03-20T20:12:45Z|5010|DELETE|/var/www/.shell.php|success|{}
2025-03-20T20:13:14Z|5013|READ|/dev/shm/.malware|failure|{"suspicious": true, "sequence": 2408}
2025-03-20T20:13:31Z|5|EXECUTE|/etc/passwd|success|{}
2025-03-20T20:13:45Z|9204|DELETE|/etc/hosts|success|{}
2025-03-20T20:13:58Z|4|RENAME|/etc/hosts|failure|{}
2025-03-20T20:14:20Z|6008|READ|/home/user/.ssh/id_rsa|success|{}
2025-03-20T20:14:39Z|9201|EXECUTE|/var/www/.shell.php|success|{}
2025-03-20T20:15:06Z|1|DELETE|/var/log/auth.log|success|{}
2025-03-20T20:15:18Z|1007|EXECUTE|/var/log/syslog|success|{}
2025-03-20T20:15:41Z|9104|EXECUTE|/etc/passwd|success|{}
2025-03-20T20:15:43Z|6003|READ|/etc/cron.d/.hack|success|{"suspicious": true, "sequence": 2417}
2025-03-20T20:15:50Z|9004|DELETE|/tmp/test.txt|success|{}
2025-03-20T20:15:55Z|7002|READ|/etc/hosts|success|{}
2025-03-20T20:16:14Z|7004|ATTRIBUTE|/tmp/.hidden_script|success|{}
2025-03-20T20:16:31Z|9200|EXECUTE|/tmp/test.txt|failure|{}
2025-03-20T20:16:45Z|4012|READ|/var/log/syslog|success|{}
2025-03-20T20:16:57Z|4|DELETE|/var/www/.shell.php|failure|{}
2025-03-20T20:17:18Z|7003|READ|/var/log/syslog|success|{}
2025-03-20T20:17:47Z|9204|DELETE|/home/user/.ssh/id_rsa|success|{}
2025-03-20T20:18:01Z|7001|ATTRIBUTE|/tmp/backdoor.bin|success|{}
2025-03-20T20:18:29Z|9102|ATTRIBUTE|/etc/passwd|success|{}
2025-03-20T20:18:47Z|5012|WRITE|/etc/shadow|success|{"size": 101665}
2025-03-20T20:19:08Z|5002|READ|/tmp/test.txt|failure|{}
2025-03-20T20:19:20Z|6004|READ|/var/www/.shell.php|failure|{"suspicious": true, "sequence": 2430}
2025-03-20T20:19:35Z|9002|ATTRIBUTE|/tmp/backdoor.bin|success|{}
2025-03-20T20:19:38Z|9004|WRITE|/home/user/.ssh/id_rsa|success|{"size": 582163}
2025-03-20T20:20:05Z|9102|ATTRIBUTE|/var/log/auth.log|success|{}
2025-03-20T20:20:08Z|4019|WRITE|/home/user/.ssh/id_rsa|success|{"size": 151810}
2025-03-20T20:20:14Z|6000|ATTRIBUTE|/var/log/syslog|success|{}
2025-03-20T20:20:33Z|7000|DELETE|/var/log/syslog|success|{}
2025-03-20T20:20:36Z|9201|WRITE|/var/www/.shell.php|success|{"suspicious": true, "sequence": 2437}
2025-03-20T20:20:58Z|9101|EXECUTE|/tmp/.hidden_script|success|{}
2025-03-20T20:21:28Z|9101|WRITE|/etc/hosts|success|{"size": 502348}
2025-03-20T20:21:43Z|9002|WRITE|/tmp/.hidden_script|success|{"suspicious": true, "sequence": 2440}
2025-03-20T20:22:02Z|2|WRITE|/tmp/backdoor.bin|success|{"suspicious": true, "sequence": 2441}
2025-03-20T20:22:12Z|4021|WRITE|/dev/shm/.malware|success|{"suspicious": true, "sequence": 2442}
2025-03-20T20:22:21Z|1016|READ|/var/www/.shell.php|success|{"suspicious": true, "sequence": 2443}
2025-03-20T20:22:50Z|1018|WRITE|/tmp/.hidden_script|success|{"suspicious": true, "sequence": 2444}
2025-03-20T20:23:03Z|9202|READ|/dev/shm/.malware|success|{"suspicious": true, "sequence": 2445}
2025-03-20T20:23:05Z|9101|WRITE|/tmp/.hidden_script|success|{"suspicious": true, "sequence": 2446}
2025-03-20T20:23:19Z|9103|DELETE|/var/www/.shell.php|success|{}
2025-03-20T20:23:35Z|9202|WRITE|/var/www/.shell.php|success|{"suspicious": true, "sequence": 2448}
2025-03-20T20:23:53Z|6002|RENAME|/etc/hosts|success|{}
2025-03-20T20:24:11Z|1017|EXECUTE|/etc/passwd|failure|{}
2025-03-20T20:24:16Z|5008|DELETE|/var/log/auth.log|success|{}
2025-03-20T20:24:38Z|5005|ATTRIBUTE|/etc/passwd|success|{}
2025-03-20T20:24:47Z|6002|DELETE|/home/user/.ssh/id_rsa|success|{}
2025-03-20T20:25:04Z|2|EXECUTE|/etc/shadow|success|{}
2025-03-20T20:25:34Z|9102|WRITE|/home/user/documents/report.doc|success|{"size": 234902}
2025-03-20T20:25:57Z|5|WRITE|/tmp/.hidden_script|failure|{"suspicious": true, "sequence": 2456}
2025-03-20T20:26:01Z|7001|DELETE|/tmp/test.txt|success|{}
2025-03-20T20:26:28Z|9000|WRITE|/tmp/test.txt|success|{"size": 971331}
2025-03-20T20:26:39Z|5|DELETE|/var/www/.shell.php|success|{}
2025-03-20T20:27:05Z|5008|WRITE|/etc/passwd|success|{"size": 953867}
2025-03-20T20:27:12Z|2|READ|/tmp/backdoor.bin|success|{"suspicious": true, "sequence": 2461}
2025-03-20T20:27:15Z|9104|EXECUTE|/var/log/syslog|success|{}
2025-03-20T20:27:24Z|9103|DELETE|/dev/shm/.malware|failure|{}
2025-03-20T20:27:48Z|9201|READ|/etc/shadow|success|{}
2025-03-20T20:27:52Z|9000|ATTRIBUTE|/var/log/auth.log|success|{}
2025-03-20T20:28:05Z|5|READ|/etc/hosts|success|{}
2025-03-20T20:28:11Z|5013|RENAME|/tmp/backdoor.bin|success|{}
2025-03-20T20:28:13Z|7001|EXECUTE|/tmp/test.txt|success|{}
2025-03-20T20:28:33Z|9001|WRITE|/etc/passwd|failure|{"size": 544034}
2025-03-20T20:28:59Z|6002|WRITE|/var/www/.shell.php|success|{"suspicious": true, "sequence": 2470}
2025-03-20T20:29:29Z|1|READ|/etc/shadow|success|{}
2025-03-20T20:29:56Z|9004|WRITE|/var/www/.shell.php|success|{"suspicious": true, "sequence": 2472}
2025-03-20T20:30:16Z|9104|ATTRIBUTE|/tmp/test.txt|success|{}
2025-03-20T20:30:18Z|4005|EXECUTE|/dev/shm/.malware|success|{}
2025-03-20T20:30:22Z|1|WRITE|/var/log/auth.log|success|{"size": 10414}
2025-03-20T20:30:23Z|6000|EXECUTE|/etc/passwd|success|{}
2025-03-20T20:30:53Z|4020|EXECUTE|/tmp/.hidden_script|success|{}
2025-03-20T20:31:07Z|6001|RENAME|/etc/cron.d/.hack|success|{}
2025-03-20T20:31:35Z|7003|EXECUTE|/dev/shm/.malware|success|{}
2025-03-20T20:32:04Z|1007|READ|/tmp/test.txt|success|{}
2025-03-20T20:32:21Z|2|DELETE|/var/www/.shell.php|success|{}
2025-03-20T20:32:23Z|6001|RENAME|/etc/hosts|success|{}
2025-03-20T20:32:32Z|5001|ATTRIBUTE|/etc/cron.d/.hack|success|{}
2025-03-20T20:32:39Z|1001|RENAME|/etc/cron.d/.hack|success|{}
2025-03-20T20:32:59Z|9202|READ|/etc/cron.d/.hack|success|{"suspicious": true, "sequence": 2485}
2025-03-20T20:33:09Z|9103|WRITE|/var/log/auth.log|success|{"size": 859335}
2025-03-20T20:33:37Z|1000|READ|/etc/shadow|success|{}
2025-03-20T20:33:39Z|9104|DELETE|/tmp/.hidden_script|success|{}
2025-03-20T20:33:51Z|4004|DELETE|/tmp/backdoor.bin|success|{}
2025-03-20T20:34:14Z|2|RENAME|/home/user/.ssh/id_rsa|failure|{}
2025-03-20T20:34:37Z|9103|WRITE|/var/www/.shell.php|success|{"suspicious": true, "sequence": 2491}
2025-03-20T20:34:42Z|4011|RENAME|/var/log/syslog|success|{}
2025-03-20T20:35:01Z|5014|DELETE|/tmp/.hidden_script|success|{}
2025-03-20T20:35:18Z|7000|ATTRIBUTE|/tmp/test.txt|success|{}
2025-03-20T20:35:43Z|4021|RENAME|/var/www/.shell.php|success|{}
2025-03-20T20:35:50Z|1011|WRITE|/home/user/.ssh/id_rsa|success|{"size": 844542}
2025-03-20T20:36:20Z|4016|ATTRIBUTE|/etc/shadow|success|{}
2025-03-20T20:36:26Z|9002|DELETE|/var/www/.shell.php|success|{}
2025-03-20T20:36:49Z|9200|READ|/home/user/documents/report.doc|success|{}
2025-03-20T20:37:02Z|1007|WRITE|/var/www/.shell.php|failure|{"suspicious": true, "sequence": 2500}
2025-03-20T20:37:11Z|9004|EXECUTE|/home/user/.ssh/id_rsa|success|{}
2025-03-20T20:37:22Z|6004|RENAME|/tmp/.hidden_script|failure|{}
2025-03-20T20:37:32Z|9101|READ|/tmp/.hidden_script|success|{"suspicious": true, "sequence": 2503}
2025-03-20T20:37:43Z|1009|EXECUTE|/etc/shadow|success|{}
2025-03-20T20:38:09Z|5006|ATTRIBUTE|/dev/shm/.malware|success|{}
2025-03-20T20:38:19Z|9000|RENAME|/home/user/.ssh/id_rsa|success|{}
2025-03-20T20:38:20Z|4028|ATTRIBUTE|/home/user/.ssh/id_rsa|success|{}
2025-03-20T20:38:28Z|6002|WRITE|/etc/hosts|success|{"size": 324519}
2025-03-20T20:38:52Z|7003|ATTRIBUTE|/dev/shm/.malware|success|{}
2025-03-20T20:39:03Z|7001|EXECUTE|/var/www/.shell.php|success|{}
2025-03-20T20:39:17Z|6007|EXECUTE|/var/log/auth.log|success|{}
2025-03-20T20:39:36Z|7000|RENAME|/var/log/auth.log|success|{}
2025-03-20T20:39:54Z|9102|ATTRIBUTE|/tmp/.hidden_script|failure|{}
2025-03-20T20:40:06Z|5008|EXECUTE|/home/user/.ssh/id_rsa|success|{}
2025-03-20T20:40:07Z|7002|DELETE|/var/log/syslog|success|{}
2025-03-20T20:40:09Z|5013|ATTRIBUTE|/var/log/syslog|success|{}
2025-03-20T20:40:39Z|6002|ATTRIBUTE|/var/www/.shell.php|failure|{}
2025-03-20T20:40:53Z|7004|READ|/etc/hosts|success|{}
2025-03-20T20:41:03Z|9004|DELETE|/home/user/.ssh/id_rsa|success|{}
2025-03-20T20:41:16Z|9102|EXECUTE|/etc/cron.d/.hack|success|{}
2025-03-20T20:41:33Z|9104|WRITE|/var/log/syslog|failure|{"size": 639783}
2025-03-20T20:41:44Z|4006|EXECUTE|/etc/hosts|success|{}
2025-03-20T20:42:01Z|7001|WRITE|/var/www/.shell.php|success|{"suspicious": true, "sequence": 2523}
2025-03-20T20:42:16Z|3|RENAME|/etc/passwd|success|{}
2025-03-20T20:42:32Z|6000|RENAME|/etc/hosts|success|{}
2025-03-20T20:42:56Z|9201|DELETE|/etc/cron.d/.hack|failure|{}
2025-03-20T20:43:16Z|9004|ATTRIBUTE|/tmp/backdoor.bin|success|{}
2025-03-20T20:43:21Z|4014|WRITE|/etc/shadow|success|{"size": 13947}
2025-03-20T20:43:22Z|4014|EXECUTE|/etc/hosts|success|{}
2025-03-20T20:43:46Z|4017|EXECUTE|/dev/shm/.malware|failure|{}
2025-03-20T20:43:57Z|5|RENAME|/tmp/backdoor.bin|success|{}
2025-03-20T20:44:22Z|2|ATTRIBUTE|/etc/cron.d/.hack|success|{}
2025-03-20T20:44:51Z|5010|EXECUTE|/tmp/.hidden_script|success|{}
2025-03-20T20:45:14Z|4|DELETE|/etc/cron.d/.hack|success|{}
2025-03-20T20:45:18Z|9000|ATTRIBUTE|/etc/passwd|success|{}
2025-03-20T20:45:48Z|5008|ATTRIBUTE|/etc/passwd|success|{}
2025-03-20T20:46:01Z|5011|ATTRIBUTE|/etc/cron.d/.hack|success|{}
2025-03-20T20:46:18Z|7004|WRITE|/tmp/test.txt|success|{"size": 69544}
2025-03-20T20:46:25Z|9104|WRITE|/tmp/.hidden_script|success|{"suspicious": true, "sequence": 2539}
2025-03-20T20:46:50Z|9204|RENAME|/tmp/.hidden_script|success|{}
2025-03-20T20:47:08Z|6008|ATTRIBUTE|/etc/shadow|success|{}
2025-03-20T20:47:33Z|4012|WRITE|/home/user/documents/report.doc|success|{"size": 28043}
2025-03-20T20:47:58Z|9100|RENAME|/var/log/auth.log|success|{}
2025-03-20T20:48:01Z|6008|EXECUTE|/var/log/syslog|success|{}
2025-03-20T20:48:20Z|9202|ATTRIBUTE|/etc/shadow|success|{}
2025-03-20T20:48:33Z|9103|READ|/home/user/.ssh/id_rsa|success|{}
2025-03-20T20:48:34Z|9204|READ|/etc/shadow|success|{}
2025-03-20T20:48:43Z|4|EXECUTE|/home/user/documents/report.doc|success|{}
2025-03-20T20:48:57Z|9000|EXECUTE|/etc/hosts|success|{}
2025-03-20T20:49:23Z|7004|ATTRIBUTE|/dev/shm/.malware|success|{}
2025-03-20T20:49:44Z|1014|WRITE|/etc/passwd|success|{"size": 73581}
2025-03-20T20:50:06Z|4016|READ|/tmp/backdoor.bin|success|{"suspicious": true, "sequence": 2552}
2025-03-20T20:50:31Z|4012|READ|/etc/cron.d/.hack|success|{"suspicious": true, "sequence": 2553}
2025-03-20T20:50:38Z|5013|READ|/etc/cron.d/.hack|failure|{"suspicious": true, "sequence": 2554}
2025-03-20T20:51:04Z|6004|ATTRIBUTE|/dev/shm/.malware|success|{}
2025-03-20T20:51:23Z|6003|READ|/var/log/auth.log|failure|{}
2025-03-20T20:51:32Z|1|EXECUTE|/etc/passwd|success|{}
2025-03-20T20:52:01Z|6002|EXECUTE|/etc/shadow|success|{}
2025-03-20T20:52:07Z|7002|ATTRIBUTE|/tmp/.hidden_script|success|{}
2025-03-20T20:52:28Z|6009|DELETE|/tmp/test.txt|success|{}
2025-03-20T20:52:50Z|6004|EXECUTE|/tmp/backdoor.bin|success|{}
2025-03-20T20:52:59Z|9102|DELETE|/tmp/backdoor.bin|success|{}
2025-03-20T20:53:26Z|9104|READ|/home/user/documents/report.doc|success|{}
2025-03-20T20:53:49Z|9100|EXECUTE|/var/log/syslog|success|{}
2025-03-20T20:54:01Z|9004|RENAME|/tmp/.hidden_script|success|{}
2025-03-20T20:54:18Z|5002|EXECUTE|/home/user/documents/report.doc|success|{}
2025-03-20T20:54:44Z|1007|READ|/tmp/test.txt|success|{}
2025-03-20T20:55:01Z|6004|WRITE|/tmp/.hidden_script|success|{"suspicious": true, "sequence": 2568}
2025-03-20T20:55:31Z|9000|READ|/etc/passwd|success|{}
2025-03-20T20:56:01Z|7003|RENAME|/dev/shm/.malware|success|{}
2025-03-20T20:56:03Z|9201|READ|/etc/hosts|success|{}
2025-03-20T20:56:23Z|9201|ATTRIBUTE|/etc/hosts|success|{}
2025-03-20T20:56:25Z|9002|EXECUTE|/etc/cron.d/.hack|success|{}
2025-03-20T20:56:32Z|6007|ATTRIBUTE|/etc/passwd|success|{}
2025-03-20T20:56:58Z|1017|RENAME|/tmp/backdoor.bin|success|{}
2025-03-20T20:57:01Z|1001|EXECUTE|/home/user/documents/report.doc|success|{}
2025-03-20T20:57:30Z|4002|RENAME|/etc/shadow|success|{}
2025-03-20T20:57:57Z|1017|ATTRIBUTE|/tmp/backdoor.bin|success|{}
2025-03-20T20:58:03Z|7003|EXECUTE|/var/log/auth.log|failure|{}
2025-03-20T20:58:20Z|9103|READ|/etc/shadow|success|{}
2025-03-20T20:58:44Z|7002|DELETE|/var/log/auth.log|success|{}
2025-03-20T20:58:55Z|4015|ATTRIBUTE|/etc/shadow|success|{}
2025-03-20T20:59:01Z|1008|READ|/home/user/documents/report.doc|success|{}
2025-03-20T20:59:25Z|5013|ATTRIBUTE|/tmp/backdoor.bin|failure|{}
2025-03-20T20:59:37Z|7004|DELETE|/dev/shm/.malware|success|{}
2025-03-20T20:59:38Z|9104|DELETE|/etc/shadow|success|{}
2025-03-20T20:59:48Z|4001|DELETE|/tmp/backdoor.bin|success|{}
2025-03-20T21:00:06Z|9000|EXECUTE|/tmp/backdoor.bin|success|{}
2025-03-20T21:00:28Z|9004|ATTRIBUTE|/etc/shadow|success|{}
2025-03-20T21:00:49Z|9204|READ|/etc/shadow|success|{}
2025-03-20T21:01:06Z|1|WRITE|/var/log/auth.log|success|{"size": 1028854}
2025-03-20T21:01:10Z|9202|RENAME|/home/user/documents/report.doc|success|{}
2025-03-20T21:01:40Z|9201|DELETE|/etc/cron.d/.hack|success|{}
2025-03-20T21:02:05Z|6004|RENAME|/var/www/.shell.php|failure|{}
2025-03-20T21:02:19Z|7001|EXECUTE|/tmp/backdoor.bin|success|{}
2025-03-20T21:02:44Z|9201|READ|/tmp/backdoor.bin|success|{"suspicious": true, "sequence": 2596}
2025-03-20T21:02:53Z|5009|WRITE|/etc/passwd|success|{"size": 134051}
2025-03-20T21:03:04Z|9204|EXECUTE|/var/www/.shell.php|success|{}
2025-03-20T21:03:09Z|9003|EXECUTE|/var/log/auth.log|success|{}
2025-03-20T21:03:30Z|9100|DELETE|/var/log/auth.log|success|{}
2025-03-20T21:03:49Z|1006|READ|/dev/shm/.malware|success|{"suspicious": true, "sequence": 2601}
2025-03-20T21:04:06Z|9104|RENAME|/etc/cron.d/.hack|success|{}
2025-03-20T21:04:11Z|7000|ATTRIBUTE|/var/log/syslog|success|{}
2025-03-20T21:04:17Z|7004|WRITE|/tmp/.hidden_script|success|{"suspicious": true, "sequence": 2604}
2025-03-20T21:04:38Z|6004|RENAME|/tmp/test.txt|failure|{}
2025-03-20T21:04:59Z|5|READ|/var/www/.shell.php|success|{"suspicious": true, "sequence": 2606}
2025-03-20T21:05:24Z|4016|EXECUTE|/var/log/auth.log|success|{}
2025-03-20T21:05:25Z|9203|READ|/etc/cron.d/.hack|success|{"suspicious": true, "sequence": 2608}
2025-03-20T21:05:34Z|9003|EXECUTE|/var/log/auth.log|success|{}
2025-03-20T21:05:45Z|4012|RENAME|/etc/cron.d/.hack|success|{}
2025-03-20T21:06:15Z|9101|DELETE|/dev/shm/.malware|success|{}
2025-03-20T21:06:36Z|9204|DELETE|/home/user/.ssh/id_rsa|success|{}
2025-03-20T21:07:04Z|5004|RENAME|/tmp/test.txt|success|{}
2025-03-20T21:07:12Z|9101|RENAME|/var/log/syslog|success|{}
2025-03-20T21:07:13Z|1008|EXECUTE|/etc/cron.d/.hack|success|{}
2025-03-20T21:07:43Z|4|WRITE|/etc/cron.d/.hack|success|{"suspicious": true, "sequence": 2616}
2025-03-20T21:07:47Z|9200|RENAME|/var/log/auth.log|success|{}
2025-03-20T21:07:59Z|7001|READ|/home/user/.ssh/id_rsa|success|{}
2025-03-20T21:08:25Z|4|EXECUTE|/tmp/test.txt|success|{}
2025-03-20T21:08:39Z|5012|RENAME|/var/www/.shell.php|success|{}
2025-03-20T21:08:59Z|9201|WRITE|/etc/hosts|success|{"size": 156008}
2025-03-20T21:09:16Z|9202|DELETE|/etc/cron.d/.hack|success|{}
2025-03-20T21:09:30Z|5|EXECUTE|/home/user/.ssh/id_rsa|success|{}
2025-03-20T21:09:56Z|4014|EXECUTE|/var/log/syslog|success|{}
2025-03-20T21:10:25Z|5009|WRITE|/etc/shadow|success|{"size": 254814}
2025-03-20T21:10:42Z|6002|WRITE|/tmp/test.txt|success|{"size": 107863}
2025-03-20T21:11:09Z|6009|ATTRIBUTE|/tmp/backdoor.bin|success|{}
2025-03-20T21:11:21Z|4013|WRITE|/tmp/.hidden_script|success|{"suspicious": true, "sequence": 2628}
2025-03-20T21:11:40Z|9004|ATTRIBUTE|/home/user/.ssh/id_rsa|success|{}
2025-03-20T21:12:00Z|9102|ATTRIBUTE|/etc/shadow|success|{}
2025-03-20T21:12:02Z|5|READ|/tmp/backdoor.bin|success|{"suspicious": true, "sequence": 2631}
2025-03-20T21:12:18Z|6007|RENAME|/tmp/.hidden_script|failure|{}
2025-03-20T21:12:36Z|6004|DELETE|/home/user/documents/report.doc|success|{}
2025-03-20T21:12:37Z|4018|RENAME|/home/user/documents/report.doc|success|{}
2025-03-20T21:12:45Z|7004|DELETE|/tmp/test.txt|success|{}
2025-03-20T21:13:09Z|1|READ|/etc/hosts|success|{}
2025-03-20T21:13:20Z|9000|WRITE|/var/www/.shell.php|failure|{"suspicious": true, "sequence": 2637}
2025-03-20T21:13:31Z|9103|READ|/var/www/.shell.php|success|{"suspicious": true, "sequence": 2638}
2025-03-20T21:13:40Z|5006|ATTRIBUTE|/etc/passwd|success|{}
2025-03-20T21:14:01Z|4|EXECUTE|/etc/hosts|success|{}
2025-03-20T21:14:21Z|9101|READ|/dev/shm/.malware|failure|{"suspicious": true, "sequence": 2641}
2025-03-20T21:14:43Z|1003|RENAME|/tmp/test.txt|success|{}
2025-03-20T21:14:54Z|3|RENAME|/var/log/auth.log|success|{}
2025-03-20T21:15:15Z|4021|WRITE|/var/www/.shell.php|success|{"suspicious": true, "sequence": 2644}
2025-03-20T21:15:41Z|9100|READ|/etc/passwd|success|{}
2025-03-20T21:16:06Z|9103|EXECUTE|/etc/cron.d/.hack|success|{}
2025-03-20T21:16:34Z|4|EXECUTE|/dev/shm/.malware|success|{}
2025-03-20T21:16:48Z|4003|READ|/etc/passwd|success|{}
2025-03-20T21:17:01Z|9101|ATTRIBUTE|/dev/shm/.malware|success|{}
2025-03-20T21:17:21Z|4017|READ|/etc/cron.d/.hack|success|{"suspicious": true, "sequence": 2650}
2025-03-20T21:17:32Z|9203|WRITE|/home/user/documents/report.doc|success|{"size": 923283}
2025-03-20T21:17:56Z|4007|RENAME|/home/user/documents/report.doc|success|{}
2025-03-20T21:17:59Z|9100|ATTRIBUTE|/home/user/.ssh/id_rsa|success|{}
2025-03-20T21:18:04Z|9002|DELETE|/etc/cron.d/.hack|success|{}
2025-03-20T21:18:07Z|4016|ATTRIBUTE|/var/log/auth.log|success|{}
2025-03-20T21:18:16Z|9104|READ|/tmp/.hidden_script|success|{"suspicious": true, "sequence": 2656}
2025-03-20T21:18:38Z|9002|EXECUTE|/etc/cron.d/.hack|failure|{}
2025-03-20T21:18:47Z|4013|DELETE|/dev/shm/.malware|failure|{}
2025-03-20T21:18:58Z|1|READ|/tmp/test.txt|success|{}
2025-03-20T21:18:59Z|9200|RENAME|/var/www/.shell.php|success|{}
2025-03-20T21:19:14Z|9000|RENAME|/etc/shadow|success|{}
2025-03-20T21:19:42Z|9003|DELETE|/etc/hosts|success|{}
2025-03-20T21:20:09Z|6006|READ|/etc/shadow|success|{}
2025-03-20T21:20:10Z|3|WRITE|/tmp/.hidden_script|success|{"suspicious": true, "sequence": 2664}
2025-03-20T21:20:34Z|1003|DELETE|/tmp/backdoor.bin|success|{}
2025-03-20T21:21:02Z|5|READ|/etc/shadow|success|{}
2025-03-20T21:21:24Z|7001|EXECUTE|/var/www/.shell.php|success|{}
2025-03-20T21:21:49Z|7003|READ|/etc/shadow|success|{}
2025-03-20T21:21:59Z|4|WRITE|/home/user/.ssh/id_rsa|success|{"size": 196386}
2025-03-20T21:22:17Z|4005|READ|/etc/hosts|success|{}
2025-03-20T21:22:35Z|9000|READ|/dev/shm/.malware|success|{"suspicious": true, "sequence": 2671}
2025-03-20T21:22:39Z|1018|WRITE|/tmp/backdoor.bin|failure|{"suspicious": true, "sequence": 2672}
2025-03-20T21:22:54Z|1008|ATTRIBUTE|/tmp/.hidden_script|success|{}
2025-03-20T21:23:12Z|7004|EXECUTE|/home/user/.ssh/id_rsa|success|{}
2025-03-20T21:23:42Z|5009|WRITE|/etc/hosts|success|{"size": 890236}
2025-03-20T21:24:08Z|5011|READ|/etc/hosts|success|{}
2025-03-20T21:24:22Z|5000|ATTRIBUTE|/etc/hosts|failure|{}
2025-03-20T21:24:38Z|4016|READ|/tmp/test.txt|success|{}
2025-03-20T21:24:48Z|4006|WRITE|/etc/shadow|success|{"size": 889066}
2025-03-20T21:25:10Z|7004|ATTRIBUTE|/tmp/.hidden_script|success|{}
2025-03-20T21:25:12Z|9003|DELETE|/etc/passwd|failure|{}
2025-03-20T21:25:29Z|7000|ATTRIBUTE|/tmp/backdoor.bin|success|{}
2025-03-20T21:25:41Z|4026|WRITE|/etc/hosts|success|{"size": 305729}
2025-03-20T21:25:50Z|7000|READ|/etc/hosts|success|{}
2025-03-20T21:25:52Z|9103|DELETE|/home/user/.ssh/id_rsa|success|{}
2025-03-20T21:26:01Z|2|READ|/home/user/.ssh/id_rsa|success|{}
2025-03-20T21:26:11Z|9103|RENAME|/var/log/auth.log|success|{}
2025-03-20T21:26:32Z|9104|ATTRIBUTE|/tmp/backdoor.bin|failure|{}
2025-03-20T21:26:57Z|4|RENAME|/etc/hosts|success|{}
2025-03-20T21:27:26Z|7004|DELETE|/etc/cron.d/.hack|success|{}
2025-03-20T21:27:31Z|4004|READ|/dev/shm/.malware|failure|{"suspicious": true, "sequence": 2691}
2025-03-20T21:27:55Z|5000|ATTRIBUTE|/tmp/backdoor.bin|failure|{}
2025-03-20T21:28:05Z|7001|WRITE|/tmp/test.txt|failure|{"size": 272095}
2025-03-20T21:28:33Z|4|DELETE|/tmp/backdoor.bin|success|{}
2025-03-20T21:28:42Z|6007|READ|/var/log/auth.log|success|{}
2025-03-20T21:28:59Z|6005|RENAME|/home/user/.ssh/id_rsa|success|{}
2025-03-20T21:29:08Z|4026|WRITE|/home/user/.ssh/id_rsa|success|{"size": 188419}
2025-03-20T21:29:24Z|5008|DELETE|/tmp/backdoor.bin|success|{}
2025-03-20T21:29:26Z|9201|RENAME|/tmp/backdoor.bin|success|{}
2025-03-20T21:29:35Z|7001|READ|/etc/shadow|success|{}
2025-03-20T21:29:51Z|4016|ATTRIBUTE|/tmp/.hidden_script|success|{}
2025-03-20T21:30:13Z|9003|READ|/var/log/syslog|success|{}
2025-03-20T21:30:16Z|5010|READ|/var/log/syslog|failure|{}
2025-03-20T21:30:38Z|5013|READ|/etc/cron.d/.hack|success|{"suspicious": true, "sequence": 2704}
2025-03-20T21:30:39Z|1002|READ|/var/www/.shell.php|success|{"suspicious": true, "sequence": 2705}
2025-03-20T21:30:51Z|6006|DELETE|/tmp/test.txt|success|{}
2025-03-20T21:30:58Z|9002|EXECUTE|/home/user/.ssh/id_rsa|success|{}
2025-03-20T21:31:18Z|1019|EXECUTE|/var/log/auth.log|success|{}
2025-03-20T21:31:30Z|2|WRITE|/var/www/.shell.php|success|{"suspicious": true, "sequence": 2709}
2025-03-20T21:31:44Z|6002|WRITE|/home/user/.ssh/id_rsa|failure|{"size": 830973}
2025-03-20T21:32:12Z|9103|RENAME|/var/log/syslog|success|{}
2025-03-20T21:32:25Z|9004|RENAME|/etc/cron.d/.hack|success|{}
2025-03-20T21:32:33Z|9200|EXECUTE|/tmp/test.txt|success|{}
2025-03-20T21:32:52Z|6008|EXECUTE|/etc/passwd|success|{}
2025-03-20T21:33:21Z|4|READ|/etc/cron.d/.hack|success|{"suspicious": true, "sequence": 2715}
2025-03-20T21:33:24Z|4003|DELETE|/etc/shadow|failure|{}
2025-03-20T21:33:35Z|9100|RENAME|/etc/cron.d/.hack|success|{}
2025-03-20T21:33:53Z|2|READ|/home/user/.ssh/id_rsa|success|{}
2025-03-20T21:34:21Z|7003|RENAME|/home/user/documents/report.doc|failure|{}
2025-03-20T21:34:32Z|9101|WRITE|/home/user/documents/report.doc|success|{"size": 502947}
2025-03-20T21:35:01Z|4019|RENAME|/tmp/backdoor.bin|success|{}
2025-03-20T21:35:25Z|9101|DELETE|/home/user/documents/report.doc|success|{}
2025-03-20T21:35:45Z|1014|WRITE|/etc/hosts|success|{"size": 692423}
2025-03-20T21:36:14Z|9204|RENAME|/var/log/auth.log|success|{}
2025-03-20T21:36:38Z|4016|WRITE|/var/log/auth.log|success|{"size": 701989}
2025-03-20T21:36:48Z|9103|WRITE|/var/log/syslog|success|{"size": 940138}
2025-03-20T21:36:57Z|9001|READ|/home/user/documents/report.doc|success|{}
2025-03-20T21:37:06Z|7002|ATTRIBUTE|/dev/shm/.malware|success|{}
2025-03-20T21:37:29Z|9003|RENAME|/home/user/.ssh/id_rsa|success|{}
2025-03-20T21:37:40Z|9104|DELETE|/tmp/backdoor.bin|success|{}
2025-03-20T21:37:43Z|1|RENAME|/var/www/.shell.php|success|{}
2025-03-20T21:37:51Z|3|WRITE|/etc/cron.d/.hack|failure|{"suspicious": true, "sequence": 2732}
2025-03-20T21:38:19Z|9201|EXECUTE|/var/log/syslog|success|{}
2025-03-20T21:38:20Z|9001|WRITE|/etc/shadow|success|{"size": 614801}
2025-03-20T21:38:35Z|6005|EXECUTE|/home/user/.ssh/id_rsa|success|{}
2025-03-20T21:38:39Z|9102|DELETE|/tmp/.hidden_script|success|{}
2025-03-20T21:38:50Z|9104|DELETE|/tmp/test.txt|success|{}
2025-03-20T21:39:09Z|9002|WRITE|/var/log/syslog|success|{"size": 457571}
2025-03-20T21:39:38Z|9204|ATTRIBUTE|/etc/cron.d/.hack|success|{}
2025-03-20T21:40:07Z|1003|EXECUTE|/var/log/auth.log|success|{}
2025-03-20T21:40:09Z|9000|EXECUTE|/home/user/documents/report.doc|success|{}
2025-03-20T21:40:30Z|5014|ATTRIBUTE|/home/user/documents/report.doc|success|{}
2025-03-20T21:40:58Z|6003|RENAME|/etc/passwd|success|{}
2025-03-20T21:41:13Z|5004|RENAME|/home/user/documents/report.doc|success|{}
2025-03-20T21:41:19Z|9202|RENAME|/home/user/.ssh/id_rsa|success|{}
2025-03-20T21:41:44Z|9002|READ|/etc/cron.d/.hack|success|{"suspicious": true, "sequence": 2746}
2025-03-20T21:41:50Z|4|ATTRIBUTE|/home/user/.ssh/id_rsa|success|{}
2025-03-20T21:42:15Z|1006|RENAME|/etc/hosts|success|{}
2025-03-20T21:42:43Z|9000|EXECUTE|/var/log/auth.log|success|{}
2025-03-20T21:43:08Z|9202|DELETE|/var/log/syslog|success|{}
2025-03-20T21:43:34Z|7003|RENAME|/var/log/syslog|success|{}
2025-03-20T21:43:35Z|6004|DELETE|/dev/shm/.malware|success|{}
2025-03-20T21:43:52Z|7001|READ|/etc/cron.d/.hack|success|{"suspicious": true, "sequence": 2753}
2025-03-20T21:44:20Z|7000|DELETE|/etc/shadow|failure|{}
2025-03-20T21:44:46Z|9102|DELETE|/home/user/documents/report.doc|success|{}
2025-03-20T21:44:53Z|9104|RENAME|/etc/hosts|success|{}
2025-03-20T21:44:55Z|6002|ATTRIBUTE|/tmp/backdoor.bin|success|{}
2025-03-20T21:45:19Z|9204|ATTRIBUTE|/tmp/.hidden_script|failure|{}
2025-03-20T21:45:32Z|5011|ATTRIBUTE|/etc/hosts|success|{}
2025-03-20T21:45:45Z|9002|WRITE|/tmp/backdoor.bin|success|{"suspicious": true, "sequence": 2760}
2025-03-20T21:46:13Z|5005|ATTRIBUTE|/home/user/documents/report.doc|success|{}
2025-03-20T21:46:20Z|2|ATTRIBUTE|/home/user/documents/report.doc|success|{}
2025-03-20T21:46:33Z|5|ATTRIBUTE|/var/log/auth.log|success|{}
2025-03-20T21:46:50Z|5014|DELETE|/tmp/backdoor.bin|success|{}
2025-03-20T21:46:55Z|6007|EXECUTE|/etc/passwd|success|{}
2025-03-20T21:47:13Z|4|RENAME|/dev/shm/.malware|success|{}
2025-03-20T21:47:42Z|9102|READ|/var/log/syslog|failure|{}
2025-03-20T21:47:54Z|9003|RENAME|/var/log/auth.log|failure|{}
2025-03-20T21:48:19Z|5000|DELETE|/tmp/test.txt|success|{}
2025-03-20T21:48:32Z|7002|EXECUTE|/tmp/test.txt|success|{}
2025-03-20T21:48:51Z|9204|ATTRIBUTE|/tmp/.hidden_script|success|{}
2025-03-20T21:49:05Z|4003|RENAME|/etc/cron.d/.hack|success|{}
2025-03-20T21:49:31Z|9002|READ|/etc/hosts|failure|{}
2025-03-20T21:49:42Z|9103|RENAME|/etc/passwd|success|{}
2025-03-20T21:50:00Z|1014|RENAME|/dev/shm/.malware|success|{}
2025-03-20T21:50:01Z|7004|RENAME|/var/www/.shell.php|success|{}
2025-03-20T21:50:24Z|6001|DELETE|/dev/shm/.malware|success|{}
2025-03-20T21:50:52Z|7002|RENAME|/tmp/test.txt|success|{}
2025-03-20T21:51:03Z|7004|EXECUTE|/dev/shm/.malware|success|{}
2025-03-20T21:51:33Z|9104|ATTRIBUTE|/etc/cron.d/.hack|failure|{}
2025-03-20T21:52:00Z|9102|RENAME|/tmp/backdoor.bin|success|{}
2025-03-20T21:52:30Z|5013|ATTRIBUTE|/var/log/syslog|success|{}
2025-03-20T21:52:42Z|5001|DELETE|/tmp/.hidden_script|success|{}
2025-03-20T21:52:56Z|6009|DELETE|/var/log/auth.log|success|{}
2025-03-20T21:53:22Z|9102|EXECUTE|/var/log/auth.log|success|{}
2025-03-20T21:53:30Z|7003|EXECUTE|/etc/shadow|success|{}
2025-03-20T21:53:44Z|9100|DELETE|/etc/hosts|success|{}
2025-03-20T21:53:52Z|6004|WRITE|/home/user/.ssh/id_rsa|success|{"size": 289995}
2025-03-20T21:54:05Z|5005|ATTRIBUTE|/tmp/test.txt|success|{}
2025-03-20T21:54:10Z|9000|ATTRIBUTE|/tmp/backdoor.bin|failure|{}
2025-03-20T21:54:24Z|7001|DELETE|/tmp/test.txt|success|{}
2025-03-20T21:54:52Z|7003|DELETE|/home/user/.ssh/id_rsa|success|{}
2025-03-20T21:54:59Z|4024|READ|/tmp/test.txt|success|{}
2025-03-20T21:55:24Z|9204|ATTRIBUTE|/var/log/syslog|success|{}
2025-03-20T21:55:54Z|2|RENAME|/var/log/auth.log|success|{}
2025-03-20T21:56:14Z|4028|EXECUTE|/etc/hosts|success|{}
2025-03-20T21:56:20Z|5009|READ|/etc/cron.d/.hack|failure|{"suspicious": true, "sequence": 2797}
2025-03-20T21:56:45Z|9202|WRITE|/tmp/test.txt|success|{"size": 733116}
2025-03-20T21:57:02Z|9002|ATTRIBUTE|/var/log/syslog|success|{}
2025-03-20T21:57:17Z|4021|ATTRIBUTE|/var/log/syslog|success|{}
2025-03-20T21:57:30Z|5010|EXECUTE|/tmp/test.txt|success|{}
2025-03-20T21:57:54Z|9203|ATTRIBUTE|/home/user/documents/report.doc|success|{}
2025-03-20T21:58:04Z|5001|ATTRIBUTE|/var/www/.shell.php|success|{}
2025-03-20T21:58:29Z|7002|EXECUTE|/etc/passwd|success|{}
2025-03-20T21:58:43Z|4000|DELETE|/home/user/documents/report.doc|success|{}
2025-03-20T21:58:52Z|4009|EXECUTE|/tmp/test.txt|success|{}
2025-03-20T21:59:05Z|1002|READ|/home/user/documents/report.doc|success|{}
2025-03-20T21:59:15Z|7003|WRITE|/etc/passwd|success|{"size": 31492}
2025-03-20T21:59:29Z|7002|ATTRIBUTE|/dev/shm/.malware|success|{}
2025-03-20T21:59:49Z|5011|ATTRIBUTE|/etc/cron.d/.hack|success|{}
2025-03-20T21:59:50Z|9102|DELETE|/home/user/documents/report.doc|success|{}
2025-03-20T21:59:56Z|9202|ATTRIBUTE|/tmp/.hidden_script|success|{}
2025-03-20T22:00:17Z|6000|ATTRIBUTE|/var/log/syslog|success|{}
2025-03-20T22:00:26Z|5013|WRITE|/tmp/backdoor.bin|success|{"suspicious": true, "sequence": 2814}
2025-03-20T22:00:43Z|5|RENAME|/var/log/auth.log|success|{}
2025-03-20T22:00:56Z|9103|READ|/var/log/syslog|failure|{}
2025-03-20T22:01:16Z|7004|EXECUTE|/tmp/backdoor.bin|success|{}
2025-03-20T22:01:34Z|9103|EXECUTE|/var/log/auth.log|success|{}
2025-03-20T22:01:45Z|9103|ATTRIBUTE|/home/user/.ssh/id_rsa|success|{}
2025-03-20T22:01:49Z|6004|RENAME|/etc/hosts|success|{}
2025-03-20T22:02:11Z|7002|RENAME|/etc/cron.d/.hack|success|{}
2025-03-20T22:02:36Z|5|EXECUTE|/tmp/backdoor.bin|success|{}
2025-03-20T22:02:43Z|1010|READ|/home/user/documents/report.doc|success|{}
2025-03-20T22:03:03Z|1008|WRITE|/tmp/backdoor.bin|success|{"suspicious": true, "sequence": 2824}
2025-03-20T22:03:22Z|4026|ATTRIBUTE|/home/user/documents/report.doc|success|{}
2025-03-20T22:03:36Z|9003|ATTRIBUTE|/var/www/.shell.php|success|{}
2025-03-20T22:04:04Z|6009|EXECUTE|/var/www/.shell.php|success|{}
2025-03-20T22:04:05Z|6009|RENAME|/etc/shadow|success|{}
2025-03-20T22:04:23Z|9003|READ|/tmp/.hidden_script|success|{"suspicious": true, "sequence": 2829}
2025-03-20T22:04:26Z|5005|EXECUTE|/home/user/.ssh/id_rsa|failure|{}
2025-03-20T22:04:39Z|5004|EXECUTE|/etc/cron.d/.hack|success|{}
2025-03-20T22:05:06Z|9000|EXECUTE|/home/user/.ssh/id_rsa|failure|{}
2025-03-20T22:05:07Z|1015|READ|/home/user/.ssh/id_rsa|success|{}
2025-03-20T22:05:25Z|5004|WRITE|/tmp/backdoor.bin|success|{"suspicious": true, "sequence": 2834}
2025-03-20T22:05:43Z|9103|READ|/var/log/auth.log|success|{}
2025-03-20T22:06:02Z|1016|WRITE|/home/user/documents/report.doc|success|{"size": 819135}
2025-03-20T22:06:05Z|7001|DELETE|/etc/shadow|success|{}
2025-03-20T22:06:18Z|4|READ|/tmp/.hidden_script|failure|{"suspicious": true, "sequence": 2838}
2025-03-20T22:06:32Z|9200|RENAME|/etc/passwd|success|{}
2025-03-20T22:06:56Z|7002|EXECUTE|/etc/cron.d/.hack|success|{}
2025-03-20T22:07:00Z|9203|RENAME|/etc/hosts|success|{}
2025-03-20T22:07:25Z|4|READ|/etc/shadow|success|{}
2025-03-20T22:07:44Z|9104|WRITE|/etc/hosts|success|{"size": 680189}
2025-03-20T22:07:54Z|7004|WRITE|/etc/cron.d/.hack|success|{"suspicious": true, "sequence": 2844}
2025-03-20T22:08:22Z|1001|WRITE|/etc/cron.d/.hack|success|{"suspicious": true, "sequence": 2845}
2025-03-20T22:08:33Z|4|ATTRIBUTE|/var/log/auth.log|success|{}
2025-03-20T22:08:36Z|9104|DELETE|/etc/passwd|success|{}
2025-03-20T22:08:39Z|1012|WRITE|/tmp/.hidden_script|success|{"suspicious": true, "sequence": 2848}
2025-03-20T22:08:45Z|3|ATTRIBUTE|/tmp/.hidden_script|success|{}
2025-03-20T22:09:01Z|6005|DELETE|/tmp/test.txt|success|{}
2025-03-20T22:09:18Z|7000|ATTRIBUTE|/home/user/documents/report.doc|success|{}
2025-03-20T22:09:27Z|1015|READ|/dev/shm/.malware|success|{"suspicious": true, "sequence": 2852}
2025-03-20T22:09:38Z|9203|WRITE|/var/log/auth.log|success|{"size": 829819}
2025-03-20T22:09:41Z|5|READ|/etc/passwd|success|{}
2025-03-20T22:09:52Z|4026|ATTRIBUTE|/home/user/documents/report.doc|failure|{}
2025-03-20T22:09:55Z|9003|EXECUTE|/tmp/test.txt|success|{}
2025-03-20T22:10:11Z|6009|ATTRIBUTE|/var/log/auth.log|failure|{}
2025-03-20T22:10:30Z|9200|RENAME|/tmp/backdoor.bin|success|{}
2025-03-20T22:10:38Z|9202|ATTRIBUTE|/home/user/documents/report.doc|success|{}
2025-03-20T22:11:05Z|5|WRITE|/var/log/syslog|success|{"size": 741021}
2025-03-20T22:11:33Z|9102|ATTRIBUTE|/etc/shadow|success|{}
2025-03-20T22:11:42Z|9201|EXECUTE|/etc/passwd|failure|{}
2025-03-20T22:11:56Z|1|DELETE|/etc/cron.d/.hack|failure|{}
2025-03-20T22:12:06Z|9000|RENAME|/var/log/syslog|success|{}
2025-03-20T22:12:23Z|9102|RENAME|/etc/cron.d/.hack|success|{}
2025-03-20T22:12:24Z|9203|RENAME|/home/user/documents/report.doc|success|{}
2025-03-20T22:12:41Z|7002|DELETE|/home/user/documents/report.doc|success|{}
2025-03-20T22:13:02Z|5001|DELETE|/home/user/.ssh/id_rsa|success|{}
2025-03-20T22:13:20Z|7000|EXECUTE|/tmp/test.txt|failure|{}
2025-03-20T22:13:33Z|1005|RENAME|/var/log/auth.log|failure|{}
2025-03-20T22:13:42Z|7002|WRITE|/dev/shm/.malware|success|{"suspicious": true, "sequence": 2871}
2025-03-20T22:13:57Z|6003|ATTRIBUTE|/var/log/auth.log|failure|{}
2025-03-20T22:14:08Z|1005|READ|/etc/hosts|success|{}
2025-03-20T22:14:37Z|9200|WRITE|/etc/shadow|success|{"size": 778861}
2025-03-20T22:14:42Z|4009|READ|/dev/shm/.malware|success|{"suspicious": true, "sequence": 2875}
2025-03-20T22:14:46Z|6006|DELETE|/etc/shadow|failure|{}
2025-03-20T22:14:54Z|7004|ATTRIBUTE|/var/log/auth.log|success|{}
2025-03-20T22:14:56Z|1014|WRITE|/dev/shm/.malware|success|{"suspicious": true, "sequence": 2878}
2025-03-20T22:15:24Z|9103|ATTRIBUTE|/tmp/.hidden_script|success|{}
2025-03-20T22:15:42Z|7002|EXECUTE|/dev/shm/.malware|success|{}
2025-03-20T22:15:46Z|9003|ATTRIBUTE|/etc/cron.d/.hack|success|{}
2025-03-20T22:16:04Z|5006|READ|/etc/shadow|success|{}
2025-03-20T22:16:31Z|9002|EXECUTE|/dev/shm/.malware|success|{}
2025-03-20T22:16:39Z|9000|RENAME|/var/www/.shell.php|success|{}
2025-03-20T22:16:45Z|9003|WRITE|/dev/shm/.malware|success|{"suspicious": true, "sequence": 2885}
2025-03-20T22:16:50Z|5005|DELETE|/etc/hosts|success|{}
2025-03-20T22:17:16Z|1000|ATTRIBUTE|/tmp/test.txt|failure|{}
2025-03-20T22:17:22Z|9004|DELETE|/tmp/.hidden_script|success|{}
2025-03-20T22:17:23Z|6000|RENAME|/etc/shadow|success|{}
2025-03-20T22:17:39Z|7002|ATTRIBUTE|/home/user/documents/report.doc|success|{}
2025-03-20T22:18:06Z|9204|ATTRIBUTE|/tmp/test.txt|failure|{}
2025-03-20T22:18:36Z|5012|EXECUTE|/tmp/.hidden_script|success|{}
2025-03-20T22:18:55Z|5|WRITE|/dev/shm/.malware|success|{"suspicious": true, "sequence": 2893}
2025-03-20T22:19:24Z|1016|RENAME|/home/user/.ssh/id_rsa|success|{}
2025-03-20T22:19:30Z|9003|ATTRIBUTE|/var/www/.shell.php|success|{}
2025-03-20T22:19:44Z|6007|READ|/etc/passwd|success|{}
2025-03-20T22:20:14Z|5012|DELETE|/var/log/syslog|success|{}
2025-03-20T22:20:36Z|1019|RENAME|/tmp/backdoor.bin|success|{}
2025-03-20T22:21:04Z|6005|WRITE|/etc/passwd|failure|{"size": 765367}
2025-03-20T22:21:31Z|9000|READ|/var/log/auth.log|success|{}
2025-03-20T22:21:59Z|7001|DELETE|/var/www/.shell.php|success|{}
2025-03-20T22:22:28Z|9104|READ|/tmp/.hidden_script|success|{"suspicious": true, "sequence": 2902}
2025-03-20T22:22:43Z|9102|READ|/etc/passwd|success|{}
2025-03-20T22:23:10Z|9202|RENAME|/var/log/auth.log|success|{}
2025-03-20T22:23:37Z|7000|DELETE|/var/log/syslog|success|{}
2025-03-20T22:24:05Z|1001|READ|/home/user/.ssh/id_rsa|success|{}
2025-03-20T22:24:20Z|7004|RENAME|/tmp/.hidden_script|success|{}
2025-03-20T22:24:44Z|7004|DELETE|/etc/hosts|success|{}
2025-03-20T22:25:06Z|5014|READ|/etc/hosts|success|{}
2025-03-20T22:25:27Z|5001|ATTRIBUTE|/tmp/.hidden_script|success|{}
2025-03-20T22:25:47Z|7004|EXECUTE|/tmp/test.txt|success|{}
2025-03-20T22:25:59Z|6002|DELETE|/etc/passwd|success|{}
2025-03-20T22:26:08Z|1009|RENAME|/etc/passwd|success|{}
2025-03-20T22:26:15Z|2|DELETE|/etc/hosts|failure|{}
2025-03-20T22:26:41Z|9004|WRITE|/home/user/documents/report.doc|success|{"size": 533820}
2025-03-20T22:26:55Z|6003|WRITE|/var/www/.shell.php|success|{"suspicious": true, "sequence": 2916}
2025-03-20T22:27:23Z|9203|RENAME|/home/user/.ssh/id_rsa|success|{}
2025-03-20T22:27:26Z|5012|ATTRIBUTE|/dev/shm/.malware|success|{}
2025-03-20T22:27:31Z|1|WRITE|/tmp/.hidden_script|success|{"suspicious": true, "sequence": 2919}
2025-03-20T22:27:56Z|7004|EXECUTE|/var/log/syslog|success|{}
2025-03-20T22:27:58Z|9001|WRITE|/tmp/.hidden_script|success|{"suspicious": true, "sequence": 2921}
2025-03-20T22:28:12Z|9104|WRITE|/etc/passwd|failure|{"size": 480795}
2025-03-20T22:28:31Z|9101|EXECUTE|/var/www/.shell.php|success|{}
2025-03-20T22:29:01Z|1014|DELETE|/tmp/.hidden_script|failure|{}
2025-03-20T22:29:23Z|5012|ATTRIBUTE|/var/www/.shell.php|success|{}
2025-03-20T22:29:53Z|4022|WRITE|/tmp/test.txt|failure|{"size": 193420}
2025-03-20T22:30:00Z|4023|READ|/tmp/test.txt|success|{}
2025-03-20T22:30:11Z|6003|DELETE|/etc/passwd|success|{}
2025-03-20T22:30:32Z|9202|EXECUTE|/etc/hosts|success|{}
2025-03-20T22:30:56Z|1004|READ|/var/log/auth.log|success|{}
2025-03-20T22:31:12Z|9102|EXECUTE|/etc/hosts|success|{}
2025-03-20T22:31:14Z|7001|WRITE|/tmp/test.txt|success|{"size": 460916}
2025-03-20T22:31:30Z|9203|ATTRIBUTE|/tmp/backdoor.bin|success|{}
2025-03-20T22:31:54Z|4009|READ|/var/www/.shell.php|success|{"suspicious": true, "sequence": 2934}
2025-03-20T22:32:15Z|9204|EXECUTE|/var/www/.shell.php|success|{}
2025-03-20T22:32:23Z|7004|WRITE|/tmp/.hidden_script|success|{"suspicious": true, "sequence": 2936}
2025-03-20T22:32:30Z|2|READ|/var/www/.shell.php|success|{"suspicious": true, "sequence": 2937}
2025-03-20T22:32:39Z|1003|WRITE|/var/www/.shell.php|success|{"suspicious": true, "sequence": 2938}
2025-03-20T22:33:05Z|9104|WRITE|/etc/hosts|success|{"size": 517790}
2025-03-20T22:33:32Z|5011|READ|/dev/shm/.malware|success|{"suspicious": true, "sequence": 2940}
2025-03-20T22:33:41Z|9103|EXECUTE|/var/www/.shell.php|success|{}
2025-03-20T22:34:11Z|9204|ATTRIBUTE|/var/log/syslog|success|{}
2025-03-20T22:34:25Z|6007|READ|/tmp/backdoor.bin|success|{"suspicious": true, "sequence": 2943}
2025-03-20T22:34:40Z|5011|READ|/dev/shm/.malware|success|{"suspicious": true, "sequence": 2944}
2025-03-20T22:35:03Z|9103|DELETE|/tmp/test.txt|success|{}
2025-03-20T22:35:23Z|1002|WRITE|/home/user/.ssh/id_rsa|success|{"size": 363265}
2025-03-20T22:35:48Z|5012|RENAME|/etc/hosts|success|{}
2025-03-20T22:35:54Z|5004|DELETE|/tmp/.hidden_script|success|{}
2025-03-20T22:36:04Z|1012|ATTRIBUTE|/etc/shadow|success|{}
2025-03-20T22:36:21Z|4029|RENAME|/tmp/test.txt|success|{}
2025-03-20T22:36:33Z|9200|ATTRIBUTE|/tmp/backdoor.bin|success|{}
2025-03-20T22:36:54Z|9104|WRITE|/home/user/documents/report.doc|success|{"size": 394799}
2025-03-20T22:37:15Z|6000|WRITE|/home/user/.ssh/id_rsa|success|{"size": 317905}
2025-03-20T22:37:16Z|1007|ATTRIBUTE|/home/user/documents/report.doc|success|{}
2025-03-20T22:37:27Z|5010|ATTRIBUTE|/home/user/.ssh/id_rsa|success|{}
2025-03-20T22:37:34Z|6004|ATTRIBUTE|/etc/passwd|success|{}
2025-03-20T22:37:44Z|9202|READ|/dev/shm/.malware|success|{"suspicious": true, "sequence": 2957}
2025-03-20T22:38:12Z|1005|RENAME|/home/user/documents/report.doc|failure|{}
2025-03-20T22:38:24Z|3|ATTRIBUTE|/home/user/.ssh/id_rsa|success|{}
2025-03-20T22:38:46Z|9200|DELETE|/tmp/backdoor.bin|success|{}
2025-03-20T22:38:51Z|4028|WRITE|/dev/shm/.malware|success|{"suspicious": true, "sequence": 2961}
2025-03-20T22:39:04Z|9104|EXECUTE|/etc/shadow|success|{}
2025-03-20T22:39:08Z|1002|RENAME|/etc/passwd|success|{}
2025-03-20T22:39:11Z|5003|EXECUTE|/tmp/test.txt|success|{}
2025-03-20T22:39:17Z|1007|READ|/var/www/.shell.php|success|{"suspicious": true, "sequence": 2965}
2025-03-20T22:39:28Z|6005|ATTRIBUTE|/etc/passwd|success|{}
2025-03-20T22:39:53Z|1000|EXECUTE|/etc/cron.d/.hack|success|{}
2025-03-20T22:40:20Z|7002|RENAME|/dev/shm/.malware|success|{}
2025-03-20T22:40:46Z|2|EXECUTE|/etc/shadow|success|{}
2025-03-20T22:41:16Z|6006|ATTRIBUTE|/tmp/backdoor.bin|success|{}
2025-03-20T22:41:27Z|3|READ|/tmp/backdoor.bin|success|{"suspicious": true, "sequence": 2971}
2025-03-20T22:41:34Z|9104|RENAME|/var/www/.shell.php|success|{}
2025-03-20T22:41:53Z|1|RENAME|/tmp/.hidden_script|success|{}
2025-03-20T22:41:54Z|9204|READ|/etc/hosts|failure|{}
2025-03-20T22:42:12Z|6008|RENAME|/tmp/test.txt|success|{}
2025-03-20T22:42:36Z|5003|WRITE|/tmp/backdoor.bin|success|{"suspicious": true, "sequence": 2976}
2025-03-20T22:43:01Z|4020|WRITE|/var/log/auth.log|success|{"size": 522119}
2025-03-20T22:43:06Z|7001|RENAME|/tmp/backdoor.bin|success|{}
2025-03-20T22:43:24Z|9001|RENAME|/home/user/documents/report.doc|success|{}
2025-03-20T22:43:38Z|7002|DELETE|/tmp/backdoor.bin|success|{}
2025-03-20T22:43:48Z|6005|ATTRIBUTE|/etc/shadow|success|{}
2025-03-20T22:44:06Z|1012|WRITE|/var/log/auth.log|success|{"size": 9854}
2025-03-20T22:44:13Z|1014|READ|/home/user/.ssh/id_rsa|success|{}
2025-03-20T22:44:29Z|1016|READ|/etc/hosts|failure|{}
2025-03-20T22:44:40Z|9002|ATTRIBUTE|/var/log/auth.log|success|{}
2025-03-20T22:44:41Z|9100|WRITE|/var/log/syslog|success|{"size": 539611}
2025-03-20T22:45:03Z|1|READ|/var/www/.shell.php|success|{"suspicious": true, "sequence": 2987}
2025-03-20T22:45:27Z|9004|DELETE|/tmp/.hidden_script|success|{}
2025-03-20T22:45:47Z|4012|WRITE|/etc/hosts|success|{"size": 311652}
2025-03-20T22:46:02Z|1003|RENAME|/etc/shadow|failure|{}
2025-03-20T22:46:12Z|9103|DELETE|/var/www/.shell.php|success|{}
2025-03-20T22:46:38Z|4022|WRITE|/dev/shm/.malware|success|{"suspicious": true, "sequence": 2992}
2025-03-20T22:46:52Z|9001|READ|/etc/shadow|success|{}
2025-03-20T22:47:10Z|5|WRITE|/tmp/backdoor.bin|success|{"suspicious": true, "sequence": 2994}
2025-03-20T22:47:18Z|5005|RENAME|/tmp/.hidden_script|success|{}
2025-03-20T22:47:43Z|1007|WRITE|/var/log/auth.log|success|{"size": 404440}
2025-03-20T22:47:58Z|1007|DELETE|/dev/shm/.malware|success|{}
2025-03-20T22:48:03Z|5|WRITE|/dev/shm/.malware|success|{"suspicious": true, "sequence": 2998}
2025-03-20T22:48:20Z|4021|WRITE|/etc/passwd|success|{"size": 996083}
2025-03-20T22:48:49Z|1008|EXECUTE|/home/user/documents/report.doc|success|{}
2025-03-20T22:49:11Z|9001|EXECUTE|/tmp/backdoor.bin|success|{}
2025-03-20T22:49:33Z|7003|EXECUTE|/home/user/.ssh/id_rsa|success|{}
2025-03-20T22:49:42Z|9104|DELETE|/var/log/auth.log|success|{}
2025-03-20T22:49:54Z|6009|EXECUTE|/home/user/.ssh/id_rsa|failure|{}
2025-03-20T22:50:07Z|6008|RENAME|/var/log/syslog|success|{}
2025-03-20T22:50:25Z|5004|RENAME|/etc/shadow|failure|{}
2025-03-20T22:50:50Z|7000|EXECUTE|/var/log/auth.log|failure|{}
2025-03-20T22:50:59Z|6009|READ|/var/log/auth.log|success|{}
2025-03-20T22:51:23Z|9203|ATTRIBUTE|/etc/hosts|success|{}
2025-03-20T22:51:34Z|1003|RENAME|/etc/cron.d/.hack|success|{}
2025-03-20T22:51:42Z|9102|READ|/etc/shadow|success|{}
2025-03-20T22:52:09Z|2|RENAME|/var/log/auth.log|success|{}
2025-03-20T22:52:15Z|1003|WRITE|/etc/cron.d/.hack|success|{"suspicious": true, "sequence": 3013}
2025-03-20T22:52:21Z|7000|ATTRIBUTE|/home/user/documents/report.doc|success|{}
2025-03-20T22:52:29Z|1018|DELETE|/var/www/.shell.php|success|{}
2025-03-20T22:52:35Z|1003|ATTRIBUTE|/home/user/.ssh/id_rsa|success|{}
2025-03-20T22:52:47Z|5014|DELETE|/tmp/backdoor.bin|success|{}
2025-03-20T22:53:05Z|4|WRITE|/dev/shm/.malware|failure|{"suspicious": true, "sequence": 3018}
2025-03-20T22:53:08Z|7000|RENAME|/etc/cron.d/.hack|success|{}
2025-03-20T22:53:38Z|5001|DELETE|/etc/passwd|success|{}
2025-03-20T22:54:01Z|6006|WRITE|/var/log/auth.log|success|{"size": 953581}
2025-03-20T22:54:14Z|7000|WRITE|/var/log/syslog|success|{"size": 804237}
2025-03-20T22:54:40Z|6006|ATTRIBUTE|/etc/hosts|success|{}
2025-03-20T22:54:53Z|9102|RENAME|/etc/passwd|success|{}
2025-03-20T22:55:12Z|6001|RENAME|/var/log/syslog|success|{}
2025-03-20T22:55:16Z|5011|EXECUTE|/var/log/syslog|success|{}
2025-03-20T22:55:31Z|9000|READ|/home/user/documents/report.doc|success|{}
2025-03-20T22:55:35Z|7003|DELETE|/var/www/.shell.php|success|{}
2025-03-20T22:55:55Z|7003|RENAME|/home/user/.ssh/id_rsa|success|{}
2025-03-20T22:56:16Z|4|RENAME|/dev/shm/.malware|success|{}
2025-03-20T22:56:40Z|7002|RENAME|/tmp/backdoor.bin|success|{}
2025-03-20T22:57:03Z|5010|EXECUTE|/etc/shadow|success|{}
2025-03-20T22:57:14Z|7002|WRITE|/tmp/test.txt|success|{"size": 985776}
2025-03-20T22:57:37Z|9101|ATTRIBUTE|/tmp/test.txt|success|{}
2025-03-20T22:58:02Z|5003|EXECUTE|/tmp/test.txt|success|{}
2025-03-20T22:58:16Z|4|READ|/tmp/test.txt|success|{}
2025-03-20T22:58:22Z|9203|DELETE|/etc/cron.d/.hack|success|{}
2025-03-20T22:58:25Z|4011|EXECUTE|/var/log/syslog|failure|{}
2025-03-20T22:58:48Z|7002|ATTRIBUTE|/etc/cron.d/.hack|success|{}
2025-03-20T22:59:05Z|6000|READ|/tmp/.hidden_script|success|{"suspicious": true, "sequence": 3040}
2025-03-20T22:59:20Z|7003|WRITE|/tmp/.hidden_script|success|{"suspicious": true, "sequence": 3041}
2025-03-20T22:59:49Z|9001|ATTRIBUTE|/tmp/.hidden_script|success|{}
2025-03-20T23:00:18Z|9203|RENAME|/home/user/documents/report.doc|success|{}
2025-03-20T23:00:42Z|1001|EXECUTE|/etc/cron.d/.hack|success|{}
2025-03-20T23:00:46Z|7001|RENAME|/dev/shm/.malware|success|{}
2025-03-20T23:01:06Z|5000|EXECUTE|/etc/hosts|failure|{}
2025-03-20T23:01:36Z|4011|ATTRIBUTE|/var/log/syslog|success|{}
2025-03-20T23:01:41Z|9201|ATTRIBUTE|/var/www/.shell.php|success|{}
2025-03-20T23:01:46Z|3|ATTRIBUTE|/var/log/syslog|success|{}
2025-03-20T23:01:54Z|6002|READ|/etc/hosts|success|{}
2025-03-20T23:02:22Z|4006|ATTRIBUTE|/tmp/backdoor.bin|success|{}
2025-03-20T23:02:43Z|6001|ATTRIBUTE|/tmp/backdoor.bin|success|{}
2025-03-20T23:03:13Z|9102|EXECUTE|/home/user/.ssh/id_rsa|success|{}
2025-03-20T23:03:28Z|9101|RENAME|/tmp/test.txt|success|{}
2025-03-20T23:03:47Z|9201|READ|/tmp/test.txt|success|{}
2025-03-20T23:03:59Z|6001|READ|/home/user/documents/report.doc|success|{}
2025-03-20T23:04:08Z|9101|RENAME|/etc/cron.d/.hack|success|{}
2025-03-20T23:04:23Z|9101|EXECUTE|/etc/passwd|success|{}
2025-03-20T23:04:34Z|7000|WRITE|/etc/shadow|success|{"size": 662596}
2025-03-20T23:04:58Z|1013|RENAME|/tmp/test.txt|success|{}
2025-03-20T23:05:06Z|7002|ATTRIBUTE|/home/user/documents/report.doc|success|{}
2025-03-20T23:05:12Z|6003|ATTRIBUTE|/dev/shm/.malware|success|{}
2025-03-20T23:05:36Z|7004|ATTRIBUTE|/etc/passwd|failure|{}
2025-03-20T23:06:01Z|4028|RENAME|/tmp/.hidden_script|success|{}
2025-03-20T23:06:28Z|5002|RENAME|/etc/hosts|success|{}
2025-03-20T23:06:34Z|9000|DELETE|/dev/shm/.malware|success|{}
2025-03-20T23:06:45Z|9204|EXECUTE|/home/user/.ssh/id_rsa|success|{}
2025-03-20T23:07:01Z|7002|DELETE|/var/www/.shell.php|success|{}
2025-03-20T23:07:14Z|4006|WRITE|/tmp/.hidden_script|success|{"suspicious": true, "sequence": 3069}
2025-03-20T23:07:44Z|1|ATTRIBUTE|/etc/hosts|success|{}
2025-03-20T23:07:55Z|1019|DELETE|/var/www/.shell.php|success|{}
2025-03-20T23:08:05Z|7000|DELETE|/etc/cron.d/.hack|success|{}
2025-03-20T23:08:21Z|1004|RENAME|/home/user/documents/report.doc|success|{}
2025-03-20T23:08:29Z|4014|EXECUTE|/tmp/test.txt|failure|{}
2025-03-20T23:08:34Z|5002|EXECUTE|/var/www/.shell.php|success|{}
2025-03-20T23:08:57Z|9204|RENAME|/var/www/.shell.php|success|{}
2025-03-20T23:09:08Z|9201|DELETE|/home/user/.ssh/id_rsa|success|{}
2025-03-20T23:09:27Z|1004|DELETE|/tmp/backdoor.bin|success|{}
2025-03-20T23:09:30Z|6006|READ|/home/user/.ssh/id_rsa|success|{}
2025-03-20T23:09:50Z|7002|WRITE|/tmp/backdoor.bin|success|{"suspicious": true, "sequence": 3080}
2025-03-20T23:09:59Z|9201|READ|/var/log/syslog|success|{}
2025-03-20T23:10:12Z|6005|ATTRIBUTE|/etc/cron.d/.hack|success|{}
2025-03-20T23:10:28Z|1005|READ|/tmp/backdoor.bin|success|{"suspicious": true, "sequence": 3083}
2025-03-20T23:10:29Z|1005|ATTRIBUTE|/var/log/syslog|failure|{}
2025-03-20T23:10:42Z|9101|WRITE|/var/www/.shell.php|success|{"suspicious": true, "sequence": 3085}
2025-03-20T23:10:55Z|9203|RENAME|/var/log/auth.log|success|{}
2025-03-20T23:10:59Z|4004|READ|/home/user/.ssh/id_rsa|failure|{}
2025-03-20T23:11:01Z|6005|DELETE|/tmp/test.txt|success|{}
2025-03-20T23:11:30Z|1015|READ|/etc/shadow|success|{}
2025-03-20T23:11:58Z|6006|READ|/var/log/syslog|success|{}
2025-03-20T23:12:08Z|6006|READ|/tmp/.hidden_script|success|{"suspicious": true, "sequence": 3091}
2025-03-20T23:12:10Z|1017|EXECUTE|/tmp/backdoor.bin|success|{}
2025-03-20T23:12:16Z|1|RENAME|/home/user/.ssh/id_rsa|failure|{}
2025-03-20T23:12:34Z|9001|ATTRIBUTE|/etc/cron.d/.hack|success|{}
2025-03-20T23:13:04Z|7003|RENAME|/tmp/.hidden_script|success|{}
2025-03-20T23:13:26Z|2|RENAME|/var/log/syslog|success|{}
2025-03-20T23:13:46Z|9103|READ|/tmp/test.txt|success|{}
2025-03-20T23:14:14Z|9101|ATTRIBUTE|/etc/passwd|success|{}
2025-03-20T23:14:38Z|6004|EXECUTE|/var/www/.shell.php|success|{}
2025-03-20T23:14:40Z|1002|RENAME|/tmp/backdoor.bin|success|{}
2025-03-20T23:15:07Z|9101|ATTRIBUTE|/etc/shadow|success|{}
2025-03-20T23:15:34Z|4015|RENAME|/dev/shm/.malware|success|{}
2025-03-20T23:15:52Z|9101|READ|/var/log/auth.log|success|{}
2025-03-20T23:16:15Z|6000|READ|/etc/cron.d/.hack|success|{"suspicious": true, "sequence": 3104}
2025-03-20T23:16:34Z|9002|RENAME|/tmp/backdoor.bin|success|{}
2025-03-20T23:16:45Z|1010|ATTRIBUTE|/etc/shadow|success|{}
2025-03-20T23:16:59Z|9200|RENAME|/var/log/auth.log|success|{}
2025-03-20T23:17:04Z|4012|RENAME|/etc/hosts|success|{}
2025-03-20T23:17:28Z|9102|ATTRIBUTE|/var/log/syslog|success|{}
2025-03-20T23:17:56Z|5|ATTRIBUTE|/var/log/auth.log|success|{}
2025-03-20T23:18:16Z|9204|EXECUTE|/var/www/.shell.php|failure|{}
2025-03-20T23:18:19Z|4022|READ|/home/user/.ssh/id_rsa|success|{}
2025-03-20T23:18:40Z|4022|WRITE|/var/log/auth.log|success|{"size": 429627}
2025-03-20T23:18:46Z|6005|ATTRIBUTE|/home/user/documents/report.doc|failure|{}
2025-03-20T23:19:08Z|5011|ATTRIBUTE|/home/user/.ssh/id_rsa|success|{}
2025-03-20T23:19:31Z|3|WRITE|/tmp/test.txt|success|{"size": 722104}
2025-03-20T23:19:34Z|5010|EXECUTE|/etc/passwd|success|{}
2025-03-20T23:19:58Z|5005|RENAME|/etc/shadow|success|{}
2025-03-20T23:20:18Z|9200|ATTRIBUTE|/tmp/.hidden_script|success|{}
2025-03-20T23:20:29Z|9104|READ|/etc/shadow|success|{}
2025-03-20T23:20:54Z|1|RENAME|/etc/passwd|success|{}
2025-03-20T23:21:04Z|9202|WRITE|/var/log/auth.log|success|{"size": 565697}
2025-03-20T23:21:14Z|9204|EXECUTE|/var/log/syslog|success|{}
2025-03-20T23:21:35Z|9003|RENAME|/etc/passwd|success|{}
2025-03-20T23:21:50Z|4019|RENAME|/etc/cron.d/.hack|success|{}
2025-03-20T23:22:00Z|5|DELETE|/dev/shm/.malware|success|{}
2025-03-20T23:22:14Z|9104|READ|/dev/shm/.malware|success|{"suspicious": true, "sequence": 3127}
2025-03-20T23:22:18Z|7000|WRITE|/tmp/test.txt|failure|{"size": 913362}
2025-03-20T23:22:29Z|9203|EXECUTE|/home/user/.ssh/id_rsa|success|{}
2025-03-20T23:22:32Z|9003|READ|/home/user/.ssh/id_rsa|failure|{}
2025-03-20T23:22:55Z|7003|READ|/tmp/test.txt|success|{}
2025-03-20T23:23:08Z|4018|DELETE|/dev/shm/.malware|success|{}
2025-03-20T23:23:37Z|7000|READ|/etc/hosts|success|{}
2025-03-20T23:23:50Z|9003|DELETE|/var/www/.shell.php|success|{}
2025-03-20T23:24:20Z|9204|WRITE|/etc/cron.d/.hack|success|{"suspicious": true, "sequence": 3135}
2025-03-20T23:24:21Z|9104|RENAME|/etc/cron.d/.hack|success|{}
2025-03-20T23:24:31Z|7003|RENAME|/var/www/.shell.php|success|{}
2025-03-20T23:24:37Z|9104|ATTRIBUTE|/etc/hosts|success|{}
2025-03-20T23:24:44Z|5013|WRITE|/home/user/documents/report.doc|success|{"size": 731621}
2025-03-20T23:25:01Z|9104|ATTRIBUTE|/dev/shm/.malware|success|{}
2025-03-20T23:25:13Z|9102|RENAME|/var/log/auth.log|success|{}
2025-03-20T23:25:20Z|6002|DELETE|/tmp/backdoor.bin|success|{}
2025-03-20T23:25:27Z|1013|RENAME|/tmp/test.txt|failure|{}
2025-03-20T23:25:34Z|1008|DELETE|/etc/hosts|success|{}
2025-03-20T23:25:40Z|9000|EXECUTE|/home/user/documents/report.doc|success|{}
2025-03-20T23:25:50Z|6007|EXECUTE|/var/www/.shell.php|success|{}
2025-03-20T23:26:10Z|9200|WRITE|/dev/shm/.malware|success|{"suspicious": true, "sequence": 3147}
2025-03-20T23:26:23Z|9204|WRITE|/var/log/syslog|success|{"size": 741021}
2025-03-20T23:26:31Z|5014|WRITE|/var/log/syslog|failure|{"size": 918375}
2025-03-20T23:26:54Z|7004|READ|/etc/cron.d/.hack|success|{"suspicious": true, "sequence": 3150}
2025-03-20T23:27:18Z|4013|EXECUTE|/var/www/.shell.php|success|{}
2025-03-20T23:27:31Z|9001|READ|/var/www/.shell.php|success|{"suspicious": true, "sequence": 3152}
2025-03-20T23:27:59Z|1014|WRITE|/var/log/syslog|success|{"size": 141179}
2025-03-20T23:28:10Z|9200|WRITE|/var/log/syslog|success|{"size": 23965}
2025-03-20T23:28:14Z|1012|READ|/etc/cron.d/.hack|success|{"suspicious": true, "sequence": 3155}
2025-03-20T23:28:29Z|9201|EXECUTE|/tmp/.hidden_script|success|{}
2025-03-20T23:28:54Z|3|EXECUTE|/var/log/syslog|success|{}
2025-03-20T23:28:58Z|3|EXECUTE|/var/log/syslog|success|{}
2025-03-20T23:29:15Z|9101|DELETE|/tmp/.hidden_script|failure|{}
2025-03-20T23:29:21Z|9102|READ|/home/user/.ssh/id_rsa|failure|{}
2025-03-20T23:29:23Z|9002|DELETE|/etc/passwd|success|{}
2025-03-20T23:29:28Z|7003|READ|/etc/cron.d/.hack|success|{"suspicious": true, "sequence": 3162}
2025-03-20T23:29:57Z|4018|ATTRIBUTE|/tmp/.hidden_script|success|{}
2025-03-20T23:29:58Z|7003|EXECUTE|/tmp/.hidden_script|success|{}
2025-03-20T23:30:17Z|4004|WRITE|/var/log/auth.log|success|{"size": 46353}
2025-03-20T23:30:25Z|5010|DELETE|/var/www/.shell.php|success|{}
2025-03-20T23:30:35Z|4003|RENAME|/etc/shadow|success|{}
2025-03-20T23:30:40Z|5|RENAME|/var/log/syslog|success|{}
2025-03-20T23:30:57Z|1013|DELETE|/tmp/test.txt|failure|{}
2025-03-20T23:31:22Z|5013|ATTRIBUTE|/var/log/auth.log|success|{}
2025-03-20T23:31:39Z|6001|EXECUTE|/etc/passwd|success|{}
2025-03-20T23:32:05Z|4018|ATTRIBUTE|/var/log/auth.log|success|{}
2025-03-20T23:32:07Z|9204|ATTRIBUTE|/tmp/test.txt|success|{}
2025-03-20T23:32:36Z|1007|ATTRIBUTE|/dev/shm/.malware|success|{}
2025-03-20T23:33:00Z|9004|ATTRIBUTE|/etc/cron.d/.hack|success|{}
2025-03-20T23:33:07Z|1002|EXECUTE|/etc/shadow|success|{}
2025-03-20T23:33:35Z|9202|ATTRIBUTE|/var/www/.shell.php|success|{}
2025-03-20T23:33:38Z|9102|READ|/etc/passwd|success|{}
2025-03-20T23:33:57Z|7003|RENAME|/etc/hosts|success|{}
2025-03-20T23:34:08Z|4022|ATTRIBUTE|/dev/shm/.malware|success|{}
2025-03-20T23:34:23Z|5003|ATTRIBUTE|/home/user/documents/report.doc|success|{}
2025-03-20T23:34:51Z|7000|EXECUTE|/home/user/documents/report.doc|success|{}
2025-03-20T23:35:08Z|4|EXECUTE|/etc/passwd|success|{}
2025-03-20T23:35:14Z|9004|RENAME|/tmp/test.txt|success|{}
2025-03-20T23:35:44Z|1011|WRITE|/var/log/syslog|success|{"size": 530082}
2025-03-20T23:36:13Z|4027|RENAME|/etc/shadow|success|{}
2025-03-20T23:36:17Z|5|READ|/dev/shm/.malware|success|{"suspicious": true, "sequence": 3187}
2025-03-20T23:36:35Z|6000|RENAME|/tmp/.hidden_script|success|{}
2025-03-20T23:36:51Z|2|RENAME|/var/log/auth.log|success|{}
2025-03-20T23:37:21Z|5007|READ|/etc/hosts|success|{}
2025-03-20T23:37:23Z|7004|EXECUTE|/var/log/auth.log|success|{}
2025-03-20T23:37:53Z|9103|RENAME|/etc/shadow|success|{}
2025-03-20T23:38:08Z|1009|RENAME|/tmp/test.txt|success|{}
2025-03-20T23:38:10Z|6003|WRITE|/tmp/test.txt|success|{"size": 9507}
2025-03-20T23:38:37Z|9202|READ|/etc/passwd|success|{}
2025-03-20T23:38:54Z|9003|ATTRIBUTE|/dev/shm/.malware|success|{}
2025-03-20T23:38:58Z|4022|RENAME|/tmp/.hidden_script|success|{}
2025-03-20T23:39:07Z|6008|READ|/tmp/test.txt|success|{}
2025-03-20T23:39:17Z|9204|EXECUTE|/var/www/.shell.php|success|{}
2025-03-20T23:39:24Z|1010|DELETE|/tmp/.hidden_script|success|{}
2025-03-20T23:39:36Z|5|DELETE|/etc/passwd|success|{}
2025-03-20T23:39:41Z|9002|ATTRIBUTE|/etc/cron.d/.hack|success|{}
2025-03-20T23:39:51Z|6002|DELETE|/etc/cron.d/.hack|success|{}
2025-03-20T23:39:54Z|1010|DELETE|/var/log/syslog|success|{}
2025-03-20T23:40:15Z|9202|ATTRIBUTE|/dev/shm/.malware|success|{}
2025-03-20T23:40:22Z|6006|WRITE|/etc/cron.d/.hack|success|{"suspicious": true, "sequence": 3206}
2025-03-20T23:40:40Z|1001|READ|/etc/hosts|success|{}
2025-03-20T23:41:06Z|9202|ATTRIBUTE|/var/log/auth.log|success|{}
2025-03-20T23:41:25Z|9100|ATTRIBUTE|/var/www/.shell.php|success|{}
2025-03-20T23:41:42Z|7000|READ|/etc/passwd|success|{}
2025-03-20T23:41:50Z|4012|EXECUTE|/var/log/auth.log|success|{}
2025-03-20T23:42:17Z|9101|ATTRIBUTE|/var/www/.shell.php|success|{}
2025-03-20T23:42:41Z|6007|READ|/var/www/.shell.php|success|{"suspicious": true, "sequence": 3213}
2025-03-20T23:42:58Z|7003|RENAME|/etc/shadow|success|{}
2025-03-20T23:43:12Z|9104|EXECUTE|/var/log/auth.log|success|{}
2025-03-20T23:43:22Z|4010|READ|/etc/passwd|success|{}
2025-03-20T23:43:30Z|9104|ATTRIBUTE|/etc/shadow|success|{}
2025-03-20T23:43:47Z|1003|RENAME|/etc/cron.d/.hack|success|{}
2025-03-20T23:43:52Z|7004|DELETE|/etc/shadow|success|{}
2025-03-20T23:43:59Z|5011|READ|/tmp/backdoor.bin|success|{"suspicious": true, "sequence": 3220}
2025-03-20T23:44:27Z|7001|RENAME|/tmp/.hidden_script|success|{}
2025-03-20T23:44:40Z|5011|DELETE|/tmp/test.txt|success|{}
2025-03-20T23:44:54Z|7003|WRITE|/tmp/.hidden_script|success|{"suspicious": true, "sequence": 3223}
2025-03-20T23:45:23Z|9203|WRITE|/home/user/documents/report.doc|success|{"size": 164920}
2025-03-20T23:45:32Z|9201|READ|/tmp/.hidden_script|success|{"suspicious": true, "sequence": 3225}
2025-03-20T23:46:01Z|9104|WRITE|/etc/passwd|success|{"size": 840075}
2025-03-20T23:46:24Z|9201|DELETE|/var/www/.shell.php|success|{}
2025-03-20T23:46:41Z|4012|RENAME|/var/log/syslog|success|{}
2025-03-20T23:46:54Z|9104|READ|/tmp/test.txt|success|{}
2025-03-20T23:47:07Z|1002|READ|/home/user/.ssh/id_rsa|success|{}
2025-03-20T23:47:32Z|5008|WRITE|/var/log/auth.log|success|{"size": 596134}
2025-03-20T23:47:34Z|1011|EXECUTE|/home/user/.ssh/id_rsa|failure|{}
2025-03-20T23:47:55Z|9003|WRITE|/etc/shadow|success|{"size": 262173}
2025-03-20T23:48:00Z|9002|DELETE|/var/log/auth.log|success|{}
2025-03-20T23:48:02Z|6000|READ|/var/log/auth.log|success|{}
2025-03-20T23:48:03Z|9204|ATTRIBUTE|/tmp/.hidden_script|success|{}
2025-03-20T23:48:18Z|7000|WRITE|/etc/cron.d/.hack|success|{"suspicious": true, "sequence": 3237}
2025-03-20T23:48:41Z|9002|ATTRIBUTE|/home/user/documents/report.doc|success|{}
2025-03-20T23:48:57Z|9103|DELETE|/etc/passwd|success|{}
2025-03-20T23:49:19Z|9003|WRITE|/home/user/documents/report.doc|success|{"size": 1040515}
2025-03-20T23:49:29Z|7003|WRITE|/var/log/auth.log|success|{"size": 93442}
2025-03-20T23:49:35Z|4003|EXECUTE|/home/user/.ssh/id_rsa|success|{}
2025-03-20T23:49:45Z|4015|DELETE|/var/www/.shell.php|success|{}
2025-03-20T23:49:56Z|1|RENAME|/var/log/auth.log|success|{}
2025-03-20T23:49:59Z|5|EXECUTE|/home/user/.ssh/id_rsa|success|{}
2025-03-20T23:50:20Z|1014|EXECUTE|/etc/hosts|success|{}
2025-03-20T23:50:33Z|9202|EXECUTE|/home/user/documents/report.doc|success|{}
2025-03-20T23:50:46Z|9102|READ|/tmp/backdoor.bin|success|{"suspicious": true, "sequence": 3248}
2025-03-20T23:51:15Z|9103|ATTRIBUTE|/tmp/backdoor.bin|failure|{}
2025-03-20T23:51:19Z|6003|EXECUTE|/home/user/.ssh/id_rsa|success|{}
2025-03-20T23:51:34Z|9104|WRITE|/etc/cron.d/.hack|success|{"suspicious": true, "sequence": 3251}
2025-03-20T23:51:46Z|5000|RENAME|/etc/cron.d/.hack|success|{}
2025-03-20T23:52:05Z|4022|DELETE|/var/www/.shell.php|failure|{}
2025-03-20T23:52:25Z|7001|RENAME|/etc/passwd|success|{}
2025-03-20T23:52:42Z|9003|DELETE|/home/user/documents/report.doc|success|{}
2025-03-20T23:52:55Z|4000|READ|/tmp/.hidden_script|success|{"suspicious": true, "sequence": 3256}
2025-03-20T23:53:11Z|6005|DELETE|/etc/shadow|success|{}
2025-03-20T23:53:39Z|5008|DELETE|/etc/hosts|success|{}
2025-03-20T23:53:46Z|9001|ATTRIBUTE|/etc/hosts|success|{}
2025-03-20T23:54:10Z|6007|EXECUTE|/tmp/backdoor.bin|success|{}
2025-03-20T23:54:38Z|1002|EXECUTE|/var/log/syslog|success|{}
2025-03-20T23:55:06Z|9100|EXECUTE|/etc/hosts|success|{}
2025-03-20T23:55:27Z|6000|EXECUTE|/var/www/.shell.php|success|{}
2025-03-20T23:55:45Z|3|ATTRIBUTE|/etc/cron.d/.hack|success|{}
2025-03-20T23:55:57Z|9101|ATTRIBUTE|/etc/shadow|success|{}
2025-03-20T23:56:24Z|4011|EXECUTE|/etc/passwd|success|{}
2025-03-20T23:56:48Z|5|RENAME|/tmp/.hidden_script|success|{}
2025-03-20T23:57:16Z|6002|DELETE|/tmp/test.txt|success|{}
2025-03-20T23:57:17Z|9102|ATTRIBUTE|/tmp/backdoor.bin|success|{}
2025-03-20T23:57:27Z|4027|DELETE|/etc/passwd|success|{}
2025-03-20T23:57:34Z|1003|ATTRIBUTE|/var/www/.shell.php|success|{}
2025-03-20T23:57:37Z|4002|EXECUTE|/tmp/.hidden_script|success|{}
2025-03-20T23:57:47Z|1010|READ|/var/www/.shell.php|success|{"suspicious": true, "sequence": 3273}
2025-03-20T23:57:51Z|5012|ATTRIBUTE|/etc/passwd|success|{}
2025-03-20T23:58:18Z|1000|READ|/tmp/backdoor.bin|success|{"suspicious": true, "sequence": 3275}
2025-03-20T23:58:40Z|4027|ATTRIBUTE|/home/user/documents/report.doc|success|{}
2025-03-20T23:58:42Z|6007|READ|/tmp/test.txt|success|{}
2025-03-20T23:59:12Z|9203|ATTRIBUTE|/tmp/.hidden_script|success|{}
2025-03-20T23:59:15Z|5005|RENAME|/tmp/backdoor.bin|success|{}
2025-03-20T23:59:30Z|9204|EXECUTE|/home/user/.ssh/id_rsa|success|{}
2025-03-20T23:59:36Z|4013|READ|/etc/shadow|success|{}
2025-03-20T23:59:54Z|4|RENAME|/home/user/documents/report.doc|success|{}
2025-03-21T00:00:19Z|9101|READ|/etc/passwd|success|{}
2025-03-21T00:00:33Z|7002|WRITE|/tmp/backdoor.bin|success|{"suspicious": true, "sequence": 3284}
2025-03-21T00:00:55Z|4023|READ|/home/user/.ssh/id_rsa|success|{}
2025-03-21T00:01:16Z|7000|WRITE|/tmp/backdoor.bin|success|{"suspicious": true, "sequence": 3286}
2025-03-21T00:01:32Z|6004|READ|/dev/shm/.malware|success|{"suspicious": true, "sequence": 3287}
2025-03-21T00:01:51Z|5005|RENAME|/tmp/backdoor.bin|success|{}
2025-03-21T00:01:55Z|9000|READ|/home/user/.ssh/id_rsa|success|{}
2025-03-21T00:02:14Z|9101|DELETE|/etc/shadow|success|{}
2025-03-21T00:02:29Z|9204|EXECUTE|/tmp/backdoor.bin|success|{}
2025-03-21T00:02:57Z|9001|EXECUTE|/dev/shm/.malware|success|{}
2025-03-21T00:03:13Z|6007|RENAME|/etc/passwd|success|{}
2025-03-21T00:03:38Z|6005|WRITE|/home/user/.ssh/id_rsa|success|{"size": 234480}
2025-03-21T00:04:01Z|9001|RENAME|/tmp/test.txt|success|{}
2025-03-21T00:04:13Z|1011|RENAME|/tmp/backdoor.bin|success|{}
2025-03-21T00:04:26Z|4|READ|/tmp/backdoor.bin|success|{"suspicious": true, "sequence": 3297}
2025-03-21T00:04:43Z|5013|EXECUTE|/etc/cron.d/.hack|success|{}
2025-03-21T00:05:11Z|2|READ|/etc/shadow|success|{}
2025-03-21T00:05:25Z|9000|RENAME|/tmp/.hidden_script|success|{}
2025-03-21T00:05:40Z|9103|WRITE|/etc/hosts|failure|{"size": 797688}
2025-03-21T00:05:50Z|4024|RENAME|/tmp/test.txt|failure|{}
2025-03-21T00:05:54Z|9201|WRITE|/etc/cron.d/.hack|success|{"suspicious": true, "sequence": 3303}
2025-03-21T00:06:19Z|6003|WRITE|/home/user/documents/report.doc|success|{"size": 421242}
2025-03-21T00:06:46Z|9103|READ|/home/user/documents/report.doc|failure|{}
2025-03-21T00:07:13Z|9103|ATTRIBUTE|/etc/passwd|success|{}
2025-03-21T00:07:24Z|1010|WRITE|/etc/passwd|success|{"size": 32216}
2025-03-21T00:07:46Z|5|READ|/var/www/.shell.php|success|{"suspicious": true, "sequence": 3308}
2025-03-21T00:07:53Z|9203|DELETE|/tmp/backdoor.bin|success|{}
2025-03-21T00:08:09Z|4016|RENAME|/etc/cron.d/.hack|success|{}
2025-03-21T00:08:26Z|6005|DELETE|/tmp/.hidden_script|success|{}
2025-03-21T00:08:47Z|9004|RENAME|/var/www/.shell.php|failure|{}
2025-03-21T00:08:58Z|6005|EXECUTE|/home/user/.ssh/id_rsa|success|{}
2025-03-21T00:09:19Z|1001|EXECUTE|/etc/shadow|success|{}
2025-03-21T00:09:49Z|5007|DELETE|/home/user/.ssh/id_rsa|success|{}
2025-03-21T00:10:05Z|4|WRITE|/var/log/syslog|failure|{"size": 592533}
2025-03-21T00:10:11Z|6000|WRITE|/etc/cron.d/.hack|success|{"suspicious": true, "sequence": 3317}
2025-03-21T00:10:16Z|9003|RENAME|/dev/shm/.malware|success|{}
2025-03-21T00:10:24Z|6004|EXECUTE|/var/www/.shell.php|success|{}
2025-03-21T00:10:35Z|7000|DELETE|/etc/passwd|success|{}
2025-03-21T00:10:51Z|4014|WRITE|/var/log/syslog|success|{"size": 491054}
2025-03-21T00:11:06Z|4006|WRITE|/etc/passwd|success|{"size": 859022}
2025-03-21T00:11:11Z|9002|ATTRIBUTE|/home/user/documents/report.doc|success|{}
2025-03-21T00:11:34Z|9102|EXECUTE|/tmp/backdoor.bin|success|{}
2025-03-21T00:11:59Z|9201|ATTRIBUTE|/var/log/syslog|success|{}
2025-03-21T00:12:29Z|4010|ATTRIBUTE|/home/user/documents/report.doc|success|{}
2025-03-21T00:12:34Z|2|EXECUTE|/tmp/backdoor.bin|success|{}
2025-03-21T00:12:38Z|9102|WRITE|/dev/shm/.malware|success|{"suspicious": true, "sequence": 3328}
2025-03-21T00:12:54Z|5002|DELETE|/dev/shm/.malware|success|{}
2025-03-21T00:13:05Z|9204|RENAME|/etc/cron.d/.hack|success|{}
2025-03-21T00:13:08Z|5011|WRITE|/tmp/.hidden_script|failure|{"suspicious": true, "sequence": 3331}
2025-03-21T00:13:13Z|5014|READ|/home/user/.ssh/id_rsa|success|{}
2025-03-21T00:13:38Z|7003|RENAME|/etc/passwd|success|{}
2025-03-21T00:14:05Z|1009|ATTRIBUTE|/tmp/backdoor.bin|success|{}
2025-03-21T00:14:24Z|4024|EXECUTE|/tmp/backdoor.bin|success|{}
2025-03-21T00:14:27Z|9100|DELETE|/etc/cron.d/.hack|success|{}
2025-03-21T00:14:48Z|9104|RENAME|/etc/cron.d/.hack|success|{}
2025-03-21T00:14:57Z|4029|ATTRIBUTE|/home/user/.ssh/id_rsa|success|{}
2025-03-21T00:15:17Z|5003|DELETE|/var/log/syslog|success|{}
2025-03-21T00:15:19Z|9200|RENAME|/home/user/.ssh/id_rsa|success|{}
2025-03-21T00:15:45Z|4016|EXECUTE|/tmp/.hidden_script|success|{}
2025-03-21T00:15:51Z|4026|EXECUTE|/etc/hosts|success|{}
2025-03-21T00:15:55Z|9203|EXECUTE|/var/log/auth.log|success|{}
2025-03-21T00:16:19Z|5007|ATTRIBUTE|/home/user/documents/report.doc|success|{}
2025-03-21T00:16:20Z|9101|WRITE|/dev/shm/.malware|success|{"suspicious": true, "sequence": 3345}
2025-03-21T00:16:32Z|9202|EXECUTE|/tmp/backdoor.bin|success|{}
2025-03-21T00:16:50Z|5|RENAME|/home/user/.ssh/id_rsa|success|{}
2025-03-21T00:16:56Z|9103|READ|/dev/shm/.malware|failure|{"suspicious": true, "sequence": 3348}
2025-03-21T00:17:22Z|6004|WRITE|/etc/passwd|success|{"size": 766231}
2025-03-21T00:17:29Z|4020|RENAME|/etc/passwd|success|{}
2025-03-21T00:17:44Z|2|RENAME|/etc/hosts|success|{}
2025-03-21T00:17:53Z|6008|DELETE|/var/log/auth.log|success|{}
2025-03-21T00:18:08Z|9202|EXECUTE|/tmp/backdoor.bin|failure|{}
2025-03-21T00:18:25Z|1|ATTRIBUTE|/tmp/test.txt|success|{}
2025-03-21T00:18:41Z|4|DELETE|/etc/hosts|success|{}
2025-03-21T00:19:01Z|1011|READ|/etc/hosts|success|{}
2025-03-21T00:19:14Z|9202|WRITE|/etc/cron.d/.hack|success|{"suspicious": true, "sequence": 3357}
2025-03-21T00:19:22Z|6003|READ|/var/log/auth.log|success|{}
2025-03-21T00:19:45Z|5014|RENAME|/home/user/.ssh/id_rsa|success|{}
2025-03-21T00:20:04Z|9102|RENAME|/etc/hosts|success|{}
2025-03-21T00:20:09Z|6002|RENAME|/home/user/documents/report.doc|failure|{}
2025-03-21T00:20:15Z|9200|RENAME|/tmp/.hidden_script|success|{}
2025-03-21T00:20:25Z|4018|EXECUTE|/tmp/test.txt|success|{}
2025-03-21T00:20:41Z|9104|EXECUTE|/etc/hosts|success|{}
2025-03-21T00:20:46Z|1|WRITE|/var/log/syslog|success|{"size": 701457}
2025-03-21T00:21:05Z|4025|READ|/var/www/.shell.php|success|{"suspicious": true, "sequence": 3366}
2025-03-21T00:21:26Z|9202|ATTRIBUTE|/dev/shm/.malware|success|{}
2025-03-21T00:21:52Z|5|ATTRIBUTE|/etc/hosts|success|{}
2025-03-21T00:21:53Z|4006|RENAME|/etc/cron.d/.hack|success|{}
2025-03-21T00:22:06Z|7003|RENAME|/etc/shadow|success|{}
2025-03-21T00:22:24Z|1001|ATTRIBUTE|/etc/passwd|success|{}
2025-03-21T00:22:27Z|6009|READ|/dev/shm/.malware|success|{"suspicious": true, "sequence": 3372}
2025-03-21T00:22:34Z|7000|EXECUTE|/var/log/auth.log|success|{}
2025-03-21T00:22:35Z|9202|EXECUTE|/var/log/syslog|success|{}
2025-03-21T00:22:54Z|7004|DELETE|/var/www/.shell.php|success|{}
2025-03-21T00:23:23Z|3|DELETE|/var/www/.shell.php|success|{}
2025-03-21T00:23:52Z|6007|DELETE|/dev/shm/.malware|success|{}
2025-03-21T00:24:16Z|9102|EXECUTE|/etc/hosts|success|{}
2025-03-21T00:24:45Z|1013|DELETE|/tmp/.hidden_script|success|{}
2025-03-21T00:25:10Z|4|EXECUTE|/dev/shm/.malware|failure|{}
2025-03-21T00:25:18Z|9103|EXECUTE|/tmp/.hidden_script|success|{}
2025-03-21T00:25:19Z|1|WRITE|/etc/cron.d/.hack|success|{"suspicious": true, "sequence": 3382}
2025-03-21T00:25:32Z|3|EXECUTE|/var/www/.shell.php|success|{}
2025-03-21T00:25:53Z|6009|EXECUTE|/var/log/syslog|success|{}
2025-03-21T00:26:22Z|9003|ATTRIBUTE|/tmp/backdoor.bin|success|{}
2025-03-21T00:26:45Z|5006|RENAME|/etc/hosts|success|{}
2025-03-21T00:27:03Z|6003|WRITE|/dev/shm/.malware|success|{"suspicious": true, "sequence": 3387}
2025-03-21T00:27:11Z|5006|ATTRIBUTE|/var/log/syslog|success|{}
2025-03-21T00:27:16Z|1001|EXECUTE|/home/user/.ssh/id_rsa|success|{}
2025-03-21T00:27:38Z|9200|ATTRIBUTE|/etc/cron.d/.hack|success|{}
2025-03-21T00:27:51Z|9104|DELETE|/etc/shadow|success|{}
2025-03-21T00:27:57Z|1|ATTRIBUTE|/etc/hosts|success|{}
2025-03-21T00:28:22Z|7003|EXECUTE|/tmp/test.txt|success|{}
2025-03-21T00:28:43Z|7000|EXECUTE|/var/log/auth.log|success|{}
2025-03-21T00:28:52Z|7003|WRITE|/etc/cron.d/.hack|success|{"suspicious": true, "sequence": 3395}
2025-03-21T00:29:01Z|5011|WRITE|/var/www/.shell.php|success|{"suspicious": true, "sequence": 3396}
2025-03-21T00:29:31Z|9002|DELETE|/tmp/.hidden_script|failure|{}
2025-03-21T00:29:36Z|9100|DELETE|/var/log/auth.log|success|{}
2025-03-21T00:30:04Z|7001|WRITE|/etc/passwd|success|{"size": 657165}
2025-03-21T00:30:16Z|9000|ATTRIBUTE|/home/user/.ssh/id_rsa|success|{}
2025-03-21T00:30:24Z|7002|DELETE|/var/log/auth.log|success|{}
2025-03-21T00:30:28Z|7002|DELETE|/home/user/.ssh/id_rsa|success|{}
2025-03-21T00:30:58Z|9000|RENAME|/etc/hosts|failure|{}
2025-03-21T00:31:01Z|9202|EXECUTE|/etc/cron.d/.hack|success|{}
2025-03-21T00:31:12Z|9202|EXECUTE|/etc/cron.d/.hack|success|{}
2025-03-21T00:31:32Z|1002|EXECUTE|/etc/passwd|success|{}
2025-03-21T00:31:49Z|3|ATTRIBUTE|/etc/shadow|success|{}
2025-03-21T00:31:54Z|6003|READ|/tmp/backdoor.bin|success|{"suspicious": true, "sequence": 3408}
2025-03-21T00:32:06Z|9004|READ|/etc/hosts|success|{}
2025-03-21T00:32:18Z|6001|ATTRIBUTE|/etc/passwd|success|{}
2025-03-21T00:32:42Z|4|RENAME|/tmp/.hidden_script|success|{}
2025-03-21T00:32:54Z|4|DELETE|/etc/hosts|success|{}
2025-03-21T00:33:12Z|9102|READ|/home/user/documents/report.doc|success|{}
2025-03-21T00:33:18Z|1019|DELETE|/home/user/.ssh/id_rsa|success|{}
2025-03-21T00:33:30Z|6000|WRITE|/etc/hosts|success|{"size": 711733}
2025-03-21T00:33:50Z|5014|ATTRIBUTE|/var/log/auth.log|success|{}
2025-03-21T00:34:05Z|2|READ|/var/log/syslog|success|{}
2025-03-21T00:34:30Z|5009|DELETE|/home/user/.ssh/id_rsa|success|{}
2025-03-21T00:34:47Z|6004|WRITE|/tmp/.hidden_script|failure|{"suspicious": true, "sequence": 3419}
2025-03-21T00:34:49Z|9203|ATTRIBUTE|/etc/cron.d/.hack|success|{}
2025-03-21T00:35:05Z|9201|RENAME|/var/log/auth.log|failure|{}
2025-03-21T00:35:21Z|7000|READ|/var/log/auth.log|success|{}
2025-03-21T00:35:25Z|9200|WRITE|/etc/shadow|success|{"size": 317821}
2025-03-21T00:35:53Z|9201|DELETE|/etc/shadow|success|{}
2025-03-21T00:35:56Z|7003|WRITE|/var/www/.shell.php|success|{"suspicious": true, "sequence": 3425}
2025-03-21T00:36:04Z|9002|RENAME|/var/log/auth.log|success|{}
2025-03-21T00:36:26Z|1017|WRITE|/var/www/.shell.php|success|{"suspicious": true, "sequence": 3427}
2025-03-21T00:36:38Z|4|ATTRIBUTE|/home/user/documents/report.doc|success|{}
2025-03-21T00:36:59Z|4004|READ|/etc/hosts|success|{}
2025-03-21T00:37:11Z|9103|READ|/etc/cron.d/.hack|success|{"suspicious": true, "sequence": 3430}
2025-03-21T00:37:16Z|6007|DELETE|/etc/cron.d/.hack|success|{}
2025-03-21T00:37:33Z|9102|DELETE|/var/log/auth.log|success|{}
2025-03-21T00:38:03Z|6009|READ|/home/user/.ssh/id_rsa|success|{}
2025-03-21T00:38:10Z|7002|DELETE|/dev/shm/.malware|success|{}
2025-03-21T00:38:13Z|4014|DELETE|/home/user/documents/report.doc|success|{}
2025-03-21T00:38:15Z|5011|DELETE|/tmp/.hidden_script|success|{}
2025-03-21T00:38:41Z|4|WRITE|/var/log/auth.log|success|{"size": 501433}
2025-03-21T00:39:11Z|5008|DELETE|/var/www/.shell.php|success|{}
2025-03-21T00:39:38Z|1|WRITE|/etc/shadow|success|{"size": 2879}
2025-03-21T00:39:42Z|4009|WRITE|/home/user/.ssh/id_rsa|failure|{"size": 1025914}
2025-03-21T00:39:47Z|9202|DELETE|/home/user/documents/report.doc|success|{}
2025-03-21T00:40:10Z|9200|EXECUTE|/home/user/.ssh/id_rsa|success|{}
2025-03-21T00:40:20Z|5013|EXECUTE|/tmp/backdoor.bin|success|{}
2025-03-21T00:40:36Z|5006|EXECUTE|/var/log/auth.log|success|{}
2025-03-21T00:40:48Z|4004|RENAME|/tmp/backdoor.bin|success|{}
2025-03-21T00:40:57Z|5|ATTRIBUTE|/home/user/documents/report.doc|failure|{}
2025-03-21T00:41:23Z|7002|WRITE|/etc/hosts|success|{"size": 317487}
2025-03-21T00:41:32Z|1004|READ|/dev/shm/.malware|success|{"suspicious": true, "sequence": 3448}
2025-03-21T00:41:52Z|4016|RENAME|/dev/shm/.malware|success|{}
2025-03-21T00:41:54Z|9204|RENAME|/tmp/backdoor.bin|failure|{}
2025-03-21T00:41:57Z|6003|RENAME|/var/log/syslog|success|{}
2025-03-21T00:42:05Z|7004|EXECUTE|/etc/cron.d/.hack|success|{}
2025-03-21T00:42:28Z|6001|ATTRIBUTE|/tmp/.hidden_script|success|{}
2025-03-21T00:42:36Z|9001|EXECUTE|/tmp/backdoor.bin|success|{}
2025-03-21T00:42:38Z|9100|EXECUTE|/var/log/auth.log|success|{}
2025-03-21T00:43:04Z|4000|READ|/var/log/auth.log|success|{}
2025-03-21T00:43:16Z|2|WRITE|/home/user/documents/report.doc|success|{"size": 391770}
2025-03-21T00:43:22Z|5012|EXECUTE|/tmp/.hidden_script|failure|{}
2025-03-21T00:43:23Z|6006|RENAME|/var/log/syslog|success|{}
2025-03-21T00:43:46Z|9000|DELETE|/tmp/.hidden_script|success|{}
2025-03-21T00:44:13Z|9004|READ|/etc/hosts|success|{}
2025-03-21T00:44:35Z|3|WRITE|/var/log/syslog|success|{"size": 846961}
2025-03-21T00:44:44Z|6005|ATTRIBUTE|/var/log/auth.log|success|{}
2025-03-21T00:45:05Z|9002|ATTRIBUTE|/tmp/backdoor.bin|success|{}
2025-03-21T00:45:25Z|5013|EXECUTE|/var/www/.shell.php|success|{}
2025-03-21T00:45:42Z|5010|RENAME|/etc/passwd|success|{}
2025-03-21T00:46:00Z|7004|READ|/var/log/auth.log|failure|{}
2025-03-21T00:46:14Z|1000|READ|/etc/cron.d/.hack|success|{"suspicious": true, "sequence": 3468}
2025-03-21T00:46:42Z|2|EXECUTE|/etc/hosts|success|{}
2025-03-21T00:46:58Z|9200|WRITE|/etc/hosts|success|{"size": 956484}
2025-03-21T00:47:18Z|7000|EXECUTE|/tmp/test.txt|success|{}
2025-03-21T00:47:25Z|9001|ATTRIBUTE|/var/log/syslog|success|{}
2025-03-21T00:47:49Z|9102|DELETE|/tmp/backdoor.bin|success|{}
2025-03-21T00:48:03Z|1004|WRITE|/var/log/syslog|success|{"size": 920786}
2025-03-21T00:48:33Z|4002|ATTRIBUTE|/home/user/documents/report.doc|success|{}
2025-03-21T00:48:55Z|6007|READ|/home/user/documents/report.doc|success|{}
2025-03-21T00:49:03Z|9104|READ|/var/www/.shell.php|success|{"suspicious": true, "sequence": 3477}
2025-03-21T00:49:23Z|6008|RENAME|/var/www/.shell.php|failure|{}
2025-03-21T00:49:32Z|7004|READ|/etc/passwd|success|{}
2025-03-21T00:50:02Z|5002|EXECUTE|/home/user/.ssh/id_rsa|success|{}
2025-03-21T00:50:07Z|4012|RENAME|/dev/shm/.malware|success|{}
2025-03-21T00:50:26Z|6007|ATTRIBUTE|/etc/cron.d/.hack|failure|{}
2025-03-21T00:50:50Z|4013|READ|/var/www/.shell.php|success|{"suspicious": true, "sequence": 3483}
2025-03-21T00:51:20Z|5008|RENAME|/etc/cron.d/.hack|success|{}
2025-03-21T00:51:37Z|4021|WRITE|/etc/cron.d/.hack|success|{"suspicious": true, "sequence": 3485}
2025-03-21T00:52:05Z|2|EXECUTE|/etc/passwd|success|{}
2025-03-21T00:52:11Z|9203|EXECUTE|/etc/cron.d/.hack|success|{}
2025-03-21T00:52:33Z|9003|EXECUTE|/var/log/syslog|failure|{}
2025-03-21T00:52:50Z|9104|EXECUTE|/tmp/.hidden_script|success|{}
2025-03-21T00:53:12Z|6000|EXECUTE|/var/log/syslog|success|{}
2025-03-21T00:53:39Z|2|WRITE|/etc/shadow|success|{"size": 627140}
2025-03-21T00:53:43Z|5011|ATTRIBUTE|/dev/shm/.malware|success|{}
2025-03-21T00:53:45Z|9102|RENAME|/home/user/documents/report.doc|success|{}
2025-03-21T00:53:53Z|5002|RENAME|/home/user/.ssh/id_rsa|success|{}
2025-03-21T00:54:21Z|9200|DELETE|/home/user/.ssh/id_rsa|success|{}
2025-03-21T00:54:44Z|7001|WRITE|/dev/shm/.malware|success|{"suspicious": true, "sequence": 3496}
2025-03-21T00:54:53Z|9204|EXECUTE|/tmp/.hidden_script|success|{}
2025-03-21T00:55:00Z|4004|WRITE|/etc/hosts|success|{"size": 576979}
2025-03-21T00:55:25Z|6002|WRITE|/var/www/.shell.php|success|{"suspicious": true, "sequence": 3499}
2025-03-21T00:55:41Z|4025|WRITE|/var/log/syslog|success|{"size": 33289}
2025-03-21T00:55:43Z|3|READ|/tmp/.hidden_script|success|{"suspicious": true, "sequence": 3501}
2025-03-21T00:56:10Z|1000|WRITE|/tmp/test.txt|success|{"size": 227132}
2025-03-21T00:56:12Z|4008|READ|/etc/shadow|success|{}
2025-03-21T00:56:19Z|5005|READ|/home/user/.ssh/id_rsa|success|{}
2025-03-21T00:56:45Z|5002|WRITE|/var/log/syslog|success|{"size": 466161}
2025-03-21T00:57:13Z|1013|EXECUTE|/etc/passwd|success|{}
2025-03-21T00:57:41Z|7001|EXECUTE|/etc/passwd|success|{}
2025-03-21T00:58:11Z|1|DELETE|/etc/hosts|success|{}
2025-03-21T00:58:36Z|3|EXECUTE|/etc/passwd|success|{}
2025-03-21T00:58:47Z|4020|EXECUTE|/home/user/documents/report.doc|failure|{}
2025-03-21T00:59:13Z|1001|RENAME|/etc/shadow|failure|{}
2025-03-21T00:59:33Z|9004|EXECUTE|/home/user/documents/report.doc|success|{}
2025-03-21T00:59:48Z|1012|WRITE|/tmp/.hidden_script|success|{"suspicious": true, "sequence": 3513}
2025-03-21T00:59:54Z|1005|ATTRIBUTE|/tmp/backdoor.bin|success|{}
2025-03-21T01:00:03Z|6005|EXECUTE|/var/log/auth.log|success|{}
2025-03-21T01:00:20Z|1014|ATTRIBUTE|/tmp/.hidden_script|success|{}
2025-03-21T01:00:32Z|5002|WRITE|/var/log/syslog|success|{"size": 382020}
2025-03-21T01:00:33Z|4|DELETE|/etc/hosts|failure|{}
2025-03-21T01:00:34Z|7004|ATTRIBUTE|/etc/cron.d/.hack|success|{}
2025-03-21T01:00:57Z|5004|RENAME|/tmp/backdoor.bin|success|{}
2025-03-21T01:01:07Z|4|WRITE|/home/user/documents/report.doc|success|{"size": 793895}
2025-03-21T01:01:21Z|5006|ATTRIBUTE|/etc/shadow|success|{}
2025-03-21T01:01:46Z|5013|ATTRIBUTE|/home/user/.ssh/id_rsa|success|{}
2025-03-21T01:02:11Z|9103|ATTRIBUTE|/home/user/documents/report.doc|success|{}
2025-03-21T01:02:17Z|6004|ATTRIBUTE|/etc/hosts|success|{}
2025-03-21T01:02:18Z|9104|RENAME|/tmp/test.txt|success|{}
2025-03-21T01:02:28Z|5011|READ|/var/log/auth.log|success|{}
2025-03-21T01:02:57Z|4021|DELETE|/var/log/auth.log|success|{}
2025-03-21T01:03:27Z|5013|READ|/var/log/auth.log|success|{}
2025-03-21T01:03:43Z|9204|READ|/home/user/.ssh/id_rsa|success|{}
2025-03-21T01:04:12Z|2|READ|/home/user/documents/report.doc|success|{}
2025-03-21T01:04:40Z|9000|WRITE|/home/user/.ssh/id_rsa|success|{"size": 592417}
2025-03-21T01:04:45Z|4006|READ|/tmp/.hidden_script|success|{"suspicious": true, "sequence": 3533}
2025-03-21T01:04:55Z|4011|READ|/tmp/.hidden_script|success|{"suspicious": true, "sequence": 3534}
2025-03-21T01:05:25Z|4027|WRITE|/dev/shm/.malware|success|{"suspicious": true, "sequence": 3535}
2025-03-21T01:05:41Z|1019|WRITE|/tmp/test.txt|success|{"size": 97201}
2025-03-21T01:05:49Z|1011|RENAME|/tmp/test.txt|success|{}
2025-03-21T01:06:06Z|9200|DELETE|/var/log/syslog|success|{}
2025-03-21T01:06:33Z|6002|DELETE|/var/www/.shell.php|success|{}
2025-03-21T01:06:53Z|4010|WRITE|/etc/shadow|success|{"size": 915106}
2025-03-21T01:06:57Z|4|WRITE|/tmp/backdoor.bin|success|{"suspicious": true, "sequence": 3541}
2025-03-21T01:07:15Z|5009|WRITE|/tmp/test.txt|success|{"size": 13666}
2025-03-21T01:07:28Z|1008|DELETE|/var/log/auth.log|success|{}
2025-03-21T01:07:38Z|9100|READ|/tmp/test.txt|success|{}
2025-03-21T01:07:59Z|6002|EXECUTE|/home/user/documents/report.doc|success|{}
2025-03-21T01:08:18Z|9101|RENAME|/dev/shm/.malware|success|{}
2025-03-21T01:08:33Z|9001|ATTRIBUTE|/tmp/backdoor.bin|success|{}
2025-03-21T01:09:01Z|7003|EXECUTE|/home/user/.ssh/id_rsa|failure|{}
2025-03-21T01:09:05Z|7001|DELETE|/etc/cron.d/.hack|success|{}
2025-03-21T01:09:28Z|4006|READ|/var/www/.shell.php|failure|{"suspicious": true, "sequence": 3550}
2025-03-21T01:09:50Z|9004|DELETE|/etc/passwd|success|{}
2025-03-21T01:10:14Z|5013|RENAME|/etc/shadow|success|{}
2025-03-21T01:10:21Z|1010|EXECUTE|/var/log/auth.log|success|{}
2025-03-21T01:10:40Z|6007|READ|/etc/shadow|success|{}
2025-03-21T01:10:44Z|6007|EXECUTE|/home/user/documents/report.doc|failure|{}
2025-03-21T01:11:11Z|9102|ATTRIBUTE|/dev/shm/.malware|success|{}
2025-03-21T01:11:18Z|5002|ATTRIBUTE|/home/user/documents/report.doc|success|{}
2025-03-21T01:11:26Z|7000|RENAME|/home/user/.ssh/id_rsa|success|{}
2025-03-21T01:11:35Z|6009|WRITE|/home/user/documents/report.doc|success|{"size": 536883}
2025-03-21T01:11:36Z|1015|DELETE|/etc/passwd|success|{}
2025-03-21T01:11:39Z|5|RENAME|/tmp/.hidden_script|success|{}
2025-03-21T01:12:08Z|6009|WRITE|/var/log/auth.log|success|{"size": 879154}
2025-03-21T01:12:20Z|9200|READ|/etc/shadow|failure|{}
2025-03-21T01:12:30Z|7002|DELETE|/tmp/.hidden_script|success|{}
2025-03-21T01:12:51Z|5004|EXECUTE|/var/log/auth.log|success|{}
2025-03-21T01:13:04Z|7001|DELETE|/etc/hosts|success|{}
2025-03-21T01:13:11Z|2|EXECUTE|/tmp/backdoor.bin|success|{}
2025-03-21T01:13:36Z|9204|EXECUTE|/home/user/documents/report.doc|failure|{}
2025-03-21T01:13:43Z|9103|EXECUTE|/etc/shadow|success|{}
2025-03-21T01:14:13Z|4028|WRITE|/tmp/backdoor.bin|success|{"suspicious": true, "sequence": 3570}
2025-03-21T01:14:24Z|9004|ATTRIBUTE|/var/log/auth.log|success|{}
2025-03-21T01:14:46Z|6009|RENAME|/etc/cron.d/.hack|success|{}
2025-03-21T01:15:00Z|9101|DELETE|/tmp/test.txt|success|{}
2025-03-21T01:15:29Z|9101|WRITE|/tmp/backdoor.bin|success|{"suspicious": true, "sequence": 3574}
2025-03-21T01:15:35Z|9100|ATTRIBUTE|/etc/cron.d/.hack|success|{}
2025-03-21T01:15:47Z|6007|RENAME|/etc/hosts|failure|{}
2025-03-21T01:15:59Z|9104|RENAME|/etc/hosts|failure|{}
2025-03-21T01:16:12Z|7001|ATTRIBUTE|/etc/cron.d/.hack|success|{}
2025-03-21T01:16:39Z|1007|WRITE|/tmp/test.txt|success|{"size": 289518}
2025-03-21T01:16:44Z|3|READ|/dev/shm/.malware|failure|{"suspicious": true, "sequence": 3580}
2025-03-21T01:17:14Z|7002|RENAME|/var/log/syslog|success|{}
2025-03-21T01:17:27Z|4019|ATTRIBUTE|/var/log/auth.log|success|{}
2025-03-21T01:17:54Z|1017|WRITE|/var/log/syslog|success|{"size": 838197}
2025-03-21T01:18:24Z|9101|READ|/etc/hosts|success|{}
2025-03-21T01:18:52Z|9201|ATTRIBUTE|/home/user/documents/report.doc|success|{}
2025-03-21T01:19:03Z|6005|RENAME|/dev/shm/.malware|success|{}
2025-03-21T01:19:17Z|7002|DELETE|/var/www/.shell.php|success|{}
2025-03-21T01:19:38Z|6003|EXECUTE|/var/log/syslog|success|{}
2025-03-21T01:19:55Z|9000|ATTRIBUTE|/home/user/documents/report.doc|success|{}
2025-03-21T01:19:56Z|4027|ATTRIBUTE|/tmp/test.txt|success|{}
2025-03-21T01:20:18Z|5007|EXECUTE|/etc/hosts|success|{}
2025-03-21T01:20:45Z|6007|WRITE|/etc/passwd|success|{"size": 442600}
2025-03-21T01:21:13Z|2|DELETE|/home/user/.ssh/id_rsa|success|{}
2025-03-21T01:21:27Z|1012|RENAME|/etc/passwd|success|{}
2025-03-21T01:21:48Z|2|WRITE|/home/user/documents/report.doc|success|{"size": 947675}
2025-03-21T01:22:14Z|7000|ATTRIBUTE|/etc/passwd|success|{}
2025-03-21T01:22:37Z|7001|WRITE|/home/user/.ssh/id_rsa|success|{"size": 477342}
2025-03-21T01:22:45Z|2|RENAME|/tmp/backdoor.bin|success|{}
2025-03-21T01:22:50Z|6006|ATTRIBUTE|/tmp/backdoor.bin|success|{}
2025-03-21T01:23:09Z|9203|EXECUTE|/etc/hosts|success|{}
2025-03-21T01:23:20Z|9202|EXECUTE|/tmp/test.txt|success|{}
2025-03-21T01:23:44Z|9201|ATTRIBUTE|/dev/shm/.malware|success|{}
2025-03-21T01:23:55Z|9102|EXECUTE|/etc/cron.d/.hack|success|{}
2025-03-21T01:23:58Z|1000|EXECUTE|/home/user/.ssh/id_rsa|success|{}
2025-03-21T01:24:02Z|1019|DELETE|/etc/shadow|success|{}
2025-03-21T01:24:23Z|9201|READ|/etc/cron.d/.hack|success|{"suspicious": true, "sequence": 3606}
2025-03-21T01:24:53Z|9203|RENAME|/var/log/syslog|success|{}
2025-03-21T01:25:01Z|7004|WRITE|/dev/shm/.malware|success|{"suspicious": true, "sequence": 3608}
2025-03-21T01:25:10Z|3|EXECUTE|/dev/shm/.malware|success|{}
2025-03-21T01:25:24Z|5000|EXECUTE|/tmp/.hidden_script|success|{}
2025-03-21T01:25:41Z|9203|ATTRIBUTE|/tmp/.hidden_script|success|{}
2025-03-21T01:25:48Z|1012|RENAME|/var/log/auth.log|success|{}
2025-03-21T01:25:49Z|9100|DELETE|/var/www/.shell.php|success|{}
2025-03-21T01:26:01Z|5011|EXECUTE|/tmp/test.txt|success|{}
2025-03-21T01:26:12Z|9000|DELETE|/tmp/test.txt|success|{}
2025-03-21T01:26:18Z|9100|ATTRIBUTE|/var/log/auth.log|failure|{}
2025-03-21T01:26:44Z|5004|EXECUTE|/home/user/documents/report.doc|success|{}
2025-03-21T01:27:13Z|1013|ATTRIBUTE|/home/user/documents/report.doc|failure|{}
2025-03-21T01:27:25Z|6009|EXECUTE|/dev/shm/.malware|success|{}
2025-03-21T01:27:49Z|9200|READ|/dev/shm/.malware|success|{"suspicious": true, "sequence": 3620}
2025-03-21T01:28:15Z|4|READ|/etc/passwd|success|{}
2025-03-21T01:28:35Z|1|EXECUTE|/etc/shadow|success|{}
2025-03-21T01:29:00Z|9104|DELETE|/etc/hosts|success|{}
2025-03-21T01:29:27Z|9004|WRITE|/tmp/backdoor.bin|success|{"suspicious": true, "sequence": 3624}
2025-03-21T01:29:35Z|9200|EXECUTE|/etc/passwd|success|{}
2025-03-21T01:30:00Z|6004|WRITE|/tmp/backdoor.bin|success|{"suspicious": true, "sequence": 3626}
2025-03-21T01:30:27Z|5006|EXECUTE|/var/log/auth.log|success|{}
2025-03-21T01:30:30Z|1001|RENAME|/tmp/test.txt|success|{}
2025-03-21T01:30:43Z|9004|ATTRIBUTE|/etc/hosts|success|{}
2025-03-21T01:31:07Z|9101|ATTRIBUTE|/dev/shm/.malware|success|{}
2025-03-21T01:31:25Z|5012|RENAME|/dev/shm/.malware|success|{}
2025-03-21T01:31:35Z|9000|READ|/var/log/auth.log|success|{}
2025-03-21T01:31:58Z|9101|WRITE|/etc/passwd|failure|{"size": 60517}
2025-03-21T01:32:27Z|5009|DELETE|/etc/passwd|success|{}
2025-03-21T01:32:49Z|9103|WRITE|/home/user/.ssh/id_rsa|success|{"size": 686003}
2025-03-21T01:33:00Z|7004|RENAME|/dev/shm/.malware|success|{}
2025-03-21T01:33:11Z|5|RENAME|/var/www/.shell.php|success|{}
2025-03-21T01:33:25Z|7002|ATTRIBUTE|/etc/shadow|success|{}
2025-03-21T01:33:37Z|9201|EXECUTE|/var/log/auth.log|success|{}
2025-03-21T01:33:38Z|7001|READ|/home/user/.ssh/id_rsa|success|{}
2025-03-21T01:33:52Z|9103|WRITE|/etc/passwd|success|{"size": 855707}
2025-03-21T01:34:14Z|7001|ATTRIBUTE|/tmp/test.txt|success|{}
2025-03-21T01:34:30Z|7003|READ|/etc/hosts|success|{}
2025-03-21T01:34:43Z|5011|WRITE|/var/www/.shell.php|failure|{"suspicious": true, "sequence": 3644}
2025-03-21T01:35:04Z|9201|READ|/etc/cron.d/.hack|success|{"suspicious": true, "sequence": 3645}
2025-03-21T01:35:12Z|7002|READ|/tmp/backdoor.bin|success|{"suspicious": true, "sequence": 3646}
2025-03-21T01:35:34Z|7004|ATTRIBUTE|/var/log/syslog|success|{}
2025-03-21T01:35:49Z|4016|EXECUTE|/etc/cron.d/.hack|success|{}
2025-03-21T01:35:54Z|6005|EXECUTE|/etc/hosts|success|{}
2025-03-21T01:36:22Z|1002|ATTRIBUTE|/tmp/.hidden_script|success|{}
2025-03-21T01:36:23Z|7000|RENAME|/etc/hosts|success|{}
2025-03-21T01:36:26Z|5|RENAME|/var/log/auth.log|failure|{}
2025-03-21T01:36:28Z|1019|RENAME|/var/log/auth.log|success|{}
2025-03-21T01:36:56Z|9201|EXECUTE|/etc/shadow|success|{}
2025-03-21T01:37:22Z|4010|EXECUTE|/tmp/backdoor.bin|success|{}
2025-03-21T01:37:47Z|6002|DELETE|/home/user/.ssh/id_rsa|success|{}
2025-03-21T01:38:12Z|9002|WRITE|/tmp/.hidden_script|success|{"suspicious": true, "sequence": 3657}
2025-03-21T01:38:42Z|5|WRITE|/etc/cron.d/.hack|success|{"suspicious": true, "sequence": 3658}
2025-03-21T01:38:57Z|5006|DELETE|/home/user/.ssh/id_rsa|success|{}
2025-03-21T01:39:00Z|9003|EXECUTE|/etc/shadow|success|{}
2025-03-21T01:39:10Z|4022|READ|/tmp/backdoor.bin|success|{"suspicious": true, "sequence": 3661}
2025-03-21T01:39:28Z|6000|EXECUTE|/var/log/auth.log|success|{}
2025-03-21T01:39:58Z|9001|READ|/etc/passwd|success|{}
2025-03-21T01:40:07Z|1|WRITE|/var/log/auth.log|success|{"size": 577109}
2025-03-21T01:40:30Z|9001|WRITE|/tmp/.hidden_script|success|{"suspicious": true, "sequence": 3665}
2025-03-21T01:40:49Z|6000|EXECUTE|/tmp/test.txt|success|{}
2025-03-21T01:41:08Z|9100|READ|/dev/shm/.malware|success|{"suspicious": true, "sequence": 3667}
2025-03-21T01:41:21Z|7002|WRITE|/etc/cron.d/.hack|success|{"suspicious": true, "sequence": 3668}
2025-03-21T01:41:27Z|6005|EXECUTE|/tmp/test.txt|success|{}
2025-03-21T01:41:46Z|9100|ATTRIBUTE|/etc/shadow|success|{}
2025-03-21T01:42:02Z|6002|RENAME|/etc/hosts|success|{}
2025-03-21T01:42:15Z|1014|DELETE|/tmp/test.txt|success|{}
2025-03-21T01:42:31Z|5009|DELETE|/tmp/.hidden_script|success|{}
2025-03-21T01:42:56Z|9201|RENAME|/tmp/test.txt|success|{}
2025-03-21T01:43:10Z|9202|RENAME|/home/user/documents/report.doc|success|{}
2025-03-21T01:43:32Z|5004|WRITE|/var/www/.shell.php|success|{"suspicious": true, "sequence": 3676}
2025-03-21T01:43:35Z|4017|DELETE|/var/log/syslog|success|{}
2025-03-21T01:43:40Z|4011|WRITE|/etc/passwd|success|{"size": 641596}
2025-03-21T01:43:43Z|9102|RENAME|/home/user/.ssh/id_rsa|success|{}
2025-03-21T01:44:07Z|9200|RENAME|/etc/cron.d/.hack|success|{}
2025-03-21T01:44:24Z|7004|READ|/var/www/.shell.php|success|{"suspicious": true, "sequence": 3681}
2025-03-21T01:44:54Z|9204|WRITE|/etc/hosts|success|{"size": 885178}
2025-03-21T01:45:02Z|9102|WRITE|/home/user/documents/report.doc|failure|{"size": 484964}
2025-03-21T01:45:20Z|9204|EXECUTE|/home/user/.ssh/id_rsa|success|{}
2025-03-21T01:45:31Z|6002|EXECUTE|/etc/passwd|success|{}
2025-03-21T01:45:36Z|9200|EXECUTE|/etc/hosts|failure|{}
2025-03-21T01:46:03Z|5000|READ|/etc/shadow|success|{}
2025-03-21T01:46:11Z|7002|ATTRIBUTE|/home/user/.ssh/id_rsa|success|{}
2025-03-21T01:46:33Z|7001|READ|/dev/shm/.malware|success|{"suspicious": true, "sequence": 3689}
2025-03-21T01:47:01Z|9103|EXECUTE|/var/log/auth.log|success|{}
2025-03-21T01:47:09Z|9004|EXECUTE|/etc/cron.d/.hack|success|{}
2025-03-21T01:47:14Z|9101|EXECUTE|/etc/passwd|success|{}
2025-03-21T01:47:43Z|6007|WRITE|/etc/passwd|success|{"size": 101057}
2025-03-21T01:48:02Z|9004|RENAME|/home/user/documents/report.doc|success|{}
2025-03-21T01:48:27Z|9203|DELETE|/etc/cron.d/.hack|failure|{}
2025-03-21T01:48:41Z|5005|WRITE|/home/user/.ssh/id_rsa|success|{"size": 990983}
2025-03-21T01:48:53Z|1011|WRITE|/etc/cron.d/.hack|success|{"suspicious": true, "sequence": 3697}
2025-03-21T01:49:15Z|4019|EXECUTE|/etc/cron.d/.hack|success|{}
2025-03-21T01:49:43Z|5006|DELETE|/tmp/backdoor.bin|success|{}
2025-03-21T01:50:05Z|4|RENAME|/etc/cron.d/.hack|success|{}
2025-03-21T01:50:25Z|4006|READ|/var/log/syslog|success|{}
2025-03-21T01:50:43Z|9203|WRITE|/etc/passwd|success|{"size": 774278}
2025-03-21T01:51:13Z|9002|WRITE|/var/log/syslog|success|{"size": 293444}
2025-03-21T01:51:27Z|1004|EXECUTE|/etc/passwd|success|{}
2025-03-21T01:51:41Z|1005|ATTRIBUTE|/tmp/test.txt|success|{}
2025-03-21T01:51:55Z|9101|RENAME|/tmp/.hidden_script|success|{}
2025-03-21T01:52:10Z|5|EXECUTE|/tmp/.hidden_script|success|{}
2025-03-21T01:52:13Z|5008|DELETE|/home/user/.ssh/id_rsa|success|{}
2025-03-21T01:52:14Z|9204|DELETE|/var/www/.shell.php|success|{}
2025-03-21T01:52:43Z|1003|WRITE|/etc/passwd|success|{"size": 727179}
2025-03-21T01:53:11Z|6008|DELETE|/etc/shadow|success|{}
2025-03-21T01:53:41Z|7001|EXECUTE|/etc/shadow|success|{}
2025-03-21T01:53:57Z|5012|RENAME|/etc/cron.d/.hack|success|{}
2025-03-21T01:54:12Z|9200|WRITE|/home/user/.ssh/id_rsa|success|{"size": 752926}
2025-03-21T01:54:14Z|5003|RENAME|/tmp/test.txt|success|{}
2025-03-21T01:54:43Z|6002|EXECUTE|/home/user/.ssh/id_rsa|success|{}
2025-03-21T01:54:47Z|1014|ATTRIBUTE|/etc/shadow|success|{}
2025-03-21T01:54:51Z|6007|READ|/var/www/.shell.php|success|{"suspicious": true, "sequence": 3718}
2025-03-21T01:55:17Z|1018|WRITE|/etc/passwd|success|{"size": 326189}
2025-03-21T01:55:21Z|5000|WRITE|/etc/cron.d/.hack|success|{"suspicious": true, "sequence": 3720}
2025-03-21T01:55:29Z|4004|WRITE|/etc/shadow|success|{"size": 708282}
2025-03-21T01:55:46Z|4008|ATTRIBUTE|/dev/shm/.malware|failure|{}
2025-03-21T01:56:11Z|9201|RENAME|/var/log/auth.log|success|{}
2025-03-21T01:56:29Z|9003|ATTRIBUTE|/tmp/.hidden_script|success|{}
2025-03-21T01:56:53Z|7002|WRITE|/var/www/.shell.php|success|{"suspicious": true, "sequence": 3725}
2025-03-21T01:57:19Z|7001|EXECUTE|/var/log/syslog|success|{}
2025-03-21T01:57:36Z|4027|DELETE|/tmp/test.txt|success|{}
2025-03-21T01:57:54Z|9101|EXECUTE|/home/user/documents/report.doc|success|{}
2025-03-21T01:58:18Z|5014|DELETE|/tmp/test.txt|success|{}
2025-03-21T01:58:20Z|4005|DELETE|/home/user/.ssh/id_rsa|success|{}
2025-03-21T01:58:39Z|9104|ATTRIBUTE|/etc/passwd|success|{}
2025-03-21T01:58:58Z|4|ATTRIBUTE|/tmp/backdoor.bin|success|{}
2025-03-21T01:59:12Z|4023|WRITE|/var/log/auth.log|success|{"size": 726826}
2025-03-21T01:59:26Z|7003|DELETE|/var/log/auth.log|success|{}
2025-03-21T01:59:55Z|1013|READ|/tmp/.hidden_script|success|{"suspicious": true, "sequence": 3735}
2025-03-21T02:00:07Z|6007|EXECUTE|/tmp/test.txt|success|{}
2025-03-21T02:00:28Z|1016|READ|/var/www/.shell.php|failure|{"suspicious": true, "sequence": 3737}
2025-03-21T02:00:37Z|4019|EXECUTE|/home/user/.ssh/id_rsa|success|{}
2025-03-21T02:00:56Z|5005|DELETE|/etc/hosts|success|{}
2025-03-21T02:01:22Z|5005|ATTRIBUTE|/tmp/.hidden_script|failure|{}
2025-03-21T02:01:29Z|9002|RENAME|/tmp/.hidden_script|success|{}
2025-03-21T02:01:34Z|6006|EXECUTE|/var/log/auth.log|success|{}
2025-03-21T02:01:39Z|5000|RENAME|/home/user/documents/report.doc|success|{}
2025-03-21T02:02:02Z|9101|EXECUTE|/var/log/syslog|success|{}
2025-03-21T02:02:23Z|9001|EXECUTE|/var/log/syslog|success|{}
2025-03-21T02:02:48Z|5|RENAME|/home/user/documents/report.doc|success|{}
2025-03-21T02:03:18Z|6003|ATTRIBUTE|/tmp/test.txt|success|{}
2025-03-21T02:03:31Z|1006|EXECUTE|/tmp/.hidden_script|failure|{}
2025-03-21T02:03:42Z|4020|DELETE|/etc/shadow|success|{}
2025-03-21T02:03:45Z|9102|READ|/var/log/auth.log|success|{}
2025-03-21T02:03:50Z|6002|DELETE|/var/log/auth.log|success|{}
2025-03-21T02:03:57Z|5000|READ|/etc/passwd|failure|{}
2025-03-21T02:04:26Z|5|DELETE|/home/user/.ssh/id_rsa|success|{}
2025-03-21T02:04:31Z|2|EXECUTE|/dev/shm/.malware|success|{}
2025-03-21T02:04:51Z|7003|ATTRIBUTE|/etc/cron.d/.hack|success|{}
2025-03-21T02:04:53Z|5|RENAME|/etc/passwd|success|{}
2025-03-21T02:04:55Z|6005|EXECUTE|/dev/shm/.malware|success|{}
2025-03-21T02:04:58Z|9001|WRITE|/var/log/syslog|success|{"size": 590732}
2025-03-21T02:05:27Z|1013|READ|/home/user/documents/report.doc|success|{}
2025-03-21T02:05:56Z|4006|RENAME|/etc/shadow|success|{}
2025-03-21T02:06:19Z|7001|DELETE|/tmp/.hidden_script|success|{}
2025-03-21T02:06:37Z|4018|ATTRIBUTE|/tmp/backdoor.bin|success|{}
2025-03-21T02:06:47Z|9000|READ|/etc/shadow|success|{}
2025-03-21T02:06:54Z|9102|WRITE|/dev/shm/.malware|success|{"suspicious": true, "sequence": 3764}
2025-03-21T02:07:15Z|7000|WRITE|/tmp/test.txt|success|{"size": 184287}
2025-03-21T02:07:28Z|5|WRITE|/dev/shm/.malware|success|{"suspicious": true, "sequence": 3766}
2025-03-21T02:07:38Z|7003|RENAME|/var/www/.shell.php|success|{}
2025-03-21T02:07:49Z|5001|ATTRIBUTE|/tmp/backdoor.bin|success|{}
2025-03-21T02:08:01Z|6004|EXECUTE|/home/user/.ssh/id_rsa|success|{}
2025-03-21T02:08:18Z|9201|RENAME|/tmp/backdoor.bin|success|{}
2025-03-21T02:08:29Z|1017|ATTRIBUTE|/var/log/syslog|success|{}
2025-03-21T02:08:53Z|5009|READ|/etc/cron.d/.hack|success|{"suspicious": true, "sequence": 3772}
2025-03-21T02:08:58Z|5002|WRITE|/etc/shadow|success|{"size": 884873}
2025-03-21T02:09:16Z|4008|RENAME|/tmp/.hidden_script|success|{}
2025-03-21T02:09:39Z|9203|READ|/home/user/documents/report.doc|success|{}
2025-03-21T02:09:44Z|5012|RENAME|/tmp/test.txt|success|{}
2025-03-21T02:09:46Z|9203|DELETE|/dev/shm/.malware|failure|{}
2025-03-21T02:09:54Z|7002|READ|/etc/passwd|success|{}
2025-03-21T02:09:55Z|4012|RENAME|/var/log/syslog|success|{}
2025-03-21T02:10:20Z|3|EXECUTE|/tmp/.hidden_script|success|{}
2025-03-21T02:10:43Z|4003|DELETE|/etc/hosts|success|{}
2025-03-21T02:10:44Z|1|RENAME|/tmp/.hidden_script|success|{}
2025-03-21T02:10:47Z|1003|EXECUTE|/etc/passwd|success|{}
2025-03-21T02:10:49Z|1009|WRITE|/tmp/backdoor.bin|success|{"suspicious": true, "sequence": 3784}
2025-03-21T02:11:15Z|9102|READ|/var/www/.shell.php|success|{"suspicious": true, "sequence": 3785}
2025-03-21T02:11:33Z|7000|RENAME|/etc/passwd|failure|{}
2025-03-21T02:11:53Z|5|DELETE|/dev/shm/.malware|success|{}
2025-03-21T02:12:13Z|4011|RENAME|/etc/hosts|success|{}
2025-03-21T02:12:36Z|4027|ATTRIBUTE|/var/www/.shell.php|success|{}
2025-03-21T02:12:55Z|9103|READ|/dev/shm/.malware|failure|{"suspicious": true, "sequence": 3790}
2025-03-21T02:13:24Z|9101|EXECUTE|/tmp/test.txt|failure|{}
2025-03-21T02:13:45Z|1018|ATTRIBUTE|/var/log/syslog|success|{}
2025-03-21T02:14:02Z|5001|READ|/tmp/backdoor.bin|success|{"suspicious": true, "sequence": 3793}
2025-03-21T02:14:18Z|9203|READ|/etc/hosts|success|{}
2025-03-21T02:14:33Z|5001|WRITE|/dev/shm/.malware|success|{"suspicious": true, "sequence": 3795}
2025-03-21T02:14:59Z|4012|WRITE|/etc/hosts|success|{"size": 712300}
2025-03-21T02:15:22Z|1013|WRITE|/etc/shadow|success|{"size": 679156}
2025-03-21T02:15:39Z|9201|EXECUTE|/var/www/.shell.php|failure|{}
2025-03-21T02:15:46Z|5004|ATTRIBUTE|/var/log/syslog|success|{}
2025-03-21T02:16:10Z|7000|EXECUTE|/etc/shadow|success|{}
2025-03-21T02:16:28Z|9104|DELETE|/home/user/.ssh/id_rsa|failure|{}
2025-03-21T02:16:50Z|6008|WRITE|/var/log/syslog|success|{"size": 83775}
2025-03-21T02:17:05Z|4013|RENAME|/etc/hosts|success|{}
2025-03-21T02:17:12Z|5013|DELETE|/var/www/.shell.php|success|{}
2025-03-21T02:17:32Z|9001|WRITE|/home/user/.ssh/id_rsa|success|{"size": 548998}
2025-03-21T02:17:36Z|9202|DELETE|/etc/passwd|success|{}
2025-03-21T02:17:41Z|5010|DELETE|/tmp/.hidden_script|success|{}
2025-03-21T02:17:53Z|9001|WRITE|/etc/shadow|failure|{"size": 514356}
2025-03-21T02:17:54Z|5014|ATTRIBUTE|/home/user/.ssh/id_rsa|success|{}
2025-03-21T02:18:22Z|2|RENAME|/etc/cron.d/.hack|success|{}
2025-03-21T02:18:42Z|9203|READ|/home/user/.ssh/id_rsa|success|{}
2025-03-21T02:18:45Z|9002|RENAME|/var/log/syslog|success|{}
2025-03-21T02:18:57Z|9000|WRITE|/home/user/documents/report.doc|success|{"size": 590676}
2025-03-21T02:19:27Z|9000|RENAME|/tmp/backdoor.bin|success|{}
2025-03-21T02:19:50Z|4|READ|/etc/shadow|success|{}
2025-03-21T02:20:05Z|1005|RENAME|/etc/shadow|success|{}
2025-03-21T02:20:23Z|7004|WRITE|/var/www/.shell.php|success|{"suspicious": true, "sequence": 3817}
2025-03-21T02:20:27Z|5007|ATTRIBUTE|/home/user/documents/report.doc|success|{}
2025-03-21T02:20:39Z|3|DELETE|/tmp/backdoor.bin|success|{}
2025-03-21T02:20:51Z|1|ATTRIBUTE|/var/log/auth.log|success|{}
2025-03-21T02:20:53Z|9103|RENAME|/home/user/.ssh/id_rsa|success|{}
2025-03-21T02:21:22Z|6002|ATTRIBUTE|/tmp/.hidden_script|success|{}
2025-03-21T02:21:51Z|5003|ATTRIBUTE|/etc/cron.d/.hack|success|{}
2025-03-21T02:22:04Z|7004|EXECUTE|/var/log/auth.log|success|{}
2025-03-21T02:22:32Z|4012|RENAME|/etc/shadow|success|{}
2025-03-21T02:22:52Z|4027|RENAME|/var/log/syslog|success|{}
2025-03-21T02:22:53Z|9002|RENAME|/home/user/.ssh/id_rsa|success|{}
2025-03-21T02:22:55Z|9002|READ|/var/log/auth.log|success|{}
2025-03-21T02:23:11Z|7003|RENAME|/tmp/test.txt|success|{}
2025-03-21T02:23:34Z|6002|READ|/var/log/auth.log|success|{}
2025-03-21T02:24:03Z|9101|EXECUTE|/var/log/syslog|success|{}
2025-03-21T02:24:27Z|5|EXECUTE|/tmp/test.txt|success|{}
2025-03-21T02:24:43Z|9202|RENAME|/dev/shm/.malware|success|{}
2025-03-21T02:24:55Z|5|EXECUTE|/etc/hosts|success|{}
2025-03-21T02:25:16Z|5004|EXECUTE|/etc/shadow|success|{}
2025-03-21T02:25:24Z|5003|DELETE|/home/user/.ssh/id_rsa|success|{}
2025-03-21T02:25:33Z|4014|RENAME|/etc/passwd|failure|{}
2025-03-21T02:25:34Z|4029|WRITE|/tmp/.hidden_script|success|{"suspicious": true, "sequence": 3838}
2025-03-21T02:25:51Z|6000|EXECUTE|/etc/cron.d/.hack|success|{}
2025-03-21T02:26:12Z|1016|WRITE|/dev/shm/.malware|success|{"suspicious": true, "sequence": 3840}
2025-03-21T02:26:19Z|9100|ATTRIBUTE|/var/log/auth.log|success|{}
2025-03-21T02:26:35Z|9204|WRITE|/etc/shadow|success|{"size": 472444}
2025-03-21T02:27:02Z|1003|WRITE|/home/user/documents/report.doc|success|{"size": 940047}
2025-03-21T02:27:23Z|9003|WRITE|/tmp/test.txt|success|{"size": 585258}
2025-03-21T02:27:37Z|7001|DELETE|/etc/cron.d/.hack|failure|{}
2025-03-21T02:27:54Z|5010|READ|/etc/passwd|success|{}
2025-03-21T02:28:18Z|1005|READ|/var/www/.shell.php|success|{"suspicious": true, "sequence": 3847}
2025-03-21T02:28:20Z|9102|WRITE|/home/user/.ssh/id_rsa|success|{"size": 166098}
2025-03-21T02:28:47Z|7002|ATTRIBUTE|/home/user/documents/report.doc|success|{}
2025-03-21T02:29:05Z|9004|READ|/tmp/.hidden_script|success|{"suspicious": true, "sequence": 3850}
2025-03-21T02:29:10Z|9101|WRITE|/var/www/.shell.php|success|{"suspicious": true, "sequence": 3851}
2025-03-21T02:29:23Z|9201|READ|/tmp/.hidden_script|success|{"suspicious": true, "sequence": 3852}
2025-03-21T02:29:46Z|9200|DELETE|/tmp/backdoor.bin|success|{}
2025-03-21T02:30:00Z|9103|EXECUTE|/tmp/test.txt|success|{}
2025-03-21T02:30:25Z|4003|WRITE|/tmp/backdoor.bin|success|{"suspicious": true, "sequence": 3855}
2025-03-21T02:30:44Z|9000|DELETE|/var/log/auth.log|success|{}
2025-03-21T02:30:56Z|6003|RENAME|/etc/shadow|success|{}
2025-03-21T02:31:02Z|1|READ|/tmp/.hidden_script|success|{"suspicious": true, "sequence": 3858}
2025-03-21T02:31:25Z|9003|EXECUTE|/etc/hosts|success|{}
2025-03-21T02:31:36Z|9002|WRITE|/tmp/test.txt|success|{"size": 920881}
2025-03-21T02:32:02Z|7001|ATTRIBUTE|/var/www/.shell.php|failure|{}
2025-03-21T02:32:26Z|7000|WRITE|/tmp/backdoor.bin|success|{"suspicious": true, "sequence": 3862}
2025-03-21T02:32:34Z|1013|EXECUTE|/var/log/auth.log|success|{}
2025-03-21T02:32:52Z|6005|WRITE|/var/log/syslog|success|{"size": 50254}
2025-03-21T02:33:17Z|5004|DELETE|/tmp/test.txt|success|{}
2025-03-21T02:33:28Z|9100|RENAME|/tmp/test.txt|success|{}
2025-03-21T02:33:58Z|4023|DELETE|/home/user/documents/report.doc|success|{}
2025-03-21T02:34:05Z|9203|EXECUTE|/etc/hosts|failure|{}
2025-03-21T02:34:08Z|5001|ATTRIBUTE|/home/user/documents/report.doc|success|{}
2025-03-21T02:34:23Z|6004|ATTRIBUTE|/etc/passwd|success|{}
2025-03-21T02:34:42Z|9003|DELETE|/home/user/documents/report.doc|success|{}
2025-03-21T02:34:43Z|9000|DELETE|/var/log/syslog|success|{}
2025-03-21T02:34:56Z|9101|WRITE|/tmp/test.txt|success|{"size": 807128}
2025-03-21T02:35:06Z|6003|ATTRIBUTE|/var/www/.shell.php|success|{}
2025-03-21T02:35:15Z|9000|DELETE|/tmp/backdoor.bin|success|{}
2025-03-21T02:35:27Z|7001|READ|/tmp/backdoor.bin|success|{"suspicious": true, "sequence": 3876}
2025-03-21T02:35:41Z|6007|WRITE|/var/log/syslog|success|{"size": 22549}
2025-03-21T02:35:54Z|4|EXECUTE|/tmp/backdoor.bin|success|{}
2025-03-21T02:36:16Z|6003|WRITE|/var/log/auth.log|success|{"size": 220642}
2025-03-21T02:36:30Z|9203|DELETE|/var/log/auth.log|success|{}
2025-03-21T02:36:32Z|1002|EXECUTE|/dev/shm/.malware|success|{}
2025-03-21T02:36:48Z|9004|EXECUTE|/var/log/syslog|failure|{}
2025-03-21T02:37:06Z|3|WRITE|/tmp/.hidden_script|failure|{"suspicious": true, "sequence": 3883}
2025-03-21T02:37:17Z|4023|EXECUTE|/etc/hosts|success|{}
2025-03-21T02:37:46Z|4020|WRITE|/tmp/.hidden_script|success|{"suspicious": true, "sequence": 3885}
2025-03-21T02:38:00Z|4001|WRITE|/home/user/documents/report.doc|success|{"size": 90966}
2025-03-21T02:38:06Z|6000|RENAME|/tmp/backdoor.bin|success|{}
2025-03-21T02:38:09Z|9004|WRITE|/tmp/test.txt|success|{"size": 296815}
2025-03-21T02:38:27Z|6000|READ|/tmp/backdoor.bin|success|{"suspicious": true, "sequence": 3889}
2025-03-21T02:38:54Z|4021|WRITE|/tmp/test.txt|success|{"size": 72363}
2025-03-21T02:39:18Z|3|READ|/var/log/auth.log|success|{}
2025-03-21T02:39:44Z|4013|WRITE|/var/log/auth.log|success|{"size": 986525}
2025-03-21T02:40:06Z|1002|ATTRIBUTE|/dev/shm/.malware|success|{}
2025-03-21T02:40:19Z|6001|WRITE|/etc/cron.d/.hack|success|{"suspicious": true, "sequence": 3894}
2025-03-21T02:40:22Z|5013|WRITE|/tmp/.hidden_script|success|{"suspicious": true, "sequence": 3895}
2025-03-21T02:40:41Z|5006|EXECUTE|/etc/shadow|success|{}
2025-03-21T02:40:43Z|7003|EXECUTE|/dev/shm/.malware|success|{}
2025-03-21T02:40:50Z|9201|ATTRIBUTE|/var/www/.shell.php|success|{}
2025-03-21T02:40:54Z|9103|RENAME|/var/log/syslog|success|{}
2025-03-21T02:41:05Z|9104|DELETE|/tmp/backdoor.bin|success|{}
2025-03-21T02:41:20Z|4|RENAME|/tmp/.hidden_script|success|{}
2025-03-21T02:41:33Z|1016|ATTRIBUTE|/tmp/test.txt|success|{}
2025-03-21T02:41:34Z|9203|RENAME|/home/user/.ssh/id_rsa|success|{}
2025-03-21T02:41:37Z|5005|READ|/var/www/.shell.php|success|{"suspicious": true, "sequence": 3904}
2025-03-21T02:41:56Z|4029|EXECUTE|/tmp/backdoor.bin|success|{}
2025-03-21T02:42:08Z|1003|READ|/tmp/test.txt|success|{}
2025-03-21T02:42:15Z|9100|ATTRIBUTE|/home/user/documents/report.doc|failure|{}
2025-03-21T02:42:37Z|4007|RENAME|/tmp/backdoor.bin|failure|{}
2025-03-21T02:43:04Z|7004|DELETE|/tmp/test.txt|success|{}
2025-03-21T02:43:18Z|1005|DELETE|/var/www/.shell.php|success|{}
2025-03-21T02:43:30Z|5006|DELETE|/etc/hosts|success|{}
2025-03-21T02:43:32Z|4015|DELETE|/etc/hosts|failure|{}
2025-03-21T02:43:55Z|1012|DELETE|/etc/cron.d/.hack|success|{}
2025-03-21T02:44:21Z|6002|DELETE|/home/user/documents/report.doc|success|{}
2025-03-21T02:44:40Z|4026|EXECUTE|/dev/shm/.malware|success|{}
2025-03-21T02:45:08Z|9001|WRITE|/var/www/.shell.php|success|{"suspicious": true, "sequence": 3916}
2025-03-21T02:45:12Z|9000|ATTRIBUTE|/var/log/syslog|success|{}
2025-03-21T02:45:30Z|6002|RENAME|/tmp/.hidden_script|success|{}
2025-03-21T02:45:38Z|5|WRITE|/var/www/.shell.php|success|{"suspicious": true, "sequence": 3919}
2025-03-21T02:46:00Z|7002|RENAME|/etc/shadow|success|{}
2025-03-21T02:46:09Z|9100|EXECUTE|/dev/shm/.malware|success|{}
2025-03-21T02:46:22Z|1009|DELETE|/home/user/documents/report.doc|success|{}
2025-03-21T02:46:36Z|5009|ATTRIBUTE|/var/www/.shell.php|success|{}
2025-03-21T02:46:49Z|7004|EXECUTE|/tmp/.hidden_script|success|{}
2025-03-21T02:46:57Z|6009|ATTRIBUTE|/dev/shm/.malware|success|{}
2025-03-21T02:47:12Z|5003|WRITE|/etc/shadow|success|{"size": 135263}
2025-03-21T02:47:37Z|9200|WRITE|/tmp/test.txt|success|{"size": 182247}
2025-03-21T02:47:42Z|9201|WRITE|/var/log/auth.log|success|{"size": 383955}
2025-03-21T02:48:07Z|9201|READ|/dev/shm/.malware|success|{"suspicious": true, "sequence": 3929}
2025-03-21T02:48:12Z|9104|READ|/etc/passwd|success|{}
2025-03-21T02:48:32Z|9204|EXECUTE|/etc/shadow|success|{}
2025-03-21T02:48:33Z|1009|RENAME|/home/user/documents/report.doc|success|{}
2025-03-21T02:48:47Z|3|RENAME|/tmp/.hidden_script|failure|{}
2025-03-21T02:49:04Z|9204|WRITE|/var/log/auth.log|success|{"size": 408885}
2025-03-21T02:49:18Z|9100|DELETE|/var/www/.shell.php|success|{}
2025-03-21T02:49:24Z|4023|DELETE|/tmp/test.txt|failure|{}
2025-03-21T02:49:34Z|6007|WRITE|/tmp/.hidden_script|success|{"suspicious": true, "sequence": 3937}
2025-03-21T02:49:51Z|1006|EXECUTE|/etc/cron.d/.hack|success|{}
2025-03-21T02:50:04Z|5008|WRITE|/etc/passwd|success|{"size": 755518}
2025-03-21T02:50:17Z|6009|RENAME|/home/user/.ssh/id_rsa|success|{}
2025-03-21T02:50:22Z|1002|RENAME|/var/log/syslog|failure|{}
2025-03-21T02:50:31Z|6002|WRITE|/home/user/.ssh/id_rsa|success|{"size": 557818}
2025-03-21T02:51:00Z|9002|DELETE|/tmp/test.txt|success|{}
2025-03-21T02:51:12Z|6008|DELETE|/home/user/.ssh/id_rsa|success|{}
2025-03-21T02:51:23Z|4026|EXECUTE|/etc/cron.d/.hack|success|{}
2025-03-21T02:51:28Z|7000|EXECUTE|/var/www/.shell.php|failure|{}
2025-03-21T02:51:57Z|9000|EXECUTE|/etc/passwd|success|{}
2025-03-21T02:52:20Z|6005|WRITE|/etc/shadow|success|{"size": 148694}
2025-03-21T02:52:22Z|1|DELETE|/etc/hosts|success|{}
2025-03-21T02:52:32Z|9104|WRITE|/etc/shadow|success|{"size": 1043560}
2025-03-21T02:52:40Z|6001|READ|/home/user/documents/report.doc|success|{}
2025-03-21T02:52:46Z|5001|WRITE|/etc/passwd|success|{"size": 413646}
2025-03-21T02:53:06Z|5001|READ|/etc/hosts|success|{}
2025-03-21T02:53:09Z|1014|EXECUTE|/home/user/documents/report.doc|failure|{}
2025-03-21T02:53:10Z|1013|READ|/home/user/.ssh/id_rsa|success|{}
2025-03-21T02:53:26Z|9001|READ|/home/user/documents/report.doc|failure|{}
2025-03-21T02:53:47Z|7001|READ|/etc/hosts|failure|{}
2025-03-21T02:54:17Z|1|READ|/var/log/auth.log|success|{}
2025-03-21T02:54:36Z|9103|ATTRIBUTE|/home/user/documents/report.doc|success|{}
2025-03-21T02:55:03Z|7002|ATTRIBUTE|/var/log/syslog|success|{}
2025-03-21T02:55:10Z|6000|READ|/etc/hosts|success|{}
2025-03-21T02:55:18Z|3|ATTRIBUTE|/var/www/.shell.php|success|{}
2025-03-21T02:55:26Z|6003|EXECUTE|/etc/shadow|success|{}
2025-03-21T02:55:48Z|1008|WRITE|/tmp/test.txt|success|{"size": 81631}
2025-03-21T02:56:18Z|9101|RENAME|/home/user/.ssh/id_rsa|success|{}
2025-03-21T02:56:32Z|4018|ATTRIBUTE|/home/user/documents/report.doc|success|{}
2025-03-21T02:56:53Z|9103|READ|/var/www/.shell.php|success|{"suspicious": true, "sequence": 3967}
2025-03-21T02:57:04Z|3|READ|/etc/passwd|success|{}
2025-03-21T02:57:31Z|3|ATTRIBUTE|/etc/cron.d/.hack|success|{}
2025-03-21T02:57:40Z|9202|ATTRIBUTE|/tmp/test.txt|success|{}
2025-03-21T02:57:45Z|9104|DELETE|/tmp/backdoor.bin|success|{}
2025-03-21T02:57:48Z|7003|WRITE|/etc/passwd|failure|{"size": 573168}
2025-03-21T02:58:00Z|4012|READ|/etc/hosts|success|{}
2025-03-21T02:58:26Z|9004|ATTRIBUTE|/home/user/.ssh/id_rsa|failure|{}
2025-03-21T02:58:36Z|7000|DELETE|/tmp/backdoor.bin|success|{}
2025-03-21T02:58:46Z|9102|ATTRIBUTE|/home/user/documents/report.doc|success|{}
2025-03-21T02:59:09Z|1006|EXECUTE|/var/log/auth.log|success|{}
2025-03-21T02:59:37Z|7004|EXECUTE|/home/user/documents/report.doc|success|{}
2025-03-21T02:59:55Z|4002|ATTRIBUTE|/etc/cron.d/.hack|success|{}
2025-03-21T03:00:24Z|5|READ|/var/log/syslog|success|{}
2025-03-21T03:00:39Z|5|ATTRIBUTE|/home/user/.ssh/id_rsa|success|{}
2025-03-21T03:00:59Z|1005|EXECUTE|/etc/shadow|success|{}
2025-03-21T03:01:27Z|9203|DELETE|/tmp/backdoor.bin|success|{}
2025-03-21T03:01:44Z|7000|RENAME|/etc/passwd|success|{}
2025-03-21T03:01:55Z|4020|ATTRIBUTE|/etc/hosts|success|{}
2025-03-21T03:02:13Z|5014|WRITE|/tmp/.hidden_script|success|{"suspicious": true, "sequence": 3986}
2025-03-21T03:02:26Z|5002|WRITE|/etc/passwd|success|{"size": 625781}
2025-03-21T03:02:50Z|4011|DELETE|/etc/cron.d/.hack|success|{}
2025-03-21T03:03:10Z|9200|READ|/etc/hosts|success|{}
2025-03-21T03:03:25Z|4022|READ|/var/log/auth.log|success|{}
2025-03-21T03:03:32Z|7001|DELETE|/dev/shm/.malware|success|{}
2025-03-21T03:03:43Z|1010|RENAME|/tmp/test.txt|success|{}
2025-03-21T03:03:59Z|6005|DELETE|/var/log/auth.log|success|{}
2025-03-21T03:04:28Z|6007|ATTRIBUTE|/var/log/auth.log|success|{}
2025-03-21T03:04:57Z|6000|READ|/tmp/.hidden_script|success|{"suspicious": true, "sequence": 3995}
2025-03-21T03:05:10Z|9202|READ|/tmp/test.txt|success|{}
2025-03-21T03:05:39Z|2|WRITE|/var/log/auth.log|success|{"size": 685198}
2025-03-21T03:06:00Z|1009|DELETE|/tmp/test.txt|success|{}
2025-03-21T03:06:29Z|9203|READ|/etc/shadow|success|{}
2025-03-21T03:06:49Z|4007|EXECUTE|/home/user/.ssh/id_rsa|success|{}
2025-03-21T03:07:12Z|1002|WRITE|/dev/shm/.malware|success|{"suspicious": true, "sequence": 4001}
2025-03-21T03:07:30Z|9101|ATTRIBUTE|/home/user/documents/report.doc|success|{}
2025-03-21T03:07:39Z|1|ATTRIBUTE|/tmp/test.txt|success|{}
2025-03-21T03:07:55Z|9200|EXECUTE|/var/www/.shell.php|success|{}
2025-03-21T03:08:02Z|5007|DELETE|/etc/hosts|success|{}
2025-03-21T03:08:31Z|9103|READ|/tmp/test.txt|success|{}
2025-03-21T03:08:55Z|9101|DELETE|/tmp/.hidden_script|success|{}
2025-03-21T03:08:56Z|9202|DELETE|/tmp/.hidden_script|success|{}
2025-03-21T03:09:02Z|1|WRITE|/home/user/.ssh/id_rsa|success|{"size": 43094}
2025-03-21T03:09:14Z|5014|ATTRIBUTE|/dev/shm/.malware|success|{}
2025-03-21T03:09:26Z|4003|RENAME|/dev/shm/.malware|success|{}
2025-03-21T03:09:51Z|9001|ATTRIBUTE|/var/log/syslog|success|{}
2025-03-21T03:10:10Z|9201|WRITE|/home/user/documents/report.doc|success|{"size": 708682}
2025-03-21T03:10:30Z|9102|DELETE|/home/user/documents/report.doc|success|{}
2025-03-21T03:10:57Z|6001|DELETE|/etc/passwd|failure|{}
2025-03-21T03:11:09Z|6006|DELETE|/etc/hosts|success|{}
2025-03-21T03:11:36Z|4|RENAME|/etc/passwd|success|{}
2025-03-21T03:11:40Z|9100|DELETE|/home/user/documents/report.doc|failure|{}
2025-03-21T03:11:46Z|5|ATTRIBUTE|/etc/passwd|success|{}
2025-03-21T03:11:58Z|7001|RENAME|/etc/shadow|success|{}
2025-03-21T03:12:07Z|6001|DELETE|/var/www/.shell.php|success|{}
2025-03-21T03:12:27Z|5006|WRITE|/tmp/test.txt|success|{"size": 441254}
2025-03-21T03:12:31Z|4|WRITE|/var/www/.shell.php|success|{"suspicious": true, "sequence": 4023}
2025-03-21T03:12:33Z|6005|WRITE|/tmp/test.txt|success|{"size": 558952}
2025-03-21T03:12:49Z|7003|ATTRIBUTE|/etc/passwd|success|{}
2025-03-21T03:13:13Z|9000|EXECUTE|/etc/hosts|success|{}
2025-03-21T03:13:17Z|9000|READ|/var/www/.shell.php|success|{"suspicious": true, "sequence": 4027}
2025-03-21T03:13:29Z|9203|EXECUTE|/tmp/test.txt|success|{}
2025-03-21T03:13:50Z|5013|WRITE|/etc/cron.d/.hack|success|{"suspicious": true, "sequence": 4029}
2025-03-21T03:14:08Z|9102|ATTRIBUTE|/tmp/test.txt|success|{}
2025-03-21T03:14:16Z|1007|WRITE|/var/www/.shell.php|success|{"suspicious": true, "sequence": 4031}
2025-03-21T03:14:29Z|9201|READ|/etc/cron.d/.hack|success|{"suspicious": true, "sequence": 4032}
2025-03-21T03:14:59Z|4011|READ|/etc/shadow|success|{}
2025-03-21T03:15:21Z|9104|WRITE|/var/www/.shell.php|success|{"suspicious": true, "sequence": 4034}
2025-03-21T03:15:32Z|9102|WRITE|/tmp/.hidden_script|success|{"suspicious": true, "sequence": 4035}
2025-03-21T03:15:58Z|4001|READ|/home/user/.ssh/id_rsa|success|{}
2025-03-21T03:16:05Z|9201|ATTRIBUTE|/var/log/syslog|success|{}
2025-03-21T03:16:25Z|5|READ|/etc/hosts|success|{}
2025-03-21T03:16:50Z|9001|DELETE|/home/user/.ssh/id_rsa|success|{}
2025-03-21T03:17:20Z|1010|RENAME|/home/user/documents/report.doc|success|{}
2025-03-21T03:17:49Z|9000|RENAME|/var/www/.shell.php|success|{}
2025-03-21T03:18:09Z|6001|DELETE|/etc/shadow|success|{}
2025-03-21T03:18:15Z|5004|DELETE|/var/log/auth.log|success|{}
2025-03-21T03:18:25Z|9000|WRITE|/etc/shadow|failure|{"size": 737287}
2025-03-21T03:18:33Z|1019|READ|/etc/shadow|success|{}
2025-03-21T03:18:49Z|4011|ATTRIBUTE|/etc/passwd|success|{}
2025-03-21T03:19:14Z|9001|DELETE|/home/user/.ssh/id_rsa|success|{}
2025-03-21T03:19:21Z|9004|DELETE|/dev/shm/.malware|success|{}
2025-03-21T03:19:28Z|9202|RENAME|/home/user/.ssh/id_rsa|success|{}
2025-03-21T03:19:58Z|6000|READ|/var/www/.shell.php|success|{"suspicious": true, "sequence": 4050}
2025-03-21T03:20:10Z|1007|READ|/var/www/.shell.php|success|{"suspicious": true, "sequence": 4051}
2025-03-21T03:20:40Z|5011|RENAME|/etc/passwd|success|{}
2025-03-21T03:20:49Z|9103|ATTRIBUTE|/home/user/documents/report.doc|success|{}
2025-03-21T03:20:53Z|1003|READ|/home/user/documents/report.doc|success|{}
2025-03-21T03:21:15Z|3|EXECUTE|/home/user/.ssh/id_rsa|success|{}
2025-03-21T03:21:20Z|9101|EXECUTE|/var/log/syslog|success|{}
2025-03-21T03:21:24Z|9001|EXECUTE|/home/user/.ssh/id_rsa|success|{}
2025-03-21T03:21:41Z|5009|READ|/etc/shadow|success|{}
2025-03-21T03:22:02Z|7001|READ|/dev/shm/.malware|failure|{"suspicious": true, "sequence": 4059}
2025-03-21T03:22:09Z|9100|WRITE|/tmp/backdoor.bin|success|{"suspicious": true, "sequence": 4060}
2025-03-21T03:22:18Z|5005|EXECUTE|/tmp/test.txt|failure|{}
2025-03-21T03:22:24Z|7003|WRITE|/var/www/.shell.php|success|{"suspicious": true, "sequence": 4062}
2025-03-21T03:22:38Z|5|RENAME|/dev/shm/.malware|success|{}
2025-03-21T03:22:43Z|9202|DELETE|/etc/shadow|success|{}
2025-03-21T03:22:59Z|1|ATTRIBUTE|/etc/cron.d/.hack|success|{}
2025-03-21T03:23:12Z|1018|EXECUTE|/home/user/.ssh/id_rsa|success|{}
2025-03-21T03:23:27Z|9204|ATTRIBUTE|/home/user/.ssh/id_rsa|success|{}
2025-03-21T03:23:35Z|9100|EXECUTE|/home/user/.ssh/id_rsa|success|{}
2025-03-21T03:23:46Z|7001|WRITE|/etc/shadow|success|{"size": 488879}
2025-03-21T03:24:15Z|6007|ATTRIBUTE|/var/log/syslog|success|{}
2025-03-21T03:24:31Z|6004|READ|/etc/cron.d/.hack|success|{"suspicious": true, "sequence": 4071}
2025-03-21T03:24:46Z|1008|READ|/home/user/documents/report.doc|success|{}
2025-03-21T03:25:05Z|7004|READ|/dev/shm/.malware|failure|{"suspicious": true, "sequence": 4073}
2025-03-21T03:25:22Z|7003|READ|/etc/hosts|success|{}
2025-03-21T03:25:30Z|5009|ATTRIBUTE|/tmp/test.txt|success|{}
2025-03-21T03:25:59Z|5004|READ|/etc/passwd|success|{}
2025-03-21T03:26:26Z|6002|WRITE|/etc/shadow|success|{"size": 512900}
2025-03-21T03:26:34Z|7002|DELETE|/etc/hosts|success|{}
2025-03-21T03:26:56Z|1018|RENAME|/home/user/documents/report.doc|success|{}
2025-03-21T03:26:58Z|3|RENAME|/etc/hosts|success|{}
2025-03-21T03:27:17Z|4001|WRITE|/etc/hosts|success|{"size": 995909}
2025-03-21T03:27:26Z|4023|RENAME|/var/www/.shell.php|success|{}
2025-03-21T03:27:34Z|5010|READ|/var/www/.shell.php|success|{"suspicious": true, "sequence": 4083}
2025-03-21T03:27:36Z|6008|RENAME|/var/log/auth.log|success|{}
2025-03-21T03:28:06Z|3|WRITE|/etc/shadow|success|{"size": 245334}
2025-03-21T03:28:26Z|4010|WRITE|/var/log/syslog|success|{"size": 756300}
2025-03-21T03:28:37Z|5|READ|/dev/shm/.malware|success|{"suspicious": true, "sequence": 4087}
2025-03-21T03:29:00Z|4025|DELETE|/etc/passwd|success|{}
2025-03-21T03:29:14Z|2|READ|/var/www/.shell.php|success|{"suspicious": true, "sequence": 4089}
2025-03-21T03:29:16Z|7004|RENAME|/tmp/test.txt|success|{}
2025-03-21T03:29:20Z|9204|RENAME|/tmp/.hidden_script|success|{}
2025-03-21T03:29:30Z|4020|DELETE|/etc/passwd|success|{}
2025-03-21T03:29:35Z|1|READ|/etc/passwd|success|{}
2025-03-21T03:29:40Z|4016|ATTRIBUTE|/etc/passwd|success|{}
2025-03-21T03:29:44Z|1|ATTRIBUTE|/tmp/test.txt|failure|{}
2025-03-21T03:29:50Z|3|READ|/tmp/.hidden_script|success|{"suspicious": true, "sequence": 4096}
2025-03-21T03:30:15Z|1008|EXECUTE|/etc/shadow|success|{}
2025-03-21T03:30:43Z|7003|RENAME|/var/www/.shell.php|success|{}
2025-03-21T03:31:09Z|9202|WRITE|/etc/hosts|success|{"size": 231373}
2025-03-21T03:31:19Z|7003|RENAME|/var/log/auth.log|success|{}
2025-03-21T03:31:20Z|5006|ATTRIBUTE|/home/user/.ssh/id_rsa|success|{}
2025-03-21T03:31:29Z|6007|WRITE|/tmp/.hidden_script|success|{"suspicious": true, "sequence": 4102}
2025-03-21T03:31:40Z|5|ATTRIBUTE|/etc/cron.d/.hack|success|{}
2025-03-21T03:31:56Z|7003|EXECUTE|/dev/shm/.malware|success|{}
2025-03-21T03:32:12Z|1006|EXECUTE|/etc/cron.d/.hack|success|{}
2025-03-21T03:32:13Z|9000|READ|/tmp/.hidden_script|success|{"suspicious": true, "sequence": 4106}
2025-03-21T03:32:27Z|9200|WRITE|/var/log/syslog|success|{"size": 434736}
2025-03-21T03:32:30Z|9102|READ|/etc/cron.d/.hack|success|{"suspicious": true, "sequence": 4108}
2025-03-21T03:32:47Z|9201|ATTRIBUTE|/tmp/backdoor.bin|success|{}
2025-03-21T03:32:56Z|6004|WRITE|/etc/hosts|success|{"size": 134208}
2025-03-21T03:33:19Z|9004|EXECUTE|/tmp/backdoor.bin|success|{}
2025-03-21T03:33:44Z|5|READ|/home/user/documents/report.doc|success|{}
2025-03-21T03:34:01Z|4018|WRITE|/home/user/documents/report.doc|success|{"size": 684025}
2025-03-21T03:34:07Z|9004|ATTRIBUTE|/etc/hosts|success|{}
2025-03-21T03:34:29Z|6008|EXECUTE|/etc/hosts|success|{}
2025-03-21T03:34:47Z|4020|EXECUTE|/home/user/documents/report.doc|success|{}
2025-03-21T03:34:52Z|6008|EXECUTE|/var/log/auth.log|success|{}
2025-03-21T03:35:02Z|5013|ATTRIBUTE|/home/user/.ssh/id_rsa|success|{}
2025-03-21T03:35:17Z|9004|ATTRIBUTE|/var/www/.shell.php|success|{}
2025-03-21T03:35:40Z|9003|READ|/var/log/syslog|success|{}
2025-03-21T03:36:07Z|6005|ATTRIBUTE|/tmp/backdoor.bin|success|{}
2025-03-21T03:36:21Z|5|RENAME|/etc/passwd|success|{}
2025-03-21T03:36:35Z|9204|EXECUTE|/dev/shm/.malware|success|{}
2025-03-21T03:36:55Z|9201|ATTRIBUTE|/var/log/syslog|success|{}
2025-03-21T03:37:10Z|7004|RENAME|/tmp/backdoor.bin|success|{}
2025-03-21T03:37:31Z|6000|WRITE|/dev/shm/.malware|success|{"suspicious": true, "sequence": 4126}
2025-03-21T03:37:32Z|7002|WRITE|/dev/shm/.malware|success|{"suspicious": true, "sequence": 4127}
2025-03-21T03:37:39Z|4022|RENAME|/etc/hosts|success|{}
2025-03-21T03:37:56Z|4016|WRITE|/tmp/backdoor.bin|success|{"suspicious": true, "sequence": 4129}
2025-03-21T03:38:07Z|9202|EXECUTE|/var/www/.shell.php|success|{}
2025-03-21T03:38:09Z|2|DELETE|/dev/shm/.malware|success|{}
2025-03-21T03:38:23Z|3|READ|/etc/passwd|success|{}
2025-03-21T03:38:43Z|4006|DELETE|/tmp/test.txt|success|{}
2025-03-21T03:38:51Z|9004|WRITE|/etc/hosts|success|{"size": 532596}
2025-03-21T03:39:02Z|2|WRITE|/var/log/auth.log|success|{"size": 385765}
2025-03-21T03:39:03Z|1007|DELETE|/tmp/.hidden_script|success|{}
2025-03-21T03:39:11Z|9201|READ|/etc/cron.d/.hack|success|{"suspicious": true, "sequence": 4137}
2025-03-21T03:39:25Z|6006|READ|/var/log/syslog|success|{}
2025-03-21T03:39:28Z|6006|EXECUTE|/var/log/syslog|failure|{}
2025-03-21T03:39:56Z|9103|ATTRIBUTE|/etc/shadow|success|{}
2025-03-21T03:40:08Z|1000|RENAME|/tmp/.hidden_script|success|{}
2025-03-21T03:40:19Z|4022|EXECUTE|/home/user/.ssh/id_rsa|success|{}
2025-03-21T03:40:40Z|9102|READ|/etc/passwd|success|{}
2025-03-21T03:40:58Z|6001|RENAME|/tmp/test.txt|success|{}
2025-03-21T03:41:02Z|1006|RENAME|/tmp/test.txt|success|{}
2025-03-21T03:41:24Z|6003|READ|/etc/passwd|success|{}
2025-03-21T03:41:32Z|9000|WRITE|/etc/hosts|success|{"size": 555959}
2025-03-21T03:41:38Z|6002|WRITE|/home/user/documents/report.doc|success|{"size": 640487}
2025-03-21T03:41:53Z|9000|RENAME|/var/www/.shell.php|success|{}
2025-03-21T03:42:20Z|1013|DELETE|/etc/shadow|success|{}
2025-03-21T03:42:47Z|9202|ATTRIBUTE|/etc/cron.d/.hack|success|{}
2025-03-21T03:43:04Z|1017|READ|/home/user/.ssh/id_rsa|success|{}
2025-03-21T03:43:16Z|1002|READ|/etc/passwd|success|{}
2025-03-21T03:43:28Z|3|WRITE|/tmp/backdoor.bin|success|{"suspicious": true, "sequence": 4154}
2025-03-21T03:43:51Z|2|DELETE|/dev/shm/.malware|success|{}
2025-03-21T03:44:09Z|5|ATTRIBUTE|/var/log/auth.log|success|{}
2025-03-21T03:44:12Z|6003|DELETE|/var/www/.shell.php|success|{}
2025-03-21T03:44:34Z|6001|EXECUTE|/etc/passwd|success|{}
2025-03-21T03:44:48Z|9104|READ|/tmp/.hidden_script|success|{"suspicious": true, "sequence": 4159}
2025-03-21T03:44:56Z|3|READ|/etc/passwd|success|{}
2025-03-21T03:45:26Z|5|DELETE|/var/log/auth.log|success|{}
2025-03-21T03:45:36Z|6007|WRITE|/var/www/.shell.php|success|{"suspicious": true, "sequence": 4162}
2025-03-21T03:46:05Z|6007|WRITE|/home/user/.ssh/id_rsa|success|{"size": 286116}
2025-03-21T03:46:11Z|5009|DELETE|/etc/hosts|success|{}
2025-03-21T03:46:31Z|4021|ATTRIBUTE|/var/www/.shell.php|failure|{}
2025-03-21T03:46:55Z|1015|EXECUTE|/var/www/.shell.php|success|{}
2025-03-21T03:47:07Z|7001|ATTRIBUTE|/tmp/.hidden_script|success|{}
2025-03-21T03:47:12Z|4018|ATTRIBUTE|/etc/passwd|failure|{}
2025-03-21T03:47:37Z|9104|RENAME|/tmp/test.txt|success|{}
2025-03-21T03:47:54Z|1002|ATTRIBUTE|/tmp/backdoor.bin|success|{}
2025-03-21T03:48:24Z|9104|READ|/tmp/backdoor.bin|success|{"suspicious": true, "sequence": 4171}
2025-03-21T03:48:38Z|1009|ATTRIBUTE|/var/www/.shell.php|success|{}
2025-03-21T03:49:06Z|7003|DELETE|/dev/shm/.malware|success|{}
2025-03-21T03:49:15Z|1|RENAME|/etc/shadow|success|{}
2025-03-21T03:49:30Z|4004|RENAME|/etc/passwd|failure|{}
2025-03-21T03:49:46Z|2|WRITE|/tmp/backdoor.bin|success|{"suspicious": true, "sequence": 4176}
2025-03-21T03:49:50Z|5005|DELETE|/etc/hosts|success|{}
2025-03-21T03:50:00Z|4026|DELETE|/home/user/.ssh/id_rsa|success|{}
2025-03-21T03:50:12Z|9004|RENAME|/etc/passwd|success|{}
2025-03-21T03:50:32Z|9102|RENAME|/home/user/.ssh/id_rsa|success|{}
2025-03-21T03:50:53Z|5006|DELETE|/var/www/.shell.php|success|{}
2025-03-21T03:51:20Z|1002|RENAME|/etc/hosts|success|{}
2025-03-21T03:51:44Z|6000|EXECUTE|/var/log/syslog|success|{}
2025-03-21T03:51:53Z|9202|RENAME|/tmp/.hidden_script|success|{}
2025-03-21T03:52:14Z|9000|DELETE|/etc/shadow|success|{}
2025-03-21T03:52:28Z|9103|READ|/home/user/.ssh/id_rsa|success|{}
2025-03-21T03:52:50Z|5008|READ|/var/www/.shell.php|success|{"suspicious": true, "sequence": 4187}
2025-03-21T03:53:08Z|9201|RENAME|/var/www/.shell.php|success|{}
2025-03-21T03:53:11Z|1015|DELETE|/etc/passwd|success|{}
2025-03-21T03:53:37Z|6009|ATTRIBUTE|/etc/hosts|success|{}
2025-03-21T03:53:40Z|5000|WRITE|/var/log/syslog|success|{"size": 1027902}
2025-03-21T03:53:52Z|9104|DELETE|/etc/passwd|success|{}
2025-03-21T03:54:15Z|9003|READ|/tmp/.hidden_script|success|{"suspicious": true, "sequence": 4193}
2025-03-21T03:54:24Z|6000|ATTRIBUTE|/dev/shm/.malware|success|{}
2025-03-21T03:54:37Z|6009|ATTRIBUTE|/tmp/backdoor.bin|success|{}
2025-03-21T03:55:07Z|3|RENAME|/home/user/.ssh/id_rsa|success|{}
2025-03-21T03:55:27Z|9101|RENAME|/etc/hosts|success|{}
2025-03-21T03:55:55Z|1|WRITE|/etc/cron.d/.hack|success|{"suspicious": true, "sequence": 4198}
2025-03-21T03:56:02Z|9101|DELETE|/tmp/backdoor.bin|success|{}
2025-03-21T03:56:07Z|4015|ATTRIBUTE|/var/www/.shell.php|failure|{}
2025-03-21T03:56:18Z|9204|READ|/etc/cron.d/.hack|success|{"suspicious": true, "sequence": 4201}
2025-03-21T03:56:37Z|9203|RENAME|/tmp/backdoor.bin|success|{}
2025-03-21T03:56:57Z|9000|DELETE|/tmp/test.txt|success|{}
2025-03-21T03:57:14Z|7002|DELETE|/tmp/test.txt|success|{}
2025-03-21T03:57:22Z|5|DELETE|/var/www/.shell.php|success|{}
2025-03-21T03:57:50Z|2|DELETE|/tmp/test.txt|success|{}
2025-03-21T03:58:20Z|9002|READ|/tmp/test.txt|success|{}
2025-03-21T03:58:28Z|6007|ATTRIBUTE|/var/www/.shell.php|success|{}
2025-03-21T03:58:51Z|9004|WRITE|/var/log/auth.log|success|{"size": 692660}
2025-03-21T03:58:56Z|1007|ATTRIBUTE|/etc/cron.d/.hack|success|{}
2025-03-21T03:58:58Z|9103|RENAME|/home/user/documents/report.doc|success|{}
2025-03-21T03:59:13Z|5009|READ|/home/user/.ssh/id_rsa|success|{}
2025-03-21T03:59:27Z|9103|EXECUTE|/etc/hosts|success|{}
2025-03-21T03:59:41Z|7000|DELETE|/var/www/.shell.php|success|{}
2025-03-21T03:59:56Z|9100|RENAME|/tmp/test.txt|success|{}
2025-03-21T04:00:09Z|9101|WRITE|/var/log/syslog|success|{"size": 632360}
2025-03-21T04:00:21Z|1016|DELETE|/var/log/auth.log|success|{}
2025-03-21T04:00:47Z|7002|EXECUTE|/home/user/.ssh/id_rsa|success|{}
2025-03-21T04:00:55Z|6003|WRITE|/etc/hosts|success|{"size": 886097}
2025-03-21T04:00:57Z|6000|READ|/tmp/.hidden_script|success|{"suspicious": true, "sequence": 4220}
2025-03-21T04:01:26Z|7004|RENAME|/var/www/.shell.php|success|{}
2025-03-21T04:01:34Z|5009|WRITE|/etc/cron.d/.hack|success|{"suspicious": true, "sequence": 4222}
2025-03-21T04:02:00Z|1|DELETE|/tmp/.hidden_script|success|{}
2025-03-21T04:02:06Z|6008|READ|/etc/cron.d/.hack|success|{"suspicious": true, "sequence": 4224}
2025-03-21T04:02:21Z|1018|ATTRIBUTE|/home/user/documents/report.doc|failure|{}
2025-03-21T04:02:45Z|5010|READ|/var/www/.shell.php|success|{"suspicious": true, "sequence": 4226}
2025-03-21T04:03:05Z|9002|ATTRIBUTE|/var/log/auth.log|success|{}
2025-03-21T04:03:06Z|9201|ATTRIBUTE|/etc/cron.d/.hack|failure|{}
2025-03-21T04:03:23Z|9101|RENAME|/home/user/documents/report.doc|success|{}
2025-03-21T04:03:46Z|1007|DELETE|/tmp/test.txt|success|{}
2025-03-21T04:04:06Z|9101|RENAME|/tmp/backdoor.bin|success|{}
2025-03-21T04:04:13Z|3|DELETE|/var/log/syslog|success|{}
2025-03-21T04:04:35Z|4019|EXECUTE|/etc/passwd|success|{}
2025-03-21T04:04:39Z|4002|WRITE|/etc/cron.d/.hack|success|{"suspicious": true, "sequence": 4234}
2025-03-21T04:05:03Z|5008|RENAME|/home/user/documents/report.doc|success|{}
2025-03-21T04:05:20Z|2|READ|/dev/shm/.malware|success|{"suspicious": true, "sequence": 4236}
2025-03-21T04:05:46Z|9100|ATTRIBUTE|/etc/shadow|success|{}
2025-03-21T04:06:12Z|1019|ATTRIBUTE|/var/log/auth.log|success|{}
2025-03-21T04:06:27Z|7000|WRITE|/var/log/syslog|success|{"size": 699800}
2025-03-21T04:06:52Z|1012|ATTRIBUTE|/var/log/syslog|success|{}
2025-03-21T04:07:09Z|9202|READ|/etc/shadow|success|{}
2025-03-21T04:07:25Z|9000|ATTRIBUTE|/etc/cron.d/.hack|success|{}
2025-03-21T04:07:41Z|4019|WRITE|/var/log/auth.log|success|{"size": 191178}
2025-03-21T04:07:49Z|6003|RENAME|/etc/hosts|success|{}
2025-03-21T04:08:11Z|7004|READ|/home/user/.ssh/id_rsa|success|{}
2025-03-21T04:08:21Z|5010|READ|/tmp/backdoor.bin|success|{"suspicious": true, "sequence": 4246}
2025-03-21T04:08:50Z|1006|EXECUTE|/dev/shm/.malware|success|{}
2025-03-21T04:09:08Z|9102|DELETE|/var/log/syslog|success|{}
2025-03-21T04:09:37Z|3|WRITE|/etc/hosts|success|{"size": 939885}
2025-03-21T04:09:49Z|6004|WRITE|/etc/cron.d/.hack|success|{"suspicious": true, "sequence": 4250}
2025-03-21T04:10:00Z|1013|WRITE|/var/www/.shell.php|failure|{"suspicious": true, "sequence": 4251}
2025-03-21T04:10:15Z|6003|RENAME|/dev/shm/.malware|failure|{}
2025-03-21T04:10:20Z|2|RENAME|/tmp/.hidden_script|success|{}
2025-03-21T04:10:30Z|6005|DELETE|/var/log/syslog|success|{}
2025-03-21T04:10:56Z|1018|RENAME|/tmp/test.txt|success|{}
2025-03-21T04:10:59Z|2|WRITE|/etc/passwd|success|{"size": 383782}
2025-03-21T04:11:06Z|1018|READ|/var/log/auth.log|success|{}
2025-03-21T04:11:32Z|5007|RENAME|/dev/shm/.malware|failure|{}
2025-03-21T04:11:44Z|7004|RENAME|/home/user/documents/report.doc|success|{}
2025-03-21T04:12:07Z|9002|DELETE|/etc/passwd|success|{}
2025-03-21T04:12:09Z|1003|READ|/home/user/.ssh/id_rsa|success|{}
2025-03-21T04:12:11Z|9100|DELETE|/var/www/.shell.php|failure|{}
2025-03-21T04:12:24Z|9100|READ|/etc/cron.d/.hack|success|{"suspicious": true, "sequence": 4263}
2025-03-21T04:12:47Z|9204|DELETE|/tmp/.hidden_script|success|{}
2025-03-21T04:12:53Z|5008|RENAME|/etc/hosts|success|{}
2025-03-21T04:13:20Z|9101|READ|/etc/cron.d/.hack|success|{"suspicious": true, "sequence": 4266}
2025-03-21T04:13:40Z|9103|DELETE|/var/log/auth.log|success|{}
2025-03-21T04:14:08Z|5014|RENAME|/home/user/documents/report.doc|success|{}
2025-03-21T04:14:33Z|9001|DELETE|/var/www/.shell.php|success|{}
2025-03-21T04:14:57Z|9004|EXECUTE|/var/www/.shell.php|success|{}
2025-03-21T04:15:12Z|6000|READ|/home/user/documents/report.doc|success|{}
2025-03-21T04:15:29Z|9200|ATTRIBUTE|/tmp/backdoor.bin|failure|{}
2025-03-21T04:15:38Z|9004|RENAME|/tmp/.hidden_script|success|{}
2025-03-21T04:15:58Z|6003|READ|/etc/shadow|success|{}
2025-03-21T04:16:25Z|1019|WRITE|/tmp/backdoor.bin|success|{"suspicious": true, "sequence": 4275}
2025-03-21T04:16:47Z|2|RENAME|/var/log/auth.log|success|{}
2025-03-21T04:16:53Z|5|READ|/var/log/syslog|failure|{}
2025-03-21T04:17:19Z|7003|EXECUTE|/home/user/documents/report.doc|success|{}
2025-03-21T04:17:31Z|1005|DELETE|/etc/shadow|failure|{}
2025-03-21T04:17:35Z|1008|EXECUTE|/home/user/.ssh/id_rsa|failure|{}
2025-03-21T04:17:44Z|1008|WRITE|/etc/hosts|failure|{"size": 630520}
2025-03-21T04:17:49Z|7002|EXECUTE|/tmp/test.txt|success|{}
2025-03-21T04:18:01Z|2|DELETE|/var/www/.shell.php|success|{}
2025-03-21T04:18:31Z|1004|ATTRIBUTE|/etc/passwd|success|{}
2025-03-21T04:19:01Z|9004|WRITE|/tmp/.hidden_script|failure|{"suspicious": true, "sequence": 4285}
2025-03-21T04:19:17Z|4025|ATTRIBUTE|/tmp/backdoor.bin|failure|{}
2025-03-21T04:19:31Z|9104|WRITE|/var/www/.shell.php|success|{"suspicious": true, "sequence": 4287}
2025-03-21T04:19:49Z|3|READ|/dev/shm/.malware|success|{"suspicious": true, "sequence": 4288}
2025-03-21T04:20:18Z|9202|WRITE|/home/user/documents/report.doc|success|{"size": 1988}
2025-03-21T04:20:37Z|9004|EXECUTE|/tmp/test.txt|success|{}
2025-03-21T04:21:02Z|9003|WRITE|/var/www/.shell.php|success|{"suspicious": true, "sequence": 4291}
2025-03-21T04:21:32Z|4008|RENAME|/home/user/documents/report.doc|success|{}
2025-03-21T04:21:43Z|5008|READ|/home/user/documents/report.doc|success|{}
2025-03-21T04:22:01Z|9002|WRITE|/etc/cron.d/.hack|success|{"suspicious": true, "sequence": 4294}
2025-03-21T04:22:03Z|7004|DELETE|/var/log/auth.log|success|{}
2025-03-21T04:22:23Z|9002|DELETE|/tmp/backdoor.bin|success|{}
2025-03-21T04:22:26Z|9202|ATTRIBUTE|/tmp/backdoor.bin|success|{}
2025-03-21T04:22:42Z|4026|READ|/tmp/.hidden_script|success|{"suspicious": true, "sequence": 4298}
2025-03-21T04:23:09Z|4021|DELETE|/tmp/.hidden_script|success|{}
2025-03-21T04:23:30Z|4029|WRITE|/dev/shm/.malware|success|{"suspicious": true, "sequence": 4300}
2025-03-21T04:23:58Z|1014|RENAME|/etc/passwd|success|{}
2025-03-21T04:24:21Z|9004|READ|/tmp/.hidden_script|success|{"suspicious": true, "sequence": 4302}
2025-03-21T04:24:32Z|5|ATTRIBUTE|/var/log/syslog|success|{}
2025-03-21T04:24:38Z|6000|DELETE|/etc/shadow|success|{}
2025-03-21T04:25:03Z|9104|DELETE|/etc/hosts|success|{}
2025-03-21T04:25:06Z|9004|WRITE|/etc/passwd|success|{"size": 692305}
2025-03-21T04:25:30Z|1013|READ|/etc/hosts|success|{}
2025-03-21T04:25:50Z|5008|READ|/home/user/.ssh/id_rsa|success|{}
2025-03-21T04:26:04Z|6004|RENAME|/home/user/documents/report.doc|failure|{}
2025-03-21T04:26:08Z|4017|DELETE|/var/www/.shell.php|success|{}
2025-03-21T04:26:34Z|5|READ|/etc/passwd|success|{}
2025-03-21T04:26:52Z|9001|EXECUTE|/etc/cron.d/.hack|success|{}
2025-03-21T04:27:04Z|1002|WRITE|/tmp/backdoor.bin|success|{"suspicious": true, "sequence": 4313}
2025-03-21T04:27:24Z|1003|ATTRIBUTE|/var/www/.shell.php|success|{}
2025-03-21T04:27:36Z|7003|EXECUTE|/home/user/documents/report.doc|success|{}
2025-03-21T04:27:44Z|5006|WRITE|/tmp/.hidden_script|success|{"suspicious": true, "sequence": 4316}
2025-03-21T04:27:50Z|7001|READ|/var/log/syslog|success|{}
2025-03-21T04:27:53Z|9202|READ|/etc/passwd|success|{}
2025-03-21T04:27:55Z|5007|DELETE|/tmp/backdoor.bin|success|{}
2025-03-21T04:27:58Z|7001|DELETE|/home/user/.ssh/id_rsa|success|{}
2025-03-21T04:28:03Z|6001|ATTRIBUTE|/home/user/.ssh/id_rsa|success|{}
2025-03-21T04:28:18Z|4021|EXECUTE|/var/www/.shell.php|success|{}
2025-03-21T04:28:47Z|2|READ|/tmp/.hidden_script|success|{"suspicious": true, "sequence": 4323}
2025-03-21T04:29:01Z|7000|ATTRIBUTE|/tmp/test.txt|success|{}
2025-03-21T04:29:15Z|6005|RENAME|/etc/passwd|success|{}
2025-03-21T04:29:36Z|1003|ATTRIBUTE|/var/www/.shell.php|success|{}
2025-03-21T04:29:49Z|4026|ATTRIBUTE|/dev/shm/.malware|success|{}
2025-03-21T04:29:55Z|7000|RENAME|/etc/passwd|success|{}
2025-03-21T04:29:59Z|6006|WRITE|/var/log/auth.log|success|{"size": 53882}
2025-03-21T04:30:05Z|4026|EXECUTE|/etc/shadow|success|{}
2025-03-21T04:30:22Z|9204|DELETE|/tmp/.hidden_script|success|{}
2025-03-21T04:30:27Z|6008|DELETE|/tmp/.hidden_script|success|{}
2025-03-21T04:30:56Z|7003|READ|/tmp/backdoor.bin|success|{"suspicious": true, "sequence": 4333}
2025-03-21T04:31:08Z|9103|READ|/dev/shm/.malware|success|{"suspicious": true, "sequence": 4334}
2025-03-21T04:31:19Z|7001|ATTRIBUTE|/home/user/documents/report.doc|failure|{}
2025-03-21T04:31:33Z|5|WRITE|/home/user/documents/report.doc|success|{"size": 233196}
2025-03-21T04:31:53Z|7002|ATTRIBUTE|/var/www/.shell.php|success|{}
2025-03-21T04:31:59Z|5001|ATTRIBUTE|/etc/shadow|success|{}
2025-03-21T04:32:01Z|7002|READ|/etc/cron.d/.hack|success|{"suspicious": true, "sequence": 4339}
2025-03-21T04:32:07Z|7002|READ|/dev/shm/.malware|success|{"suspicious": true, "sequence": 4340}
2025-03-21T04:32:14Z|6006|WRITE|/etc/cron.d/.hack|success|{"suspicious": true, "sequence": 4341}
2025-03-21T04:32:38Z|7000|ATTRIBUTE|/var/www/.shell.php|success|{}
2025-03-21T04:33:04Z|4021|ATTRIBUTE|/tmp/backdoor.bin|success|{}
2025-03-21T04:33:13Z|1009|RENAME|/etc/passwd|success|{}
2025-03-21T04:33:40Z|9002|WRITE|/tmp/.hidden_script|success|{"suspicious": true, "sequence": 4345}
2025-03-21T04:33:41Z|4|RENAME|/etc/shadow|success|{}
2025-03-21T04:34:00Z|4019|ATTRIBUTE|/home/user/documents/report.doc|success|{}
2025-03-21T04:34:11Z|9003|WRITE|/tmp/backdoor.bin|success|{"suspicious": true, "sequence": 4348}
2025-03-21T04:34:38Z|9204|ATTRIBUTE|/var/log/syslog|success|{}
2025-03-21T04:34:56Z|7004|RENAME|/tmp/backdoor.bin|success|{}
2025-03-21T04:35:09Z|7000|ATTRIBUTE|/var/log/auth.log|success|{}
2025-03-21T04:35:21Z|9003|EXECUTE|/tmp/.hidden_script|failure|{}
2025-03-21T04:35:24Z|9003|DELETE|/var/log/auth.log|success|{}
2025-03-21T04:35:49Z|9003|EXECUTE|/var/log/auth.log|success|{}
2025-03-21T04:36:11Z|9103|ATTRIBUTE|/var/log/syslog|success|{}
2025-03-21T04:36:32Z|9000|EXECUTE|/home/user/.ssh/id_rsa|success|{}
2025-03-21T04:36:51Z|9102|DELETE|/var/www/.shell.php|success|{}
2025-03-21T04:36:52Z|7001|WRITE|/etc/shadow|success|{"size": 378306}
2025-03-21T04:37:15Z|5013|RENAME|/tmp/.hidden_script|success|{}
2025-03-21T04:37:29Z|4001|RENAME|/tmp/.hidden_script|success|{}
2025-03-21T04:37:48Z|1|ATTRIBUTE|/tmp/test.txt|success|{}
2025-03-21T04:38:13Z|1016|RENAME|/tmp/test.txt|success|{}
2025-03-21T04:38:27Z|9000|EXECUTE|/var/log/syslog|success|{}
2025-03-21T04:38:55Z|9002|EXECUTE|/tmp/.hidden_script|success|{}
2025-03-21T04:39:12Z|5012|ATTRIBUTE|/var/log/syslog|success|{}
2025-03-21T04:39:29Z|4000|ATTRIBUTE|/tmp/test.txt|success|{}
2025-03-21T04:39:40Z|1013|READ|/dev/shm/.malware|success|{"suspicious": true, "sequence": 4367}
2025-03-21T04:39:42Z|7000|EXECUTE|/var/www/.shell.php|success|{}
2025-03-21T04:40:01Z|5006|RENAME|/tmp/test.txt|success|{}
2025-03-21T04:40:02Z|4003|WRITE|/tmp/test.txt|success|{"size": 757528}
2025-03-21T04:40:21Z|4007|READ|/var/log/auth.log|success|{}
2025-03-21T04:40:27Z|9204|ATTRIBUTE|/home/user/.ssh/id_rsa|success|{}
2025-03-21T04:40:53Z|4008|RENAME|/etc/passwd|success|{}
2025-03-21T04:40:59Z|5011|ATTRIBUTE|/var/www/.shell.php|success|{}
2025-03-21T04:41:25Z|5006|DELETE|/var/www/.shell.php|success|{}
2025-03-21T04:41:49Z|9002|EXECUTE|/var/log/auth.log|success|{}
2025-03-21T04:42:04Z|5|READ|/tmp/.hidden_script|success|{"suspicious": true, "sequence": 4377}
2025-03-21T04:42:06Z|1006|WRITE|/etc/hosts|success|{"size": 609442}
2025-03-21T04:42:16Z|9102|READ|/var/log/syslog|success|{}
2025-03-21T04:42:17Z|1011|DELETE|/var/log/auth.log|success|{}
2025-03-21T04:42:39Z|1019|ATTRIBUTE|/var/log/auth.log|success|{}
2025-03-21T04:43:08Z|9201|WRITE|/var/log/auth.log|success|{"size": 1001547}
2025-03-21T04:43:20Z|1006|EXECUTE|/var/log/auth.log|success|{}
2025-03-21T04:43:50Z|9000|READ|/home/user/documents/report.doc|success|{}
2025-03-21T04:43:58Z|6009|RENAME|/dev/shm/.malware|failure|{}
2025-03-21T04:44:20Z|1011|READ|/etc/shadow|success|{}
2025-03-21T04:44:37Z|4|EXECUTE|/var/www/.shell.php|success|{}
2025-03-21T04:44:54Z|7003|EXECUTE|/etc/hosts|success|{}
2025-03-21T04:44:57Z|9100|DELETE|/tmp/backdoor.bin|failure|{}
2025-03-21T04:45:19Z|5|EXECUTE|/etc/passwd|success|{}
2025-03-21T04:45:29Z|1009|WRITE|/tmp/.hidden_script|success|{"suspicious": true, "sequence": 4391}
2025-03-21T04:45:34Z|9203|EXECUTE|/var/log/auth.log|failure|{}
2025-03-21T04:45:50Z|9001|DELETE|/dev/shm/.malware|success|{}
2025-03-21T04:45:51Z|9100|RENAME|/tmp/backdoor.bin|success|{}
2025-03-21T04:46:21Z|5008|RENAME|/var/www/.shell.php|success|{}
2025-03-21T04:46:39Z|7002|READ|/tmp/backdoor.bin|success|{"suspicious": true, "sequence": 4396}
2025-03-21T04:46:48Z|9102|DELETE|/home/user/.ssh/id_rsa|success|{}
2025-03-21T04:47:16Z|1000|EXECUTE|/var/www/.shell.php|success|{}
2025-03-21T04:47:24Z|9201|DELETE|/dev/shm/.malware|failure|{}
2025-03-21T04:47:40Z|7003|READ|/etc/cron.d/.hack|success|{"suspicious": true, "sequence": 4400}
2025-03-21T04:47:43Z|1016|WRITE|/tmp/test.txt|failure|{"size": 118521}
2025-03-21T04:47:48Z|7001|ATTRIBUTE|/tmp/.hidden_script|success|{}
2025-03-21T04:48:17Z|4006|WRITE|/dev/shm/.malware|success|{"suspicious": true, "sequence": 4403}
2025-03-21T04:48:27Z|9204|DELETE|/etc/shadow|success|{}
2025-03-21T04:48:41Z|9204|RENAME|/dev/shm/.malware|success|{}
2025-03-21T04:48:46Z|9204|ATTRIBUTE|/etc/passwd|success|{}
2025-03-21T04:48:49Z|5001|ATTRIBUTE|/etc/cron.d/.hack|success|{}
2025-03-21T04:49:18Z|5|WRITE|/tmp/.hidden_script|success|{"suspicious": true, "sequence": 4408}
2025-03-21T04:49:40Z|4010|EXECUTE|/dev/shm/.malware|success|{}
2025-03-21T04:49:41Z|7004|READ|/tmp/.hidden_script|success|{"suspicious": true, "sequence": 4410}
2025-03-21T04:49:59Z|6001|EXECUTE|/tmp/.hidden_script|success|{}
2025-03-21T04:50:13Z|7002|READ|/tmp/test.txt|failure|{}
2025-03-21T04:50:37Z|6007|WRITE|/var/log/auth.log|failure|{"size": 508261}
2025-03-21T04:50:41Z|7000|RENAME|/etc/hosts|success|{}
2025-03-21T04:51:04Z|7000|DELETE|/etc/cron.d/.hack|success|{}
2025-03-21T04:51:18Z|6007|RENAME|/home/user/.ssh/id_rsa|success|{}
2025-03-21T04:51:28Z|9102|EXECUTE|/var/log/auth.log|success|{}
2025-03-21T04:51:42Z|5011|DELETE|/etc/cron.d/.hack|success|{}
2025-03-21T04:51:53Z|6006|RENAME|/tmp/test.txt|success|{}
2025-03-21T04:52:08Z|7001|WRITE|/dev/shm/.malware|success|{"suspicious": true, "sequence": 4420}
2025-03-21T04:52:14Z|3|EXECUTE|/etc/passwd|success|{}
2025-03-21T04:52:44Z|7000|RENAME|/etc/passwd|success|{}
2025-03-21T04:53:10Z|9200|READ|/home/user/.ssh/id_rsa|success|{}
2025-03-21T04:53:13Z|4|READ|/tmp/test.txt|success|{}
2025-03-21T04:53:21Z|1015|EXECUTE|/var/log/auth.log|success|{}
2025-03-21T04:53:30Z|9204|WRITE|/var/log/auth.log|success|{"size": 597654}
2025-03-21T04:53:44Z|7004|READ|/home/user/documents/report.doc|success|{}
2025-03-21T04:54:11Z|7002|WRITE|/dev/shm/.malware|failure|{"suspicious": true, "sequence": 4428}
2025-03-21T04:54:23Z|6008|ATTRIBUTE|/dev/shm/.malware|success|{}
2025-03-21T04:54:34Z|9004|READ|/var/www/.shell.php|success|{"suspicious": true, "sequence": 4430}
2025-03-21T04:55:04Z|6008|EXECUTE|/etc/hosts|success|{}
2025-03-21T04:55:08Z|9200|EXECUTE|/etc/passwd|success|{}
2025-03-21T04:55:26Z|5000|ATTRIBUTE|/home/user/.ssh/id_rsa|success|{}
2025-03-21T04:55:50Z|5008|EXECUTE|/tmp/.hidden_script|success|{}
2025-03-21T04:56:18Z|4028|ATTRIBUTE|/tmp/test.txt|success|{}
2025-03-21T04:56:36Z|5|DELETE|/var/log/auth.log|success|{}
2025-03-21T04:56:37Z|6005|READ|/home/user/.ssh/id_rsa|success|{}
2025-03-21T04:57:05Z|9002|DELETE|/var/log/syslog|success|{}
2025-03-21T04:57:31Z|7000|WRITE|/tmp/test.txt|success|{"size": 482035}
2025-03-21T04:57:51Z|9200|RENAME|/etc/shadow|success|{}
2025-03-21T04:58:05Z|5013|ATTRIBUTE|/home/user/.ssh/id_rsa|success|{}
2025-03-21T04:58:29Z|9104|EXECUTE|/tmp/backdoor.bin|success|{}
2025-03-21T04:58:56Z|4028|READ|/tmp/backdoor.bin|failure|{"suspicious": true, "sequence": 4443}
2025-03-21T04:59:17Z|1008|ATTRIBUTE|/var/log/auth.log|success|{}
2025-03-21T04:59:24Z|9003|RENAME|/dev/shm/.malware|success|{}
2025-03-21T04:59:35Z|5000|EXECUTE|/tmp/.hidden_script|success|{}
2025-03-21T04:59:49Z|3|DELETE|/home/user/.ssh/id_rsa|success|{}
2025-03-21T05:00:09Z|9201|WRITE|/tmp/test.txt|success|{"size": 395393}
2025-03-21T05:00:19Z|1005|ATTRIBUTE|/home/user/.ssh/id_rsa|success|{}
2025-03-21T05:00:34Z|1013|DELETE|/tmp/test.txt|success|{}
2025-03-21T05:00:36Z|7002|READ|/var/log/syslog|success|{}
2025-03-21T05:01:02Z|9204|DELETE|/var/log/syslog|success|{}
2025-03-21T05:01:25Z|4028|RENAME|/dev/shm/.malware|success|{}
2025-03-21T05:01:34Z|5010|DELETE|/var/log/auth.log|success|{}
2025-03-21T05:01:43Z|9203|DELETE|/etc/hosts|success|{}
2025-03-21T05:01:55Z|9001|EXECUTE|/etc/hosts|success|{}
2025-03-21T05:02:17Z|7003|DELETE|/home/user/documents/report.doc|success|{}
2025-03-21T05:02:23Z|9103|DELETE|/tmp/backdoor.bin|success|{}
2025-03-21T05:02:49Z|1000|READ|/var/www/.shell.php|success|{"suspicious": true, "sequence": 4459}
2025-03-21T05:02:55Z|5003|ATTRIBUTE|/home/user/.ssh/id_rsa|success|{}
2025-03-21T05:03:07Z|6008|WRITE|/var/www/.shell.php|failure|{"suspicious": true, "sequence": 4461}
2025-03-21T05:03:27Z|4018|READ|/home/user/documents/report.doc|success|{}
2025-03-21T05:03:37Z|4012|ATTRIBUTE|/var/www/.shell.php|success|{}
2025-03-21T05:03:51Z|9003|WRITE|/var/www/.shell.php|success|{"suspicious": true, "sequence": 4464}
2025-03-21T05:04:03Z|7004|WRITE|/etc/shadow|success|{"size": 802833}
2025-03-21T05:04:20Z|6008|READ|/etc/hosts|failure|{}
2025-03-21T05:04:30Z|1|READ|/var/www/.shell.php|success|{"suspicious": true, "sequence": 4467}
2025-03-21T05:04:32Z|4006|RENAME|/etc/cron.d/.hack|success|{}
2025-03-21T05:05:02Z|9203|RENAME|/home/user/.ssh/id_rsa|success|{}
2025-03-21T05:05:24Z|9200|RENAME|/var/log/syslog|failure|{}
2025-03-21T05:05:31Z|2|RENAME|/tmp/backdoor.bin|success|{}
2025-03-21T05:05:35Z|9001|READ|/home/user/documents/report.doc|success|{}
2025-03-21T05:05:55Z|9204|DELETE|/var/log/auth.log|success|{}
2025-03-21T05:06:23Z|6002|READ|/home/user/documents/report.doc|success|{}
2025-03-21T05:06:38Z|4013|READ|/etc/shadow|success|{}
2025-03-21T05:07:04Z|1001|DELETE|/home/user/documents/report.doc|success|{}
2025-03-21T05:07:25Z|5012|EXECUTE|/etc/cron.d/.hack|success|{}
2025-03-21T05:07:27Z|1000|ATTRIBUTE|/etc/passwd|success|{}
2025-03-21T05:07:35Z|7003|ATTRIBUTE|/etc/shadow|success|{}
2025-03-21T05:07:58Z|9101|ATTRIBUTE|/var/log/auth.log|success|{}
2025-03-21T05:08:18Z|7002|ATTRIBUTE|/home/user/documents/report.doc|failure|{}
2025-03-21T05:08:42Z|6007|RENAME|/etc/passwd|success|{}
2025-03-21T05:08:44Z|5|EXECUTE|/tmp/backdoor.bin|success|{}
2025-03-21T05:09:06Z|7000|EXECUTE|/etc/passwd|success|{}
2025-03-21T05:09:21Z|9203|RENAME|/etc/shadow|failure|{}
2025-03-21T05:09:40Z|7000|WRITE|/home/user/documents/report.doc|success|{"size": 956656}
2025-03-21T05:09:47Z|2|WRITE|/var/log/syslog|success|{"size": 812446}
2025-03-21T05:10:00Z|7002|EXECUTE|/tmp/test.txt|success|{}
2025-03-21T05:10:19Z|4010|RENAME|/etc/passwd|success|{}
2025-03-21T05:10:36Z|9001|EXECUTE|/dev/shm/.malware|success|{}
2025-03-21T05:10:55Z|7004|ATTRIBUTE|/var/log/auth.log|success|{}
2025-03-21T05:10:57Z|9100|DELETE|/tmp/backdoor.bin|success|{}
2025-03-21T05:11:07Z|7004|ATTRIBUTE|/tmp/test.txt|success|{}
2025-03-21T05:11:37Z|1|RENAME|/etc/hosts|failure|{}
2025-03-21T05:12:04Z|1014|READ|/var/www/.shell.php|success|{"suspicious": true, "sequence": 4495}
2025-03-21T05:12:28Z|9101|DELETE|/etc/cron.d/.hack|success|{}
2025-03-21T05:12:56Z|9203|EXECUTE|/var/log/auth.log|success|{}
2025-03-21T05:13:02Z|6003|READ|/etc/passwd|failure|{}
2025-03-21T05:13:03Z|4027|WRITE|/tmp/backdoor.bin|success|{"suspicious": true, "sequence": 4499}
2025-03-21T05:13:30Z|9000|EXECUTE|/tmp/.hidden_script|success|{}
2025-03-21T05:13:50Z|6004|READ|/home/user/documents/report.doc|success|{}
2025-03-21T05:14:18Z|5004|DELETE|/var/log/auth.log|success|{}
2025-03-21T05:14:24Z|7001|DELETE|/tmp/test.txt|success|{}
2025-03-21T05:14:31Z|6009|WRITE|/tmp/test.txt|success|{"size": 1043594}
2025-03-21T05:14:38Z|9203|RENAME|/etc/cron.d/.hack|success|{}
2025-03-21T05:14:40Z|6000|ATTRIBUTE|/dev/shm/.malware|success|{}
2025-03-21T05:14:49Z|4023|ATTRIBUTE|/var/www/.shell.php|success|{}
2025-03-21T05:15:00Z|4020|ATTRIBUTE|/dev/shm/.malware|success|{}
2025-03-21T05:15:04Z|9002|RENAME|/etc/cron.d/.hack|success|{}
2025-03-21T05:15:29Z|4|EXECUTE|/var/log/syslog|success|{}
2025-03-21T05:15:42Z|6005|DELETE|/home/user/.ssh/id_rsa|success|{}
2025-03-21T05:15:57Z|6008|ATTRIBUTE|/etc/cron.d/.hack|failure|{}
2025-03-21T05:16:00Z|3|RENAME|/etc/hosts|success|{}
2025-03-21T05:16:15Z|5000|RENAME|/home/user/documents/report.doc|success|{}
2025-03-21T05:16:34Z|5001|DELETE|/etc/shadow|success|{}
2025-03-21T05:16:46Z|9100|WRITE|/tmp/backdoor.bin|success|{"suspicious": true, "sequence": 4516}
2025-03-21T05:16:49Z|5002|DELETE|/var/www/.shell.php|success|{}
2025-03-21T05:17:04Z|5002|ATTRIBUTE|/var/log/auth.log|success|{}
2025-03-21T05:17:27Z|9202|WRITE|/var/www/.shell.php|failure|{"suspicious": true, "sequence": 4519}
2025-03-21T05:17:37Z|7000|DELETE|/home/user/documents/report.doc|success|{}
2025-03-21T05:18:01Z|9001|WRITE|/etc/shadow|success|{"size": 74788}
2025-03-21T05:18:07Z|7000|RENAME|/var/log/auth.log|success|{}
2025-03-21T05:18:17Z|1|WRITE|/var/log/auth.log|success|{"size": 320251}
2025-03-21T05:18:38Z|9101|ATTRIBUTE|/var/log/auth.log|success|{}
2025-03-21T05:19:06Z|6009|ATTRIBUTE|/tmp/test.txt|failure|{}
2025-03-21T05:19:15Z|1009|WRITE|/var/log/syslog|success|{"size": 282618}
2025-03-21T05:19:21Z|4012|DELETE|/etc/hosts|success|{}
2025-03-21T05:19:42Z|7003|READ|/var/log/auth.log|success|{}
2025-03-21T05:19:49Z|9203|READ|/etc/passwd|success|{}
2025-03-21T05:19:50Z|5001|READ|/etc/cron.d/.hack|success|{"suspicious": true, "sequence": 4530}
2025-03-21T05:20:01Z|7001|READ|/home/user/.ssh/id_rsa|success|{}
2025-03-21T05:20:16Z|7000|RENAME|/tmp/backdoor.bin|success|{}
2025-03-21T05:20:19Z|5001|RENAME|/etc/cron.d/.hack|success|{}
2025-03-21T05:20:21Z|9002|ATTRIBUTE|/var/www/.shell.php|success|{}
2025-03-21T05:20:31Z|6000|WRITE|/var/www/.shell.php|failure|{"suspicious": true, "sequence": 4535}
2025-03-21T05:21:01Z|5013|WRITE|/etc/passwd|success|{"size": 668123}
2025-03-21T05:21:08Z|9004|READ|/tmp/backdoor.bin|success|{"suspicious": true, "sequence": 4537}
2025-03-21T05:21:35Z|6006|READ|/var/log/auth.log|success|{}
2025-03-21T05:21:41Z|5000|READ|/var/www/.shell.php|success|{"suspicious": true, "sequence": 4539}
2025-03-21T05:21:50Z|4|WRITE|/etc/shadow|failure|{"size": 757725}
2025-03-21T05:22:18Z|9200|RENAME|/etc/cron.d/.hack|success|{}
2025-03-21T05:22:22Z|6009|EXECUTE|/tmp/backdoor.bin|success|{}
2025-03-21T05:22:50Z|9002|READ|/tmp/test.txt|success|{}
2025-03-21T05:22:57Z|1012|ATTRIBUTE|/tmp/test.txt|success|{}
2025-03-21T05:23:26Z|9102|EXECUTE|/tmp/backdoor.bin|success|{}
2025-03-21T05:23:49Z|7004|EXECUTE|/var/log/auth.log|success|{}
2025-03-21T05:23:53Z|4|WRITE|/dev/shm/.malware|failure|{"suspicious": true, "sequence": 4547}
2025-03-21T05:24:10Z|9000|WRITE|/tmp/backdoor.bin|success|{"suspicious": true, "sequence": 4548}
2025-03-21T05:24:17Z|6006|EXECUTE|/var/log/syslog|success|{}
2025-03-21T05:24:23Z|6001|READ|/home/user/.ssh/id_rsa|success|{}
2025-03-21T05:24:37Z|4020|READ|/etc/passwd|success|{}
2025-03-21T05:24:41Z|5002|ATTRIBUTE|/dev/shm/.malware|success|{}
2025-03-21T05:24:51Z|9000|RENAME|/tmp/backdoor.bin|failure|{}
2025-03-21T05:24:53Z|9202|EXECUTE|/home/user/documents/report.doc|success|{}
2025-03-21T05:25:07Z|9103|RENAME|/home/user/documents/report.doc|success|{}
2025-03-21T05:25:17Z|1012|RENAME|/home/user/.ssh/id_rsa|success|{}
2025-03-21T05:25:43Z|9200|EXECUTE|/var/www/.shell.php|success|{}
2025-03-21T05:26:08Z|9202|DELETE|/var/log/auth.log|success|{}
2025-03-21T05:26:14Z|1|READ|/tmp/backdoor.bin|success|{"suspicious": true, "sequence": 4559}
2025-03-21T05:26:28Z|4003|RENAME|/etc/passwd|success|{}
2025-03-21T05:26:31Z|9004|RENAME|/tmp/.hidden_script|success|{}
2025-03-21T05:26:32Z|9204|ATTRIBUTE|/tmp/test.txt|success|{}
2025-03-21T05:27:01Z|9101|WRITE|/var/log/syslog|success|{"size": 145633}
2025-03-21T05:27:21Z|3|DELETE|/home/user/documents/report.doc|success|{}
2025-03-21T05:27:42Z|9101|ATTRIBUTE|/etc/passwd|success|{}
2025-03-21T05:28:06Z|4|ATTRIBUTE|/var/www/.shell.php|success|{}
2025-03-21T05:28:20Z|1012|ATTRIBUTE|/tmp/test.txt|success|{}
2025-03-21T05:28:48Z|1012|DELETE|/var/www/.shell.php|success|{}
2025-03-21T05:29:18Z|9104|DELETE|/etc/shadow|success|{}
2025-03-21T05:29:31Z|9201|ATTRIBUTE|/var/log/auth.log|success|{}
2025-03-21T05:29:58Z|5003|ATTRIBUTE|/var/www/.shell.php|success|{}
2025-03-21T05:30:25Z|9102|DELETE|/tmp/backdoor.bin|success|{}
2025-03-21T05:30:54Z|1004|RENAME|/etc/hosts|success|{}
2025-03-21T05:31:16Z|2|EXECUTE|/etc/cron.d/.hack|success|{}
2025-03-21T05:31:35Z|5008|READ|/tmp/backdoor.bin|success|{"suspicious": true, "sequence": 4575}
2025-03-21T05:31:45Z|9204|READ|/tmp/test.txt|success|{}
2025-03-21T05:32:14Z|1005|READ|/home/user/.ssh/id_rsa|success|{}
2025-03-21T05:32:41Z|9002|WRITE|/var/log/auth.log|success|{"size": 335686}
2025-03-21T05:33:00Z|9002|WRITE|/var/log/syslog|success|{"size": 673595}
2025-03-21T05:33:11Z|1|WRITE|/etc/passwd|success|{"size": 451262}
2025-03-21T05:33:34Z|5002|READ|/etc/hosts|success|{}
2025-03-21T05:33:48Z|9204|READ|/etc/cron.d/.hack|success|{"suspicious": true, "sequence": 4582}
2025-03-21T05:34:12Z|5003|WRITE|/etc/shadow|success|{"size": 75056}
2025-03-21T05:34:30Z|6006|READ|/home/user/.ssh/id_rsa|success|{}
2025-03-21T05:34:33Z|9103|READ|/var/log/syslog|success|{}
2025-03-21T05:35:02Z|9104|WRITE|/tmp/backdoor.bin|success|{"suspicious": true, "sequence": 4586}
2025-03-21T05:35:05Z|1014|RENAME|/var/www/.shell.php|success|{}
2025-03-21T05:35:30Z|1|READ|/dev/shm/.malware|success|{"suspicious": true, "sequence": 4588}
2025-03-21T05:35:55Z|5|RENAME|/etc/hosts|success|{}
2025-03-21T05:35:57Z|9004|DELETE|/home/user/.ssh/id_rsa|success|{}
2025-03-21T05:36:02Z|9002|RENAME|/dev/shm/.malware|success|{}
2025-03-21T05:36:03Z|5010|WRITE|/etc/cron.d/.hack|failure|{"suspicious": true, "sequence": 4592}
2025-03-21T05:36:33Z|9104|ATTRIBUTE|/tmp/backdoor.bin|success|{}
2025-03-21T05:36:38Z|1016|DELETE|/etc/passwd|success|{}
2025-03-21T05:36:49Z|9001|EXECUTE|/etc/shadow|success|{}
2025-03-21T05:37:08Z|1017|WRITE|/var/log/syslog|success|{"size": 676468}
2025-03-21T05:37:24Z|1018|RENAME|/etc/passwd|success|{}
2025-03-21T05:37:30Z|9000|ATTRIBUTE|/etc/passwd|success|{}
2025-03-21T05:37:53Z|6005|RENAME|/etc/hosts|success|{}
2025-03-21T05:38:15Z|9102|WRITE|/tmp/backdoor.bin|failure|{"suspicious": true, "sequence": 4600}
2025-03-21T05:38:21Z|9102|RENAME|/var/log/syslog|success|{}
2025-03-21T05:38:33Z|3|RENAME|/tmp/test.txt|success|{}
2025-03-21T05:38:53Z|4002|ATTRIBUTE|/home/user/.ssh/id_rsa|success|{}
2025-03-21T05:39:13Z|5009|WRITE|/var/www/.shell.php|success|{"suspicious": true, "sequence": 4604}
2025-03-21T05:39:30Z|5008|EXECUTE|/tmp/.hidden_script|success|{}
2025-03-21T05:39:31Z|9204|WRITE|/dev/shm/.malware|failure|{"suspicious": true, "sequence": 4606}
2025-03-21T05:40:00Z|7003|ATTRIBUTE|/var/log/syslog|success|{}
2025-03-21T05:40:10Z|5009|EXECUTE|/tmp/backdoor.bin|success|{}
2025-03-21T05:40:17Z|9102|RENAME|/var/www/.shell.php|failure|{}
2025-03-21T05:40:34Z|9202|DELETE|/home/user/.ssh/id_rsa|success|{}
2025-03-21T05:40:41Z|6008|READ|/tmp/test.txt|success|{}
2025-03-21T05:40:55Z|6005|RENAME|/tmp/backdoor.bin|success|{}
2025-03-21T05:40:58Z|4|DELETE|/home/user/.ssh/id_rsa|success|{}
2025-03-21T05:41:03Z|5012|EXECUTE|/var/www/.shell.php|success|{}
2025-03-21T05:41:11Z|5012|WRITE|/home/user/.ssh/id_rsa|success|{"size": 560185}
2025-03-21T05:41:13Z|7000|ATTRIBUTE|/etc/cron.d/.hack|success|{}
2025-03-21T05:41:28Z|5014|EXECUTE|/var/log/auth.log|success|{}
2025-03-21T05:41:55Z|5|READ|/dev/shm/.malware|success|{"suspicious": true, "sequence": 4618}
2025-03-21T05:42:18Z|7000|ATTRIBUTE|/var/www/.shell.php|success|{}
2025-03-21T05:42:35Z|4013|READ|/tmp/.hidden_script|success|{"suspicious": true, "sequence": 4620}
2025-03-21T05:42:48Z|9104|ATTRIBUTE|/tmp/.hidden_script|success|{}
2025-03-21T05:43:03Z|7003|WRITE|/var/log/auth.log|success|{"size": 1027348}
2025-03-21T05:43:07Z|9104|READ|/etc/hosts|failure|{}
2025-03-21T05:43:16Z|7002|WRITE|/tmp/.hidden_script|success|{"suspicious": true, "sequence": 4624}
2025-03-21T05:43:23Z|1|READ|/tmp/backdoor.bin|success|{"suspicious": true, "sequence": 4625}
2025-03-21T05:43:24Z|9203|DELETE|/var/www/.shell.php|success|{}
2025-03-21T05:43:50Z|7004|READ|/etc/cron.d/.hack|success|{"suspicious": true, "sequence": 4627}
2025-03-21T05:44:20Z|1|READ|/var/log/syslog|failure|{}
2025-03-21T05:44:21Z|9003|READ|/etc/hosts|failure|{}
2025-03-21T05:44:37Z|4022|DELETE|/tmp/test.txt|success|{}
2025-03-21T05:44:53Z|7003|EXECUTE|/dev/shm/.malware|success|{}
2025-03-21T05:45:18Z|7003|WRITE|/tmp/test.txt|success|{"size": 143534}
2025-03-21T05:45:24Z|9200|EXECUTE|/home/user/.ssh/id_rsa|success|{}
2025-03-21T05:45:34Z|5012|DELETE|/tmp/.hidden_script|success|{}
2025-03-21T05:45:42Z|5009|RENAME|/home/user/documents/report.doc|success|{}
2025-03-21T05:45:54Z|2|EXECUTE|/home/user/documents/report.doc|success|{}
2025-03-21T05:45:55Z|9000|DELETE|/dev/shm/.malware|success|{}
2025-03-21T05:46:05Z|7002|ATTRIBUTE|/home/user/.ssh/id_rsa|success|{}
2025-03-21T05:46:25Z|9204|DELETE|/dev/shm/.malware|success|{}
2025-03-21T05:46:49Z|4029|WRITE|/etc/passwd|success|{"size": 700119}
2025-03-21T05:46:55Z|3|RENAME|/var/log/syslog|success|{}
2025-03-21T05:47:25Z|9102|DELETE|/dev/shm/.malware|success|{}
2025-03-21T05:47:37Z|9104|RENAME|/tmp/.hidden_script|success|{}
2025-03-21T05:48:03Z|9001|RENAME|/etc/shadow|success|{}
2025-03-21T05:48:04Z|5|DELETE|/etc/shadow|success|{}
2025-03-21T05:48:16Z|4013|READ|/etc/passwd|success|{}
2025-03-21T05:48:43Z|7003|DELETE|/home/user/documents/report.doc|success|{}
2025-03-21T05:49:10Z|5006|ATTRIBUTE|/var/log/auth.log|success|{}
2025-03-21T05:49:19Z|9100|RENAME|/etc/shadow|success|{}
2025-03-21T05:49:29Z|9203|EXECUTE|/tmp/backdoor.bin|success|{}
2025-03-21T05:49:34Z|6009|READ|/var/www/.shell.php|success|{"suspicious": true, "sequence": 4651}
2025-03-21T05:49:38Z|4020|WRITE|/var/log/syslog|success|{"size": 503911}
2025-03-21T05:49:55Z|9103|READ|/etc/hosts|failure|{}
2025-03-21T05:50:19Z|7002|ATTRIBUTE|/var/log/auth.log|success|{}
2025-03-21T05:50:38Z|9201|WRITE|/etc/cron.d/.hack|success|{"suspicious": true, "sequence": 4655}
2025-03-21T05:50:55Z|6006|RENAME|/var/log/syslog|success|{}
2025-03-21T05:50:56Z|6000|WRITE|/etc/hosts|success|{"size": 771355}
2025-03-21T05:51:08Z|7002|ATTRIBUTE|/var/log/syslog|success|{}
2025-03-21T05:51:33Z|4|DELETE|/var/www/.shell.php|success|{}
2025-03-21T05:51:45Z|2|READ|/etc/hosts|success|{}
2025-03-21T05:51:46Z|4028|DELETE|/home/user/.ssh/id_rsa|success|{}
2025-03-21T05:51:51Z|5002|ATTRIBUTE|/etc/shadow|success|{}
2025-03-21T05:52:08Z|9103|DELETE|/var/www/.shell.php|success|{}
2025-03-21T05:52:10Z|6004|READ|/etc/passwd|success|{}
2025-03-21T05:52:29Z|9103|ATTRIBUTE|/tmp/test.txt|success|{}
2025-03-21T05:52:55Z|5004|WRITE|/tmp/.hidden_script|success|{"suspicious": true, "sequence": 4666}
2025-03-21T05:53:14Z|9002|READ|/etc/shadow|success|{}
2025-03-21T05:53:34Z|3|ATTRIBUTE|/etc/passwd|success|{}
2025-03-21T05:53:37Z|5007|ATTRIBUTE|/home/user/documents/report.doc|failure|{}
2025-03-21T05:53:52Z|1007|ATTRIBUTE|/tmp/test.txt|success|{}
2025-03-21T05:54:03Z|9001|READ|/tmp/.hidden_script|success|{"suspicious": true, "sequence": 4671}
2025-03-21T05:54:15Z|7002|READ|/tmp/.hidden_script|success|{"suspicious": true, "sequence": 4672}
2025-03-21T05:54:35Z|5006|WRITE|/etc/passwd|success|{"size": 830153}
2025-03-21T05:54:57Z|7002|WRITE|/dev/shm/.malware|success|{"suspicious": true, "sequence": 4674}
2025-03-21T05:55:12Z|9204|DELETE|/dev/shm/.malware|success|{}
2025-03-21T05:55:41Z|5000|WRITE|/var/www/.shell.php|success|{"suspicious": true, "sequence": 4676}
2025-03-21T05:55:54Z|9103|ATTRIBUTE|/dev/shm/.malware|success|{}
2025-03-21T05:56:10Z|6003|DELETE|/var/www/.shell.php|success|{}
2025-03-21T05:56:39Z|9100|DELETE|/etc/cron.d/.hack|success|{}
2025-03-21T05:56:58Z|7003|ATTRIBUTE|/etc/cron.d/.hack|success|{}
2025-03-21T05:57:25Z|4002|RENAME|/home/user/documents/report.doc|failure|{}
2025-03-21T05:57:37Z|7002|DELETE|/tmp/.hidden_script|success|{}
2025-03-21T05:57:49Z|5002|RENAME|/tmp/backdoor.bin|success|{}
2025-03-21T05:57:58Z|9000|EXECUTE|/tmp/test.txt|success|{}
2025-03-21T05:58:11Z|9203|RENAME|/etc/shadow|success|{}
2025-03-21T05:58:41Z|7001|WRITE|/var/www/.shell.php|success|{"suspicious": true, "sequence": 4686}
2025-03-21T05:58:47Z|5|READ|/etc/shadow|success|{}
2025-03-21T05:59:10Z|9102|READ|/home/user/documents/report.doc|success|{}
2025-03-21T05:59:16Z|9004|ATTRIBUTE|/etc/shadow|success|{}
2025-03-21T05:59:45Z|5011|ATTRIBUTE|/var/log/auth.log|success|{}
2025-03-21T06:00:05Z|7002|RENAME|/var/log/syslog|success|{}
2025-03-21T06:00:20Z|5007|WRITE|/tmp/test.txt|success|{"size": 432141}
2025-03-21T06:00:34Z|1013|DELETE|/etc/hosts|success|{}
2025-03-21T06:00:51Z|9002|DELETE|/var/www/.shell.php|success|{}
2025-03-21T06:01:05Z|1005|ATTRIBUTE|/dev/shm/.malware|success|{}
2025-03-21T06:01:35Z|9001|ATTRIBUTE|/etc/hosts|success|{}
2025-03-21T06:01:37Z|4028|ATTRIBUTE|/home/user/documents/report.doc|success|{}
2025-03-21T06:01:46Z|4019|EXECUTE|/tmp/test.txt|success|{}
2025-03-21T06:02:00Z|9102|READ|/dev/shm/.malware|success|{"suspicious": true, "sequence": 4699}
2025-03-21T06:02:30Z|5010|READ|/tmp/test.txt|success|{}
2025-03-21T06:02:35Z|6004|ATTRIBUTE|/home/user/.ssh/id_rsa|success|{}
2025-03-21T06:03:00Z|9000|WRITE|/home/user/documents/report.doc|success|{"size": 279434}
2025-03-21T06:03:12Z|5013|READ|/dev/shm/.malware|success|{"suspicious": true, "sequence": 4703}
2025-03-21T06:03:28Z|6003|WRITE|/tmp/.hidden_script|success|{"suspicious": true, "sequence": 4704}
2025-03-21T06:03:41Z|4001|READ|/home/user/documents/report.doc|failure|{}
2025-03-21T06:03:59Z|7002|ATTRIBUTE|/var/log/syslog|success|{}
2025-03-21T06:04:26Z|5|WRITE|/home/user/documents/report.doc|success|{"size": 601189}
2025-03-21T06:04:40Z|9204|ATTRIBUTE|/tmp/.hidden_script|success|{}
2025-03-21T06:04:48Z|5014|EXECUTE|/var/www/.shell.php|failure|{}
2025-03-21T06:04:51Z|9103|WRITE|/tmp/.hidden_script|success|{"suspicious": true, "sequence": 4710}
2025-03-21T06:05:09Z|1009|WRITE|/home/user/.ssh/id_rsa|success|{"size": 336011}
2025-03-21T06:05:22Z|3|READ|/tmp/.hidden_script|success|{"suspicious": true, "sequence": 4712}
2025-03-21T06:05:49Z|6006|ATTRIBUTE|/var/www/.shell.php|success|{}
2025-03-21T06:05:51Z|5001|DELETE|/etc/cron.d/.hack|success|{}
2025-03-21T06:05:59Z|9200|WRITE|/dev/shm/.malware|success|{"suspicious": true, "sequence": 4715}
2025-03-21T06:06:01Z|9003|WRITE|/var/log/auth.log|success|{"size": 358728}
2025-03-21T06:06:02Z|4012|DELETE|/etc/passwd|success|{}
2025-03-21T06:06:09Z|9203|READ|/tmp/test.txt|success|{}
2025-03-21T06:06:32Z|7002|RENAME|/etc/cron.d/.hack|success|{}
2025-03-21T06:06:36Z|9001|EXECUTE|/tmp/.hidden_script|success|{}
2025-03-21T06:06:45Z|5001|ATTRIBUTE|/etc/hosts|failure|{}
2025-03-21T06:07:09Z|4003|DELETE|/var/log/auth.log|success|{}
2025-03-21T06:07:31Z|9200|WRITE|/etc/passwd|success|{"size": 870662}
2025-03-21T06:08:00Z|9103|READ|/tmp/backdoor.bin|success|{"suspicious": true, "sequence": 4724}
2025-03-21T06:08:24Z|9003|WRITE|/var/log/auth.log|success|{"size": 675006}
2025-03-21T06:08:49Z|4020|EXECUTE|/etc/shadow|success|{}
2025-03-21T06:09:15Z|9102|ATTRIBUTE|/var/www/.shell.php|success|{}
2025-03-21T06:09:23Z|4|WRITE|/home/user/documents/report.doc|success|{"size": 489896}
2025-03-21T06:09:39Z|4001|DELETE|/home/user/.ssh/id_rsa|success|{}
2025-03-21T06:09:51Z|5008|DELETE|/home/user/documents/report.doc|success|{}
2025-03-21T06:10:09Z|9203|WRITE|/var/log/auth.log|success|{"size": 1001003}
2025-03-21T06:10:30Z|3|DELETE|/etc/hosts|success|{}
2025-03-21T06:10:34Z|5|DELETE|/etc/shadow|success|{}
2025-03-21T06:10:50Z|6006|WRITE|/etc/passwd|success|{"size": 208781}
2025-03-21T06:11:02Z|1002|DELETE|/tmp/test.txt|success|{}
2025-03-21T06:11:08Z|9102|EXECUTE|/tmp/test.txt|success|{}
2025-03-21T06:11:11Z|1003|RENAME|/var/log/syslog|success|{}
2025-03-21T06:11:39Z|9100|EXECUTE|/dev/shm/.malware|success|{}
2025-03-21T06:12:09Z|5013|DELETE|/var/www/.shell.php|success|{}
2025-03-21T06:12:27Z|9204|DELETE|/var/log/syslog|success|{}
2025-03-21T06:12:45Z|9101|WRITE|/etc/passwd|failure|{"size": 771776}
2025-03-21T06:13:00Z|1002|RENAME|/var/log/syslog|success|{}
2025-03-21T06:13:29Z|9001|DELETE|/tmp/backdoor.bin|failure|{}
2025-03-21T06:13:30Z|9000|WRITE|/dev/shm/.malware|success|{"suspicious": true, "sequence": 4744}
2025-03-21T06:13:58Z|4|EXECUTE|/dev/shm/.malware|success|{}
2025-03-21T06:14:18Z|5005|EXECUTE|/etc/shadow|success|{}
2025-03-21T06:14:27Z|1|ATTRIBUTE|/var/www/.shell.php|success|{}
2025-03-21T06:14:28Z|1004|WRITE|/tmp/backdoor.bin|success|{"suspicious": true, "sequence": 4748}
2025-03-21T06:14:34Z|9001|RENAME|/etc/cron.d/.hack|success|{}
2025-03-21T06:14:55Z|4005|DELETE|/var/www/.shell.php|success|{}
2025-03-21T06:15:21Z|4001|READ|/etc/cron.d/.hack|success|{"suspicious": true, "sequence": 4751}
2025-03-21T06:15:29Z|5|EXECUTE|/etc/passwd|failure|{}
2025-03-21T06:15:46Z|9200|DELETE|/home/user/documents/report.doc|success|{}
2025-03-21T06:15:52Z|4014|EXECUTE|/var/log/syslog|success|{}
2025-03-21T06:16:16Z|9203|EXECUTE|/var/www/.shell.php|success|{}
2025-03-21T06:16:18Z|9201|WRITE|/dev/shm/.malware|success|{"suspicious": true, "sequence": 4756}
2025-03-21T06:16:42Z|9102|EXECUTE|/etc/shadow|success|{}
2025-03-21T06:17:01Z|9001|WRITE|/home/user/documents/report.doc|success|{"size": 697745}
2025-03-21T06:17:13Z|9003|DELETE|/home/user/.ssh/id_rsa|failure|{}
2025-03-21T06:17:32Z|6003|READ|/etc/passwd|success|{}
2025-03-21T06:17:56Z|5009|RENAME|/home/user/.ssh/id_rsa|failure|{}
2025-03-21T06:18:18Z|9201|ATTRIBUTE|/var/log/syslog|success|{}
2025-03-21T06:18:20Z|6005|WRITE|/etc/shadow|success|{"size": 1003892}
2025-03-21T06:18:39Z|2|DELETE|/etc/hosts|success|{}
2025-03-21T06:19:03Z|4003|EXECUTE|/etc/passwd|success|{}
2025-03-21T06:19:32Z|7000|DELETE|/home/user/documents/report.doc|success|{}
2025-03-21T06:19:52Z|1017|WRITE|/etc/cron.d/.hack|failure|{"suspicious": true, "sequence": 4767}
2025-03-21T06:20:06Z|2|RENAME|/etc/cron.d/.hack|success|{}
2025-03-21T06:20:28Z|2|RENAME|/etc/cron.d/.hack|success|{}
2025-03-21T06:20:57Z|7004|READ|/var/www/.shell.php|success|{"suspicious": true, "sequence": 4770}
2025-03-21T06:21:04Z|9200|EXECUTE|/etc/shadow|success|{}
2025-03-21T06:21:11Z|9002|WRITE|/tmp/.hidden_script|success|{"suspicious": true, "sequence": 4772}
2025-03-21T06:21:18Z|1|ATTRIBUTE|/tmp/test.txt|success|{}
2025-03-21T06:21:25Z|6003|ATTRIBUTE|/var/log/auth.log|failure|{}
2025-03-21T06:21:40Z|9100|RENAME|/etc/cron.d/.hack|success|{}
2025-03-21T06:21:56Z|7000|DELETE|/etc/cron.d/.hack|success|{}
2025-03-21T06:22:10Z|7004|DELETE|/dev/shm/.malware|success|{}
2025-03-21T06:22:35Z|9001|EXECUTE|/var/log/syslog|success|{}
2025-03-21T06:22:45Z|9202|WRITE|/home/user/.ssh/id_rsa|failure|{"size": 981475}
2025-03-21T06:22:47Z|9102|ATTRIBUTE|/etc/hosts|success|{}
2025-03-21T06:22:59Z|3|ATTRIBUTE|/etc/passwd|success|{}
2025-03-21T06:23:19Z|7004|RENAME|/tmp/test.txt|failure|{}
2025-03-21T06:23:21Z|6001|READ|/etc/cron.d/.hack|success|{"suspicious": true, "sequence": 4783}
2025-03-21T06:23:34Z|9003|WRITE|/dev/shm/.malware|failure|{"suspicious": true, "sequence": 4784}
2025-03-21T06:23:36Z|9203|READ|/tmp/.hidden_script|success|{"suspicious": true, "sequence": 4785}
2025-03-21T06:23:56Z|7004|WRITE|/etc/shadow|success|{"size": 805095}
2025-03-21T06:24:03Z|5001|DELETE|/var/www/.shell.php|success|{}
2025-03-21T06:24:25Z|4003|ATTRIBUTE|/tmp/.hidden_script|success|{}
2025-03-21T06:24:45Z|5|ATTRIBUTE|/var/log/syslog|success|{}
2025-03-21T06:25:04Z|4|ATTRIBUTE|/home/user/.ssh/id_rsa|success|{}
2025-03-21T06:25:05Z|1015|RENAME|/etc/hosts|success|{}
2025-03-21T06:25:23Z|9201|WRITE|/var/www/.shell.php|success|{"suspicious": true, "sequence": 4792}
2025-03-21T06:25:32Z|9103|WRITE|/tmp/test.txt|success|{"size": 209788}
2025-03-21T06:26:00Z|4004|READ|/dev/shm/.malware|success|{"suspicious": true, "sequence": 4794}
2025-03-21T06:26:11Z|9002|ATTRIBUTE|/etc/hosts|success|{}
2025-03-21T06:26:24Z|7003|RENAME|/etc/passwd|success|{}
2025-03-21T06:26:40Z|5012|WRITE|/tmp/backdoor.bin|success|{"suspicious": true, "sequence": 4797}
2025-03-21T06:26:52Z|4009|READ|/var/www/.shell.php|success|{"suspicious": true, "sequence": 4798}
2025-03-21T06:26:56Z|9102|READ|/home/user/documents/report.doc|failure|{}
2025-03-21T06:27:23Z|6001|ATTRIBUTE|/home/user/.ssh/id_rsa|success|{}
2025-03-21T06:27:38Z|5009|WRITE|/etc/passwd|success|{"size": 195147}
2025-03-21T06:27:50Z|9201|EXECUTE|/tmp/.hidden_script|success|{}
2025-03-21T06:27:53Z|1|EXECUTE|/home/user/documents/report.doc|success|{}
2025-03-21T06:28:00Z|9001|RENAME|/home/user/documents/report.doc|success|{}
2025-03-21T06:28:03Z|1|READ|/tmp/test.txt|failure|{}
2025-03-21T06:28:30Z|5010|DELETE|/etc/cron.d/.hack|success|{}
2025-03-21T06:28:48Z|9200|ATTRIBUTE|/etc/passwd|success|{}
2025-03-21T06:29:11Z|6007|EXECUTE|/var/www/.shell.php|success|{}
2025-03-21T06:29:14Z|9203|READ|/etc/passwd|failure|{}
2025-03-21T06:29:41Z|9203|EXECUTE|/var/log/syslog|success|{}
2025-03-21T06:29:47Z|6002|EXECUTE|/tmp/backdoor.bin|success|{}
2025-03-21T06:30:16Z|1006|ATTRIBUTE|/dev/shm/.malware|success|{}
2025-03-21T06:30:30Z|9201|READ|/var/www/.shell.php|success|{"suspicious": true, "sequence": 4813}
2025-03-21T06:30:42Z|1|WRITE|/tmp/test.txt|success|{"size": 1010534}
2025-03-21T06:30:59Z|6009|RENAME|/var/www/.shell.php|success|{}
2025-03-21T06:31:18Z|4023|RENAME|/tmp/backdoor.bin|success|{}
2025-03-21T06:31:47Z|1014|RENAME|/etc/hosts|success|{}
2025-03-21T06:32:03Z|6003|EXECUTE|/tmp/backdoor.bin|failure|{}
2025-03-21T06:32:09Z|9103|READ|/tmp/backdoor.bin|success|{"suspicious": true, "sequence": 4819}
2025-03-21T06:32:35Z|9000|READ|/tmp/backdoor.bin|success|{"suspicious": true, "sequence": 4820}
2025-03-21T06:32:52Z|5|ATTRIBUTE|/etc/cron.d/.hack|success|{}
2025-03-21T06:33:06Z|4018|ATTRIBUTE|/var/log/auth.log|success|{}
2025-03-21T06:33:16Z|3|ATTRIBUTE|/var/log/syslog|success|{}
2025-03-21T06:33:23Z|9100|RENAME|/var/www/.shell.php|success|{}
2025-03-21T06:33:52Z|1012|EXECUTE|/tmp/backdoor.bin|failure|{}
2025-03-21T06:34:10Z|5005|EXECUTE|/var/www/.shell.php|success|{}
2025-03-21T06:34:11Z|9102|WRITE|/tmp/test.txt|success|{"size": 805921}
2025-03-21T06:34:35Z|6003|READ|/var/log/syslog|success|{}
2025-03-21T06:34:56Z|9000|ATTRIBUTE|/tmp/.hidden_script|success|{}
2025-03-21T06:35:19Z|5006|EXECUTE|/tmp/backdoor.bin|success|{}
2025-03-21T06:35:30Z|1006|WRITE|/tmp/test.txt|success|{"size": 53974}
2025-03-21T06:35:55Z|5009|READ|/etc/cron.d/.hack|failure|{"suspicious": true, "sequence": 4832}
2025-03-21T06:35:56Z|5004|ATTRIBUTE|/var/log/auth.log|success|{}
2025-03-21T06:36:12Z|9004|RENAME|/etc/shadow|success|{}
2025-03-21T06:36:26Z|6008|RENAME|/dev/shm/.malware|failure|{}
2025-03-21T06:36:33Z|9103|READ|/var/log/syslog|success|{}
2025-03-21T06:36:45Z|1|WRITE|/dev/shm/.malware|success|{"suspicious": true, "sequence": 4837}
2025-03-21T06:36:57Z|4005|ATTRIBUTE|/tmp/.hidden_script|success|{}
2025-03-21T06:37:04Z|9201|RENAME|/tmp/.hidden_script|success|{}
2025-03-21T06:37:32Z|2|ATTRIBUTE|/home/user/documents/report.doc|success|{}
2025-03-21T06:37:36Z|5005|READ|/tmp/.hidden_script|success|{"suspicious": true, "sequence": 4841}
2025-03-21T06:38:03Z|5007|READ|/var/log/syslog|success|{}
2025-03-21T06:38:16Z|6006|READ|/tmp/test.txt|success|{}
2025-03-21T06:38:40Z|9002|ATTRIBUTE|/etc/hosts|failure|{}
2025-03-21T06:39:04Z|9104|RENAME|/etc/hosts|success|{}
2025-03-21T06:39:33Z|4003|RENAME|/dev/shm/.malware|success|{}
2025-03-21T06:39:55Z|9103|WRITE|/tmp/test.txt|success|{"size": 540107}
2025-03-21T06:40:04Z|9200|ATTRIBUTE|/etc/shadow|success|{}
2025-03-21T06:40:29Z|1007|WRITE|/dev/shm/.malware|success|{"suspicious": true, "sequence": 4849}
2025-03-21T06:40:52Z|9102|DELETE|/tmp/backdoor.bin|success|{}
2025-03-21T06:41:19Z|9104|RENAME|/tmp/.hidden_script|failure|{}
2025-03-21T06:41:36Z|1016|DELETE|/home/user/documents/report.doc|success|{}
2025-03-21T06:41:58Z|1014|RENAME|/var/log/auth.log|success|{}
2025-03-21T06:42:04Z|1|RENAME|/home/user/.ssh/id_rsa|success|{}
2025-03-21T06:42:24Z|9204|READ|/etc/hosts|success|{}
2025-03-21T06:42:41Z|3|WRITE|/var/www/.shell.php|success|{"suspicious": true, "sequence": 4856}
2025-03-21T06:43:10Z|9000|READ|/var/log/syslog|success|{}
2025-03-21T06:43:28Z|9200|RENAME|/var/www/.shell.php|success|{}
2025-03-21T06:43:38Z|9101|READ|/home/user/.ssh/id_rsa|success|{}
2025-03-21T06:43:51Z|5011|EXECUTE|/etc/passwd|success|{}
2025-03-21T06:43:54Z|5012|DELETE|/dev/shm/.malware|failure|{}
2025-03-21T06:44:06Z|4013|EXECUTE|/etc/hosts|success|{}
2025-03-21T06:44:29Z|9001|ATTRIBUTE|/var/www/.shell.php|success|{}
2025-03-21T06:44:31Z|5007|WRITE|/tmp/test.txt|failure|{"size": 453169}
2025-03-21T06:44:43Z|9100|ATTRIBUTE|/home/user/.ssh/id_rsa|success|{}
2025-03-21T06:45:03Z|9002|DELETE|/var/www/.shell.php|success|{}
2025-03-21T06:45:33Z|9201|WRITE|/dev/shm/.malware|success|{"suspicious": true, "sequence": 4867}
2025-03-21T06:45:45Z|4004|RENAME|/home/user/.ssh/id_rsa|success|{}
2025-03-21T06:46:09Z|7001|DELETE|/var/log/auth.log|success|{}
2025-03-21T06:46:15Z|9204|RENAME|/etc/passwd|failure|{}
2025-03-21T06:46:29Z|1019|READ|/dev/shm/.malware|success|{"suspicious": true, "sequence": 4871}
2025-03-21T06:46:57Z|4006|RENAME|/tmp/.hidden_script|success|{}
2025-03-21T06:47:12Z|5000|RENAME|/etc/shadow|success|{}
2025-03-21T06:47:41Z|4015|EXECUTE|/dev/shm/.malware|success|{}
2025-03-21T06:48:05Z|4028|READ|/etc/shadow|failure|{}
2025-03-21T06:48:25Z|4002|WRITE|/etc/hosts|success|{"size": 974965}
2025-03-21T06:48:36Z|9201|ATTRIBUTE|/var/log/auth.log|success|{}
2025-03-21T06:48:53Z|5001|RENAME|/etc/hosts|success|{}
2025-03-21T06:49:08Z|9001|READ|/home/user/.ssh/id_rsa|success|{}
2025-03-21T06:49:25Z|1016|WRITE|/tmp/test.txt|success|{"size": 455737}
2025-03-21T06:49:52Z|4|EXECUTE|/tmp/.hidden_script|success|{}
2025-03-21T06:50:04Z|9201|DELETE|/var/www/.shell.php|success|{}
2025-03-21T06:50:23Z|4004|WRITE|/var/www/.shell.php|success|{"suspicious": true, "sequence": 4883}
2025-03-21T06:50:41Z|6006|ATTRIBUTE|/home/user/documents/report.doc|failure|{}
2025-03-21T06:50:59Z|4|READ|/etc/passwd|success|{}
2025-03-21T06:51:18Z|6005|READ|/home/user/.ssh/id_rsa|success|{}
2025-03-21T06:51:32Z|9100|WRITE|/etc/passwd|success|{"size": 893285}
2025-03-21T06:51:46Z|1003|WRITE|/tmp/.hidden_script|success|{"suspicious": true, "sequence": 4888}
2025-03-21T06:52:13Z|4012|EXECUTE|/var/log/syslog|success|{}
2025-03-21T06:52:18Z|9203|RENAME|/home/user/documents/report.doc|success|{}
2025-03-21T06:52:41Z|4004|WRITE|/tmp/test.txt|failure|{"size": 260302}
2025-03-21T06:52:49Z|9001|ATTRIBUTE|/var/log/syslog|success|{}
2025-03-21T06:53:07Z|3|EXECUTE|/etc/cron.d/.hack|success|{}
2025-03-21T06:53:37Z|9104|ATTRIBUTE|/var/log/syslog|failure|{}
2025-03-21T06:53:56Z|7003|EXECUTE|/etc/hosts|success|{}
2025-03-21T06:54:26Z|9104|DELETE|/tmp/.hidden_script|success|{}
2025-03-21T06:54:31Z|1007|READ|/tmp/backdoor.bin|success|{"suspicious": true, "sequence": 4897}
2025-03-21T06:54:33Z|1|READ|/tmp/test.txt|success|{}
2025-03-21T06:54:39Z|6001|RENAME|/var/log/auth.log|success|{}
2025-03-21T06:55:04Z|5014|RENAME|/etc/cron.d/.hack|success|{}
2025-03-21T06:55:16Z|5008|DELETE|/tmp/test.txt|success|{}
2025-03-21T06:55:35Z|4023|READ|/var/www/.shell.php|success|{"suspicious": true, "sequence": 4902}
2025-03-21T06:55:54Z|7000|RENAME|/etc/cron.d/.hack|failure|{}
2025-03-21T06:56:15Z|7004|EXECUTE|/dev/shm/.malware|success|{}
2025-03-21T06:56:42Z|9104|RENAME|/tmp/.hidden_script|success|{}
2025-03-21T06:56:43Z|6004|WRITE|/var/www/.shell.php|success|{"suspicious": true, "sequence": 4906}
2025-03-21T06:57:05Z|7000|EXECUTE|/var/www/.shell.php|success|{}
2025-03-21T06:57:24Z|7003|DELETE|/tmp/test.txt|success|{}
2025-03-21T06:57:42Z|4|RENAME|/etc/passwd|success|{}
2025-03-21T06:57:44Z|5|RENAME|/etc/cron.d/.hack|success|{}
2025-03-21T06:57:48Z|7000|DELETE|/home/user/documents/report.doc|success|{}
2025-03-21T06:58:11Z|6002|READ|/home/user/.ssh/id_rsa|success|{}
2025-03-21T06:58:16Z|5006|ATTRIBUTE|/home/user/.ssh/id_rsa|success|{}
2025-03-21T06:58:43Z|9201|EXECUTE|/tmp/backdoor.bin|success|{}
2025-03-21T06:58:58Z|9100|EXECUTE|/home/user/documents/report.doc|success|{}
2025-03-21T06:59:20Z|9104|EXECUTE|/var/www/.shell.php|failure|{}
2025-03-21T06:59:50Z|9004|DELETE|/var/www/.shell.php|success|{}
2025-03-21T06:59:57Z|4027|WRITE|/home/user/.ssh/id_rsa|success|{"size": 988058}
2025-03-21T07:00:14Z|6004|DELETE|/var/www/.shell.php|success|{}
2025-03-21T07:00:16Z|4021|RENAME|/etc/cron.d/.hack|failure|{}
2025-03-21T07:00:45Z|9001|RENAME|/tmp/.hidden_script|success|{}
2025-03-21T07:00:50Z|9102|DELETE|/home/user/documents/report.doc|success|{}
2025-03-21T07:01:17Z|6002|RENAME|/etc/passwd|success|{}
2025-03-21T07:01:19Z|6007|WRITE|/dev/shm/.malware|success|{"suspicious": true, "sequence": 4924}
2025-03-21T07:01:43Z|6002|READ|/etc/hosts|success|{}
2025-03-21T07:02:12Z|5|ATTRIBUTE|/etc/cron.d/.hack|success|{}
2025-03-21T07:02:19Z|7000|EXECUTE|/var/www/.shell.php|success|{}
2025-03-21T07:02:48Z|1|READ|/home/user/documents/report.doc|success|{}
2025-03-21T07:03:00Z|4015|WRITE|/var/log/syslog|success|{"size": 787658}
2025-03-21T07:03:16Z|9101|ATTRIBUTE|/var/log/auth.log|success|{}
2025-03-21T07:03:23Z|9201|EXECUTE|/dev/shm/.malware|success|{}
2025-03-21T07:03:41Z|4003|RENAME|/tmp/.hidden_script|success|{}
2025-03-21T07:03:51Z|4|DELETE|/tmp/test.txt|success|{}
2025-03-21T07:04:01Z|7004|WRITE|/var/www/.shell.php|success|{"suspicious": true, "sequence": 4934}
2025-03-21T07:04:03Z|5007|ATTRIBUTE|/etc/hosts|success|{}
2025-03-21T07:04:11Z|4026|ATTRIBUTE|/etc/shadow|success|{}
2025-03-21T07:04:30Z|4021|ATTRIBUTE|/var/log/auth.log|success|{}
2025-03-21T07:04:53Z|9104|WRITE|/home/user/.ssh/id_rsa|failure|{"size": 796815}
2025-03-21T07:05:08Z|4|DELETE|/home/user/documents/report.doc|success|{}
2025-03-21T07:05:28Z|9202|DELETE|/etc/hosts|success|{}
2025-03-21T07:05:42Z|5007|EXECUTE|/etc/passwd|success|{}
2025-03-21T07:05:54Z|7004|RENAME|/tmp/backdoor.bin|success|{}
2025-03-21T07:06:00Z|4014|ATTRIBUTE|/etc/cron.d/.hack|success|{}
2025-03-21T07:06:29Z|9102|READ|/etc/cron.d/.hack|failure|{"suspicious": true, "sequence": 4944}
2025-03-21T07:06:43Z|6001|WRITE|/etc/shadow|success|{"size": 110802}
2025-03-21T07:07:06Z|9103|RENAME|/etc/hosts|success|{}
2025-03-21T07:07:13Z|6004|RENAME|/tmp/test.txt|success|{}
2025-03-21T07:07:24Z|9102|EXECUTE|/dev/shm/.malware|success|{}
2025-03-21T07:07:37Z|7002|EXECUTE|/var/log/auth.log|success|{}
2025-03-21T07:07:43Z|1002|READ|/tmp/test.txt|success|{}
2025-03-21T07:07:44Z|6008|READ|/var/log/auth.log|success|{}
2025-03-21T07:08:14Z|9004|EXECUTE|/dev/shm/.malware|success|{}
2025-03-21T07:08:41Z|5|ATTRIBUTE|/etc/shadow|success|{}
2025-03-21T07:08:50Z|3|READ|/var/log/auth.log|success|{}
2025-03-21T07:09:16Z|9101|RENAME|/var/log/syslog|success|{}
2025-03-21T07:09:23Z|6001|RENAME|/home/user/.ssh/id_rsa|success|{}
2025-03-21T07:09:35Z|9004|DELETE|/home/user/.ssh/id_rsa|success|{}
2025-03-21T07:10:01Z|5009|ATTRIBUTE|/tmp/.hidden_script|success|{}
2025-03-21T07:10:27Z|4023|RENAME|/tmp/backdoor.bin|success|{}
2025-03-21T07:10:32Z|6008|WRITE|/etc/shadow|success|{"size": 207842}
2025-03-21T07:10:48Z|5001|DELETE|/etc/shadow|failure|{}
2025-03-21T07:10:57Z|6001|EXECUTE|/home/user/.ssh/id_rsa|failure|{}
2025-03-21T07:11:05Z|9103|WRITE|/tmp/backdoor.bin|success|{"suspicious": true, "sequence": 4963}
2025-03-21T07:11:23Z|3|EXECUTE|/home/user/documents/report.doc|failure|{}
2025-03-21T07:11:49Z|9102|RENAME|/tmp/test.txt|success|{}
2025-03-21T07:11:53Z|5|WRITE|/home/user/.ssh/id_rsa|failure|{"size": 165450}
2025-03-21T07:11:59Z|4005|WRITE|/var/log/auth.log|success|{"size": 284252}
2025-03-21T07:12:25Z|4015|EXECUTE|/var/log/auth.log|success|{}
2025-03-21T07:12:45Z|9101|DELETE|/etc/shadow|success|{}
2025-03-21T07:13:06Z|6007|EXECUTE|/var/www/.shell.php|success|{}
2025-03-21T07:13:23Z|6000|READ|/etc/shadow|success|{}
2025-03-21T07:13:29Z|9004|RENAME|/tmp/backdoor.bin|success|{}
2025-03-21T07:13:33Z|1004|RENAME|/etc/cron.d/.hack|success|{}
2025-03-21T07:13:45Z|4026|READ|/etc/shadow|failure|{}
2025-03-21T07:13:57Z|4019|WRITE|/tmp/backdoor.bin|success|{"suspicious": true, "sequence": 4975}
2025-03-21T07:14:26Z|9000|READ|/tmp/.hidden_script|success|{"suspicious": true, "sequence": 4976}
2025-03-21T07:14:55Z|9001|RENAME|/tmp/backdoor.bin|success|{}
2025-03-21T07:14:57Z|1010|DELETE|/tmp/backdoor.bin|success|{}
2025-03-21T07:15:22Z|2|DELETE|/var/log/syslog|success|{}
2025-03-21T07:15:25Z|9202|RENAME|/tmp/.hidden_script|success|{}
2025-03-21T07:15:54Z|6001|READ|/tmp/backdoor.bin|success|{"suspicious": true, "sequence": 4981}
2025-03-21T07:15:58Z|5001|RENAME|/var/www/.shell.php|success|{}
2025-03-21T07:16:28Z|9200|DELETE|/var/log/auth.log|success|{}
2025-03-21T07:16:39Z|1008|RENAME|/var/log/auth.log|success|{}
2025-03-21T07:16:49Z|9101|EXECUTE|/tmp/backdoor.bin|success|{}
2025-03-21T07:17:19Z|9202|RENAME|/tmp/test.txt|success|{}
2025-03-21T07:17:30Z|5|DELETE|/var/www/.shell.php|failure|{}
2025-03-21T07:17:54Z|5001|RENAME|/dev/shm/.malware|failure|{}
2025-03-21T07:18:21Z|9100|RENAME|/tmp/test.txt|success|{}
2025-03-21T07:18:26Z|4004|EXECUTE|/home/user/documents/report.doc|failure|{}
2025-03-21T07:18:34Z|7001|WRITE|/dev/shm/.malware|success|{"suspicious": true, "sequence": 4991}
2025-03-21T07:18:48Z|1|ATTRIBUTE|/home/user/documents/report.doc|failure|{}
2025-03-21T07:19:14Z|9004|DELETE|/etc/hosts|success|{}
2025-03-21T07:19:35Z|1006|ATTRIBUTE|/tmp/test.txt|success|{}
2025-03-21T07:19:50Z|9101|READ|/var/log/syslog|success|{}
2025-03-21T07:20:02Z|6004|ATTRIBUTE|/home/user/.ssh/id_rsa|success|{}
2025-03-21T07:20:09Z|9003|READ|/etc/shadow|success|{}
2025-03-21T07:20:23Z|9001|EXECUTE|/etc/cron.d/.hack|success|{}
2025-03-21T07:20:50Z|1018|ATTRIBUTE|/etc/cron.d/.hack|success|{}
2025-03-21T07:21:13Z|7000|READ|/var/log/syslog|success|{}
2025-03-21T07:21:35Z|9004|READ|/var/log/auth.log|success|{}
2025-03-21T07:21:55Z|1008|READ|/tmp/backdoor.bin|success|{"suspicious": true, "sequence": 5002}
2025-03-21T07:22:05Z|7002|DELETE|/tmp/test.txt|failure|{}
2025-03-21T07:22:15Z|6008|DELETE|/var/log/auth.log|success|{}
2025-03-21T07:22:28Z|6005|RENAME|/var/log/syslog|success|{}
2025-03-21T07:22:37Z|9100|DELETE|/etc/shadow|success|{}
2025-03-21T07:22:59Z|4028|EXECUTE|/tmp/backdoor.bin|success|{}
2025-03-21T07:23:27Z|9101|READ|/var/www/.shell.php|success|{"suspicious": true, "sequence": 5008}
2025-03-21T07:23:36Z|1003|EXECUTE|/dev/shm/.malware|success|{}
2025-03-21T07:24:02Z|6000|ATTRIBUTE|/etc/passwd|success|{}
2025-03-21T07:24:20Z|9201|DELETE|/tmp/test.txt|success|{}
2025-03-21T07:24:33Z|5010|ATTRIBUTE|/etc/cron.d/.hack|failure|{}
2025-03-21T07:24:36Z|2|READ|/var/log/auth.log|success|{}
2025-03-21T07:24:58Z|7000|EXECUTE|/var/www/.shell.php|success|{}
2025-03-21T07:25:13Z|7001|RENAME|/var/www/.shell.php|success|{}
2025-03-21T07:25:43Z|9100|ATTRIBUTE|/var/www/.shell.php|success|{}
2025-03-21T07:25:47Z|2|WRITE|/etc/passwd|success|{"size": 996507}
2025-03-21T07:25:53Z|5000|ATTRIBUTE|/var/www/.shell.php|success|{}
2025-03-21T07:26:04Z|5004|READ|/var/log/syslog|failure|{}
2025-03-21T07:26:16Z|7000|EXECUTE|/etc/passwd|success|{}
2025-03-21T07:26:39Z|4025|ATTRIBUTE|/var/log/auth.log|success|{}
2025-03-21T07:26:46Z|1017|WRITE|/etc/passwd|success|{"size": 929845}
2025-03-21T07:27:05Z|9000|ATTRIBUTE|/etc/cron.d/.hack|success|{}
2025-03-21T07:27:20Z|4012|WRITE|/tmp/.hidden_script|success|{"suspicious": true, "sequence": 5024}
2025-03-21T07:27:42Z|1002|WRITE|/tmp/test.txt|success|{"size": 780991}
2025-03-21T07:27:52Z|3|READ|/home/user/.ssh/id_rsa|success|{}
2025-03-21T07:27:55Z|4001|WRITE|/home/user/documents/report.doc|failure|{"size": 371710}
2025-03-21T07:28:10Z|6009|EXECUTE|/var/www/.shell.php|success|{}
2025-03-21T07:28:12Z|9004|WRITE|/etc/cron.d/.hack|success|{"suspicious": true, "sequence": 5029}
2025-03-21T07:28:30Z|1000|READ|/home/user/documents/report.doc|success|{}
2025-03-21T07:28:47Z|9001|DELETE|/home/user/documents/report.doc|success|{}
2025-03-21T07:28:53Z|9100|EXECUTE|/etc/cron.d/.hack|failure|{}
2025-03-21T07:29:07Z|9000|DELETE|/etc/shadow|success|{}
2025-03-21T07:29:10Z|4|DELETE|/etc/passwd|success|{}
2025-03-21T07:29:38Z|6001|DELETE|/var/log/syslog|failure|{}
2025-03-21T07:30:01Z|4004|ATTRIBUTE|/etc/shadow|failure|{}
2025-03-21T07:30:22Z|9002|RENAME|/dev/shm/.malware|failure|{}
2025-03-21T07:30:36Z|9202|ATTRIBUTE|/etc/hosts|success|{}
2025-03-21T07:30:42Z|5010|READ|/var/www/.shell.php|success|{"suspicious": true, "sequence": 5039}
2025-03-21T07:30:48Z|7001|READ|/etc/shadow|success|{}
2025-03-21T07:30:59Z|4025|ATTRIBUTE|/etc/passwd|success|{}
2025-03-21T07:31:01Z|6003|ATTRIBUTE|/tmp/backdoor.bin|failure|{}
2025-03-21T07:31:06Z|2|READ|/etc/shadow|success|{}
2025-03-21T07:31:27Z|5013|DELETE|/dev/shm/.malware|success|{}
2025-03-21T07:31:38Z|9002|RENAME|/dev/shm/.malware|success|{}
2025-03-21T07:31:44Z|5002|DELETE|/home/user/.ssh/id_rsa|success|{}
2025-03-21T07:31:55Z|7004|EXECUTE|/tmp/test.txt|success|{}
2025-03-21T07:32:15Z|4017|ATTRIBUTE|/tmp/.hidden_script|success|{}
2025-03-21T07:32:27Z|4012|DELETE|/var/log/auth.log|success|{}
2025-03-21T07:32:38Z|3|READ|/tmp/test.txt|success|{}
2025-03-21T07:33:06Z|9003|EXECUTE|/etc/passwd|failure|{}
2025-03-21T07:33:22Z|7004|WRITE|/etc/hosts|success|{"size": 960377}
2025-03-21T07:33:50Z|7004|ATTRIBUTE|/var/log/syslog|success|{}
2025-03-21T07:34:07Z|9204|DELETE|/home/user/.ssh/id_rsa|success|{}
2025-03-21T07:34:35Z|5014|READ|/home/user/.ssh/id_rsa|success|{}
2025-03-21T07:34:44Z|5009|ATTRIBUTE|/etc/passwd|success|{}
2025-03-21T07:34:47Z|9003|WRITE|/var/log/auth.log|success|{"size": 390315}
2025-03-21T07:35:06Z|4|READ|/dev/shm/.malware|success|{"suspicious": true, "sequence": 5058}
2025-03-21T07:35:11Z|1009|READ|/etc/hosts|success|{}
2025-03-21T07:35:31Z|1006|READ|/var/www/.shell.php|success|{"suspicious": true, "sequence": 5060}
2025-03-21T07:35:48Z|9200|WRITE|/home/user/.ssh/id_rsa|success|{"size": 923962}
2025-03-21T07:36:12Z|9203|WRITE|/home/user/.ssh/id_rsa|success|{"size": 41396}
2025-03-21T07:36:23Z|6003|EXECUTE|/etc/cron.d/.hack|success|{}
2025-03-21T07:36:48Z|9200|RENAME|/var/www/.shell.php|success|{}
2025-03-21T07:36:50Z|5|WRITE|/etc/hosts|success|{"size": 438217}
2025-03-21T07:36:57Z|1|RENAME|/dev/shm/.malware|success|{}
2025-03-21T07:37:05Z|7003|WRITE|/var/www/.shell.php|failure|{"suspicious": true, "sequence": 5067}
2025-03-21T07:37:12Z|9200|READ|/home/user/.ssh/id_rsa|success|{}
2025-03-21T07:37:39Z|9000|RENAME|/etc/hosts|success|{}
2025-03-21T07:38:08Z|9202|ATTRIBUTE|/etc/shadow|success|{}
2025-03-21T07:38:21Z|1000|ATTRIBUTE|/etc/cron.d/.hack|success|{}
2025-03-21T07:38:33Z|9202|ATTRIBUTE|/etc/hosts|success|{}
2025-03-21T07:38:37Z|5006|READ|/var/www/.shell.php|success|{"suspicious": true, "sequence": 5073}
2025-03-21T07:39:06Z|6009|EXECUTE|/etc/passwd|success|{}
2025-03-21T07:39:12Z|1019|DELETE|/tmp/.hidden_script|success|{}
2025-03-21T07:39:35Z|1011|WRITE|/etc/passwd|success|{"size": 91194}
2025-03-21T07:39:57Z|7003|WRITE|/etc/passwd|failure|{"size": 546452}
2025-03-21T07:40:16Z|7003|READ|/etc/cron.d/.hack|success|{"suspicious": true, "sequence": 5078}
2025-03-21T07:40:32Z|1004|RENAME|/var/log/auth.log|success|{}
2025-03-21T07:40:51Z|9004|READ|/tmp/test.txt|success|{}
2025-03-21T07:41:18Z|4|WRITE|/etc/passwd|success|{"size": 285106}
2025-03-21T07:41:37Z|9004|DELETE|/var/www/.shell.php|success|{}
2025-03-21T07:42:04Z|1019|READ|/tmp/.hidden_script|success|{"suspicious": true, "sequence": 5083}
2025-03-21T07:42:29Z|4|RENAME|/dev/shm/.malware|success|{}
2025-03-21T07:42:37Z|7002|DELETE|/var/log/auth.log|success|{}
2025-03-21T07:42:54Z|5014|WRITE|/home/user/documents/report.doc|success|{"size": 29555}
2025-03-21T07:43:02Z|9101|EXECUTE|/tmp/test.txt|success|{}
2025-03-21T07:43:07Z|4016|WRITE|/tmp/backdoor.bin|success|{"suspicious": true, "sequence": 5088}
2025-03-21T07:43:23Z|9202|READ|/var/log/syslog|success|{}
2025-03-21T07:43:44Z|9001|READ|/tmp/.hidden_script|success|{"suspicious": true, "sequence": 5090}
2025-03-21T07:43:50Z|9100|READ|/etc/passwd|success|{}
2025-03-21T07:44:08Z|2|READ|/tmp/.hidden_script|success|{"suspicious": true, "sequence": 5092}
2025-03-21T07:44:13Z|9101|ATTRIBUTE|/var/www/.shell.php|success|{}
2025-03-21T07:44:43Z|9001|EXECUTE|/home/user/.ssh/id_rsa|success|{}
2025-03-21T07:44:51Z|9101|READ|/etc/shadow|success|{}
2025-03-21T07:45:10Z|7002|DELETE|/etc/passwd|success|{}
2025-03-21T07:45:30Z|4006|RENAME|/etc/shadow|success|{}
2025-03-21T07:45:59Z|7004|EXECUTE|/var/log/syslog|success|{}
2025-03-21T07:46:00Z|5003|ATTRIBUTE|/tmp/backdoor.bin|success|{}
2025-03-21T07:46:01Z|6003|DELETE|/dev/shm/.malware|success|{}
2025-03-21T07:46:17Z|5006|DELETE|/tmp/backdoor.bin|success|{}
2025-03-21T07:46:43Z|4027|ATTRIBUTE|/dev/shm/.malware|failure|{}
2025-03-21T07:46:57Z|4008|WRITE|/tmp/backdoor.bin|success|{"suspicious": true, "sequence": 5103}
2025-03-21T07:47:23Z|1001|READ|/home/user/documents/report.doc|success|{}
2025-03-21T07:47:32Z|9000|READ|/etc/cron.d/.hack|success|{"suspicious": true, "sequence": 5105}
2025-03-21T07:47:42Z|1009|RENAME|/etc/shadow|success|{}
2025-03-21T07:47:45Z|5002|DELETE|/dev/shm/.malware|success|{}
2025-03-21T07:47:54Z|9203|READ|/tmp/test.txt|success|{}
2025-03-21T07:47:57Z|9103|WRITE|/etc/passwd|success|{"size": 891204}
2025-03-21T07:48:23Z|4|EXECUTE|/home/user/documents/report.doc|success|{}
2025-03-21T07:48:36Z|3|EXECUTE|/var/log/auth.log|success|{}
2025-03-21T07:48:41Z|4025|WRITE|/tmp/test.txt|failure|{"size": 482645}
2025-03-21T07:48:52Z|6002|WRITE|/etc/hosts|success|{"size": 946392}
2025-03-21T07:48:56Z|9203|ATTRIBUTE|/home/user/documents/report.doc|success|{}
2025-03-21T07:49:05Z|5|ATTRIBUTE|/tmp/backdoor.bin|success|{}
2025-03-21T07:49:17Z|9003|EXECUTE|/var/log/syslog|success|{}
2025-03-21T07:49:26Z|1011|DELETE|/home/user/.ssh/id_rsa|success|{}
2025-03-21T07:49:34Z|1007|EXECUTE|/var/log/syslog|success|{}
2025-03-21T07:49:45Z|6000|WRITE|/tmp/backdoor.bin|success|{"suspicious": true, "sequence": 5119}
2025-03-21T07:50:09Z|9204|ATTRIBUTE|/var/log/auth.log|success|{}
2025-03-21T07:50:39Z|9101|RENAME|/var/www/.shell.php|success|{}
2025-03-21T07:51:09Z|6005|WRITE|/etc/shadow|success|{"size": 526537}
2025-03-21T07:51:33Z|1015|READ|/tmp/.hidden_script|success|{"suspicious": true, "sequence": 5123}
2025-03-21T07:51:56Z|1|ATTRIBUTE|/var/www/.shell.php|success|{}
2025-03-21T07:52:04Z|7000|DELETE|/var/www/.shell.php|success|{}
2025-03-21T07:52:27Z|9204|READ|/etc/cron.d/.hack|success|{"suspicious": true, "sequence": 5126}
2025-03-21T07:52:43Z|7001|ATTRIBUTE|/etc/cron.d/.hack|success|{}
2025-03-21T07:52:49Z|1015|READ|/tmp/.hidden_script|success|{"suspicious": true, "sequence": 5128}
2025-03-21T07:52:54Z|9204|RENAME|/var/log/auth.log|success|{}
2025-03-21T07:52:56Z|5|DELETE|/home/user/.ssh/id_rsa|failure|{}
2025-03-21T07:53:06Z|6004|READ|/tmp/.hidden_script|success|{"suspicious": true, "sequence": 5131}
2025-03-21T07:53:11Z|4011|EXECUTE|/home/user/documents/report.doc|success|{}
2025-03-21T07:53:24Z|9103|DELETE|/home/user/documents/report.doc|success|{}
2025-03-21T07:53:47Z|7000|DELETE|/etc/shadow|success|{}
2025-03-21T07:54:08Z|7002|WRITE|/etc/hosts|failure|{"size": 506497}
2025-03-21T07:54:10Z|1003|WRITE|/tmp/test.txt|success|{"size": 1903}
2025-03-21T07:54:33Z|9202|WRITE|/etc/passwd|success|{"size": 826853}
2025-03-21T07:54:38Z|9204|READ|/dev/shm/.malware|success|{"suspicious": true, "sequence": 5138}
2025-03-21T07:54:46Z|9204|READ|/tmp/test.txt|success|{}
2025-03-21T07:55:05Z|4022|EXECUTE|/var/www/.shell.php|success|{}
2025-03-21T07:55:32Z|6000|ATTRIBUTE|/home/user/.ssh/id_rsa|success|{}
2025-03-21T07:56:00Z|5003|EXECUTE|/home/user/documents/report.doc|success|{}
2025-03-21T07:56:20Z|1017|EXECUTE|/var/log/auth.log|success|{}
2025-03-21T07:56:49Z|9103|EXECUTE|/tmp/.hidden_script|success|{}
2025-03-21T07:57:11Z|1017|WRITE|/home/user/documents/report.doc|success|{"size": 672892}
2025-03-21T07:57:22Z|7002|WRITE|/etc/shadow|failure|{"size": 587428}
2025-03-21T07:57:42Z|7000|RENAME|/var/www/.shell.php|success|{}
2025-03-21T07:58:08Z|9003|RENAME|/dev/shm/.malware|success|{}
2025-03-21T07:58:23Z|1002|WRITE|/etc/cron.d/.hack|failure|{"suspicious": true, "sequence": 5149}
2025-03-21T07:58:36Z|9001|READ|/etc/cron.d/.hack|success|{"suspicious": true, "sequence": 5150}
2025-03-21T07:58:47Z|4002|ATTRIBUTE|/tmp/backdoor.bin|success|{}
2025-03-21T07:59:13Z|9203|EXECUTE|/var/log/auth.log|success|{}
2025-03-21T07:59:38Z|9103|DELETE|/tmp/backdoor.bin|success|{}
2025-03-21T08:00:03Z|9104|ATTRIBUTE|/etc/passwd|success|{}
2025-03-21T08:00:26Z|5002|DELETE|/home/user/documents/report.doc|success|{}
2025-03-21T08:00:50Z|4001|WRITE|/etc/hosts|success|{"size": 65644}
2025-03-21T08:01:13Z|4021|DELETE|/etc/passwd|success|{}
2025-03-21T08:01:36Z|9000|READ|/etc/hosts|success|{}
2025-03-21T08:01:52Z|7003|READ|/home/user/.ssh/id_rsa|success|{}
2025-03-21T08:02:13Z|7000|ATTRIBUTE|/var/log/auth.log|success|{}
2025-03-21T08:02:18Z|4001|EXECUTE|/tmp/backdoor.bin|success|{}
2025-03-21T08:02:37Z|5011|ATTRIBUTE|/etc/cron.d/.hack|success|{}
2025-03-21T08:02:58Z|7003|ATTRIBUTE|/tmp/.hidden_script|success|{}
2025-03-21T08:03:13Z|9101|ATTRIBUTE|/etc/shadow|success|{}
2025-03-21T08:03:24Z|1014|ATTRIBUTE|/etc/passwd|success|{}
2025-03-21T08:03:49Z|4013|WRITE|/var/log/auth.log|success|{"size": 884652}
2025-03-21T08:03:54Z|6007|ATTRIBUTE|/tmp/backdoor.bin|success|{}
2025-03-21T08:04:02Z|9002|EXECUTE|/tmp/backdoor.bin|success|{}
2025-03-21T08:04:26Z|9201|ATTRIBUTE|/etc/shadow|failure|{}
2025-03-21T08:04:27Z|7003|WRITE|/home/user/.ssh/id_rsa|failure|{"size": 382689}
2025-03-21T08:04:34Z|4020|WRITE|/tmp/backdoor.bin|success|{"suspicious": true, "sequence": 5171}
2025-03-21T08:04:44Z|9100|ATTRIBUTE|/tmp/test.txt|success|{}
2025-03-21T08:04:46Z|1017|ATTRIBUTE|/home/user/.ssh/id_rsa|success|{}
2025-03-21T08:05:03Z|7004|RENAME|/tmp/.hidden_script|success|{}
2025-03-21T08:05:20Z|2|EXECUTE|/etc/hosts|success|{}
2025-03-21T08:05:21Z|1015|EXECUTE|/dev/shm/.malware|failure|{}
2025-03-21T08:05:40Z|9102|WRITE|/home/user/documents/report.doc|success|{"size": 745466}
2025-03-21T08:05:49Z|4020|ATTRIBUTE|/dev/shm/.malware|success|{}
2025-03-21T08:05:57Z|9103|EXECUTE|/var/log/auth.log|success|{}
2025-03-21T08:06:04Z|5005|DELETE|/var/log/syslog|success|{}
2025-03-21T08:06:10Z|6002|EXECUTE|/etc/cron.d/.hack|success|{}
2025-03-21T08:06:12Z|9001|RENAME|/home/user/documents/report.doc|success|{}
2025-03-21T08:06:31Z|9104|WRITE|/etc/hosts|success|{"size": 313283}
2025-03-21T08:06:43Z|9202|DELETE|/var/log/auth.log|success|{}
2025-03-21T08:06:50Z|6005|WRITE|/tmp/.hidden_script|success|{"suspicious": true, "sequence": 5185}
2025-03-21T08:06:55Z|7002|WRITE|/tmp/.hidden_script|success|{"suspicious": true, "sequence": 5186}
2025-03-21T08:07:12Z|1001|WRITE|/etc/passwd|success|{"size": 134531}
2025-03-21T08:07:22Z|7004|ATTRIBUTE|/etc/hosts|success|{}
2025-03-21T08:07:25Z|1009|READ|/tmp/.hidden_script|success|{"suspicious": true, "sequence": 5189}
2025-03-21T08:07:32Z|9101|WRITE|/dev/shm/.malware|success|{"suspicious": true, "sequence": 5190}
2025-03-21T08:08:00Z|6007|RENAME|/etc/shadow|success|{}
2025-03-21T08:08:04Z|9102|EXECUTE|/etc/passwd|success|{}
2025-03-21T08:08:33Z|4015|DELETE|/home/user/documents/report.doc|success|{}
2025-03-21T08:08:45Z|5013|READ|/etc/cron.d/.hack|success|{"suspicious": true, "sequence": 5194}
2025-03-21T08:09:05Z|5012|WRITE|/tmp/backdoor.bin|success|{"suspicious": true, "sequence": 5195}
2025-03-21T08:09:12Z|7003|WRITE|/etc/shadow|success|{"size": 933460}
2025-03-21T08:09:14Z|9200|RENAME|/var/www/.shell.php|success|{}
2025-03-21T08:09:24Z|7001|WRITE|/dev/shm/.malware|success|{"suspicious": true, "sequence": 5198}
2025-03-21T08:09:33Z|9202|EXECUTE|/var/log/auth.log|success|{}
2025-03-21T08:09:58Z|9200|RENAME|/tmp/test.txt|success|{}
2025-03-21T08:10:19Z|9204|WRITE|/var/log/syslog|success|{"size": 605115}
2025-03-21T08:10:48Z|9101|WRITE|/home/user/.ssh/id_rsa|success|{"size": 781640}
2025-03-21T08:10:53Z|9102|RENAME|/tmp/.hidden_script|success|{}
2025-03-21T08:10:56Z|7004|READ|/home/user/documents/report.doc|success|{}
2025-03-21T08:11:08Z|4006|READ|/etc/shadow|success|{}
2025-03-21T08:11:36Z|5005|RENAME|/dev/shm/.malware|success|{}
2025-03-21T08:11:55Z|7000|DELETE|/etc/shadow|success|{}
2025-03-21T08:12:12Z|7000|RENAME|/var/log/auth.log|success|{}
2025-03-21T08:12:35Z|1017|EXECUTE|/home/user/.ssh/id_rsa|success|{}
2025-03-21T08:12:54Z|9102|EXECUTE|/var/log/auth.log|success|{}
2025-03-21T08:13:24Z|4|WRITE|/tmp/backdoor.bin|success|{"suspicious": true, "sequence": 5211}
2025-03-21T08:13:29Z|4018|ATTRIBUTE|/var/log/syslog|success|{}
2025-03-21T08:13:46Z|6001|ATTRIBUTE|/tmp/.hidden_script|success|{}
2025-03-21T08:13:55Z|2|RENAME|/home/user/documents/report.doc|failure|{}
2025-03-21T08:14:07Z|4019|RENAME|/etc/cron.d/.hack|success|{}
2025-03-21T08:14:12Z|6009|RENAME|/var/www/.shell.php|success|{}
2025-03-21T08:14:20Z|9001|DELETE|/etc/shadow|success|{}
2025-03-21T08:14:48Z|9204|ATTRIBUTE|/tmp/.hidden_script|success|{}
2025-03-21T08:15:07Z|9001|WRITE|/dev/shm/.malware|success|{"suspicious": true, "sequence": 5219}
2025-03-21T08:15:31Z|5009|ATTRIBUTE|/etc/passwd|success|{}
2025-03-21T08:15:51Z|6000|WRITE|/home/user/documents/report.doc|failure|{"size": 443300}
2025-03-21T08:16:05Z|9101|WRITE|/tmp/test.txt|success|{"size": 705912}
2025-03-21T08:16:26Z|7003|RENAME|/etc/hosts|success|{}
2025-03-21T08:16:46Z|9002|RENAME|/tmp/.hidden_script|success|{}
2025-03-21T08:16:50Z|5000|WRITE|/home/user/.ssh/id_rsa|success|{"size": 47045}
2025-03-21T08:17:08Z|7001|ATTRIBUTE|/tmp/.hidden_script|success|{}
2025-03-21T08:17:09Z|4016|RENAME|/tmp/backdoor.bin|success|{}
2025-03-21T08:17:20Z|9201|EXECUTE|/etc/passwd|success|{}
2025-03-21T08:17:50Z|5000|RENAME|/var/www/.shell.php|success|{}
2025-03-21T08:18:15Z|9104|EXECUTE|/var/log/auth.log|success|{}
2025-03-21T08:18:35Z|9102|DELETE|/home/user/.ssh/id_rsa|success|{}
2025-03-21T08:18:56Z|6004|DELETE|/var/www/.shell.php|success|{}
2025-03-21T08:19:22Z|9203|RENAME|/dev/shm/.malware|success|{}
2025-03-21T08:19:27Z|4006|EXECUTE|/tmp/.hidden_script|success|{}
2025-03-21T08:19:46Z|6007|EXECUTE|/tmp/.hidden_script|success|{}
2025-03-21T08:20:01Z|9003|ATTRIBUTE|/etc/hosts|success|{}
2025-03-21T08:20:23Z|5007|READ|/tmp/.hidden_script|success|{"suspicious": true, "sequence": 5237}
2025-03-21T08:20:47Z|2|WRITE|/var/log/auth.log|success|{"size": 721359}
2025-03-21T08:21:00Z|4017|DELETE|/etc/cron.d/.hack|success|{}
2025-03-21T08:21:08Z|6004|READ|/etc/cron.d/.hack|success|{"suspicious": true, "sequence": 5240}
2025-03-21T08:21:31Z|4005|WRITE|/var/log/auth.log|failure|{"size": 807064}
2025-03-21T08:22:00Z|5014|EXECUTE|/tmp/backdoor.bin|success|{}
2025-03-21T08:22:17Z|7002|WRITE|/tmp/backdoor.bin|success|{"suspicious": true, "sequence": 5243}
2025-03-21T08:22:34Z|6001|RENAME|/etc/passwd|success|{}
2025-03-21T08:22:42Z|7003|DELETE|/home/user/documents/report.doc|success|{}
2025-03-21T08:23:04Z|5005|READ|/tmp/test.txt|success|{}
2025-03-21T08:23:33Z|5000|WRITE|/etc/shadow|success|{"size": 313507}
2025-03-21T08:23:38Z|9202|RENAME|/home/user/documents/report.doc|success|{}
2025-03-21T08:24:05Z|1002|READ|/var/log/auth.log|success|{}
2025-03-21T08:24:17Z|4002|ATTRIBUTE|/home/user/.ssh/id_rsa|success|{}
2025-03-21T08:24:31Z|5|RENAME|/tmp/.hidden_script|failure|{}
2025-03-21T08:24:53Z|4001|DELETE|/var/www/.shell.php|success|{}
2025-03-21T08:25:05Z|1005|READ|/etc/hosts|failure|{}
2025-03-21T08:25:08Z|7001|ATTRIBUTE|/etc/passwd|success|{}
2025-03-21T08:25:14Z|6002|DELETE|/etc/shadow|success|{}
2025-03-21T08:25:30Z|4005|WRITE|/etc/hosts|success|{"size": 151833}
2025-03-21T08:25:33Z|6000|RENAME|/var/log/auth.log|success|{}
2025-03-21T08:25:37Z|1011|WRITE|/tmp/test.txt|success|{"size": 557406}
2025-03-21T08:25:43Z|6009|DELETE|/etc/shadow|success|{}
2025-03-21T08:26:08Z|6003|RENAME|/dev/shm/.malware|failure|{}
2025-03-21T08:26:12Z|7004|RENAME|/etc/cron.d/.hack|success|{}
2025-03-21T08:26:39Z|5|EXECUTE|/etc/shadow|success|{}
2025-03-21T08:26:46Z|1014|RENAME|/dev/shm/.malware|success|{}
2025-03-21T08:27:00Z|9000|WRITE|/tmp/.hidden_script|failure|{"suspicious": true, "sequence": 5264}
2025-03-21T08:27:02Z|6008|READ|/etc/cron.d/.hack|success|{"suspicious": true, "sequence": 5265}
2025-03-21T08:27:11Z|1012|RENAME|/var/log/auth.log|success|{}
2025-03-21T08:27:14Z|9102|WRITE|/var/log/syslog|success|{"size": 17608}
2025-03-21T08:27:31Z|7000|RENAME|/var/log/syslog|success|{}
2025-03-21T08:27:46Z|2|ATTRIBUTE|/tmp/.hidden_script|success|{}
2025-03-21T08:28:10Z|6008|DELETE|/etc/shadow|success|{}
2025-03-21T08:28:21Z|1003|EXECUTE|/var/log/auth.log|success|{}
2025-03-21T08:28:41Z|9101|ATTRIBUTE|/etc/hosts|success|{}
2025-03-21T08:29:08Z|3|EXECUTE|/etc/shadow|failure|{}
2025-03-21T08:29:13Z|9102|RENAME|/etc/hosts|success|{}
2025-03-21T08:29:30Z|5009|READ|/tmp/backdoor.bin|failure|{"suspicious": true, "sequence": 5275}
2025-03-21T08:29:33Z|7000|EXECUTE|/etc/hosts|success|{}
2025-03-21T08:29:34Z|9104|ATTRIBUTE|/var/log/syslog|success|{}
2025-03-21T08:29:39Z|6002|ATTRIBUTE|/etc/hosts|success|{}
2025-03-21T08:29:51Z|5010|WRITE|/tmp/backdoor.bin|success|{"suspicious": true, "sequence": 5279}
2025-03-21T08:30:20Z|6004|ATTRIBUTE|/tmp/.hidden_script|success|{}
2025-03-21T08:30:38Z|7000|DELETE|/etc/cron.d/.hack|success|{}
2025-03-21T08:31:06Z|5006|RENAME|/tmp/.hidden_script|success|{}
2025-03-21T08:31:19Z|7000|READ|/tmp/test.txt|failure|{}
2025-03-21T08:31:30Z|9202|READ|/etc/shadow|success|{}
2025-03-21T08:31:55Z|9202|ATTRIBUTE|/dev/shm/.malware|success|{}
2025-03-21T08:32:01Z|1|READ|/etc/passwd|success|{}
2025-03-21T08:32:23Z|4007|WRITE|/etc/shadow|success|{"size": 411339}
2025-03-21T08:32:32Z|9000|WRITE|/etc/cron.d/.hack|success|{"suspicious": true, "sequence": 5288}
2025-03-21T08:32:33Z|5007|READ|/etc/cron.d/.hack|success|{"suspicious": true, "sequence": 5289}
2025-03-21T08:32:45Z|9101|RENAME|/etc/cron.d/.hack|success|{}
2025-03-21T08:33:00Z|1001|EXECUTE|/home/user/.ssh/id_rsa|failure|{}
2025-03-21T08:33:07Z|7004|EXECUTE|/var/log/syslog|success|{}
2025-03-21T08:33:16Z|4002|ATTRIBUTE|/home/user/documents/report.doc|success|{}
2025-03-21T08:33:41Z|1006|ATTRIBUTE|/etc/shadow|failure|{}
2025-03-21T08:33:57Z|5000|RENAME|/etc/passwd|success|{}
2025-03-21T08:34:26Z|7001|WRITE|/tmp/backdoor.bin|success|{"suspicious": true, "sequence": 5296}
2025-03-21T08:34:49Z|9201|ATTRIBUTE|/var/www/.shell.php|success|{}
2025-03-21T08:35:16Z|9102|RENAME|/var/log/auth.log|success|{}
2025-03-21T08:35:19Z|4|ATTRIBUTE|/home/user/.ssh/id_rsa|success|{}
2025-03-21T08:35:21Z|9103|RENAME|/dev/shm/.malware|success|{}
2025-03-21T08:35:34Z|4019|RENAME|/tmp/.hidden_script|success|{}
2025-03-21T08:36:03Z|9003|DELETE|/home/user/documents/report.doc|success|{}
2025-03-21T08:36:13Z|7002|READ|/var/log/auth.log|success|{}
2025-03-21T08:36:16Z|9101|READ|/etc/shadow|success|{}
2025-03-21T08:36:30Z|5000|WRITE|/home/user/documents/report.doc|success|{"size": 159651}
2025-03-21T08:36:31Z|4|EXECUTE|/home/user/.ssh/id_rsa|failure|{}
2025-03-21T08:36:38Z|4011|READ|/var/www/.shell.php|success|{"suspicious": true, "sequence": 5307}
2025-03-21T08:36:41Z|1007|WRITE|/etc/shadow|success|{"size": 518858}
2025-03-21T08:37:00Z|4025|ATTRIBUTE|/etc/passwd|success|{}
2025-03-21T08:37:18Z|4022|READ|/var/log/auth.log|success|{}
2025-03-21T08:37:26Z|5008|DELETE|/var/www/.shell.php|success|{}
2025-03-21T08:37:34Z|5002|DELETE|/tmp/test.txt|success|{}
2025-03-21T08:37:41Z|9003|RENAME|/var/log/syslog|success|{}
2025-03-21T08:37:52Z|6003|ATTRIBUTE|/home/user/documents/report.doc|success|{}
2025-03-21T08:37:54Z|9001|RENAME|/dev/shm/.malware|success|{}
2025-03-21T08:38:07Z|5|DELETE|/etc/shadow|success|{}
2025-03-21T08:38:19Z|7001|RENAME|/var/www/.shell.php|success|{}
2025-03-21T08:38:27Z|9101|RENAME|/etc/cron.d/.hack|success|{}
2025-03-21T08:38:46Z|9001|READ|/tmp/test.txt|success|{}
2025-03-21T08:39:13Z|1005|ATTRIBUTE|/home/user/documents/report.doc|success|{}
2025-03-21T08:39:39Z|6001|RENAME|/etc/cron.d/.hack|success|{}
2025-03-21T08:40:06Z|5010|ATTRIBUTE|/dev/shm/.malware|success|{}
2025-03-21T08:40:14Z|5003|DELETE|/var/www/.shell.php|success|{}
2025-03-21T08:40:42Z|6009|RENAME|/tmp/backdoor.bin|success|{}
2025-03-21T08:41:07Z|3|EXECUTE|/etc/hosts|success|{}
2025-03-21T08:41:34Z|6000|WRITE|/tmp/test.txt|failure|{"size": 1022547}
2025-03-21T08:41:42Z|9001|WRITE|/dev/shm/.malware|failure|{"suspicious": true, "sequence": 5327}
2025-03-21T08:42:01Z|9204|ATTRIBUTE|/tmp/backdoor.bin|success|{}
2025-03-21T08:42:22Z|9203|DELETE|/etc/hosts|success|{}
2025-03-21T08:42:37Z|9201|ATTRIBUTE|/etc/hosts|success|{}
2025-03-21T08:43:03Z|4008|WRITE|/var/log/auth.log|success|{"size": 417538}
2025-03-21T08:43:20Z|9201|ATTRIBUTE|/tmp/backdoor.bin|success|{}
2025-03-21T08:43:39Z|6001|READ|/dev/shm/.malware|failure|{"suspicious": true, "sequence": 5333}
2025-03-21T08:43:54Z|6009|WRITE|/dev/shm/.malware|success|{"suspicious": true, "sequence": 5334}
2025-03-21T08:44:16Z|9202|ATTRIBUTE|/etc/shadow|success|{}
2025-03-21T08:44:33Z|9200|RENAME|/etc/passwd|success|{}
2025-03-21T08:44:48Z|9003|ATTRIBUTE|/etc/shadow|success|{}
2025-03-21T08:44:49Z|5000|ATTRIBUTE|/etc/hosts|success|{}
2025-03-21T08:45:06Z|7001|DELETE|/var/log/auth.log|failure|{}
2025-03-21T08:45:36Z|9000|READ|/tmp/backdoor.bin|success|{"suspicious": true, "sequence": 5340}
2025-03-21T08:46:04Z|6007|EXECUTE|/home/user/documents/report.doc|success|{}
2025-03-21T08:46:23Z|1004|READ|/home/user/.ssh/id_rsa|success|{}
2025-03-21T08:46:52Z|9203|RENAME|/var/log/auth.log|success|{}
2025-03-21T08:47:14Z|9000|RENAME|/etc/cron.d/.hack|success|{}
2025-03-21T08:47:42Z|7003|WRITE|/var/www/.shell.php|success|{"suspicious": true, "sequence": 5345}
2025-03-21T08:47:47Z|6003|ATTRIBUTE|/etc/cron.d/.hack|success|{}
2025-03-21T08:48:03Z|9201|RENAME|/tmp/test.txt|success|{}
2025-03-21T08:48:06Z|9200|RENAME|/home/user/documents/report.doc|success|{}
2025-03-21T08:48:23Z|5002|ATTRIBUTE|/etc/shadow|success|{}
2025-03-21T08:48:47Z|9104|EXECUTE|/var/log/syslog|failure|{}
2025-03-21T08:49:16Z|9201|READ|/var/www/.shell.php|failure|{"suspicious": true, "sequence": 5351}
2025-03-21T08:49:33Z|1013|RENAME|/etc/hosts|success|{}
2025-03-21T08:50:03Z|9004|ATTRIBUTE|/etc/hosts|success|{}
2025-03-21T08:50:19Z|4010|READ|/etc/cron.d/.hack|failure|{"suspicious": true, "sequence": 5354}
2025-03-21T08:50:37Z|9103|DELETE|/tmp/.hidden_script|success|{}
2025-03-21T08:50:59Z|9002|READ|/etc/cron.d/.hack|success|{"suspicious": true, "sequence": 5356}
2025-03-21T08:51:00Z|9100|EXECUTE|/tmp/backdoor.bin|failure|{}
2025-03-21T08:51:19Z|5011|EXECUTE|/etc/shadow|success|{}
2025-03-21T08:51:24Z|9000|DELETE|/var/log/auth.log|success|{}
2025-03-21T08:51:38Z|5004|RENAME|/var/log/syslog|success|{}
2025-03-21T08:52:06Z|9001|READ|/home/user/documents/report.doc|failure|{}
2025-03-21T08:52:24Z|3|WRITE|/etc/shadow|success|{"size": 958402}
2025-03-21T08:52:43Z|7004|ATTRIBUTE|/home/user/.ssh/id_rsa|success|{}
2025-03-21T08:52:54Z|4007|WRITE|/tmp/backdoor.bin|success|{"suspicious": true, "sequence": 5364}
2025-03-21T08:53:08Z|9101|ATTRIBUTE|/etc/hosts|success|{}
2025-03-21T08:53:34Z|9201|RENAME|/dev/shm/.malware|success|{}
2025-03-21T08:53:55Z|5007|DELETE|/tmp/.hidden_script|success|{}
2025-03-21T08:53:59Z|4001|DELETE|/tmp/.hidden_script|success|{}
2025-03-21T08:54:03Z|4021|ATTRIBUTE|/dev/shm/.malware|success|{}
2025-03-21T08:54:19Z|9001|ATTRIBUTE|/var/log/syslog|success|{}
2025-03-21T08:54:37Z|5014|READ|/dev/shm/.malware|success|{"suspicious": true, "sequence": 5371}
2025-03-21T08:55:05Z|1009|EXECUTE|/etc/shadow|success|{}
2025-03-21T08:55:11Z|9103|WRITE|/home/user/.ssh/id_rsa|success|{"size": 618337}
2025-03-21T08:55:16Z|7000|DELETE|/var/log/syslog|success|{}
2025-03-21T08:55:22Z|6006|RENAME|/var/log/syslog|success|{}
2025-03-21T08:55:44Z|9104|EXECUTE|/tmp/test.txt|success|{}
2025-03-21T08:55:45Z|3|DELETE|/tmp/test.txt|success|{}
2025-03-21T08:55:54Z|5007|DELETE|/etc/hosts|success|{}
2025-03-21T08:56:10Z|5|EXECUTE|/tmp/backdoor.bin|success|{}
2025-03-21T08:56:39Z|9003|ATTRIBUTE|/dev/shm/.malware|success|{}
2025-03-21T08:56:49Z|1017|ATTRIBUTE|/tmp/backdoor.bin|failure|{}
2025-03-21T08:57:08Z|5|DELETE|/etc/cron.d/.hack|success|{}
2025-03-21T08:57:32Z|6007|WRITE|/var/log/syslog|success|{"size": 705112}
2025-03-21T08:57:34Z|7001|ATTRIBUTE|/tmp/test.txt|success|{}
2025-03-21T08:58:01Z|9103|EXECUTE|/tmp/backdoor.bin|success|{}
2025-03-21T08:58:11Z|7004|READ|/var/log/auth.log|success|{}
2025-03-21T08:58:27Z|9202|READ|/etc/shadow|success|{}
2025-03-21T08:58:38Z|1005|ATTRIBUTE|/var/www/.shell.php|failure|{}
2025-03-21T08:58:47Z|9100|EXECUTE|/tmp/backdoor.bin|success|{}
2025-03-21T08:59:13Z|5005|ATTRIBUTE|/tmp/.hidden_script|success|{}
2025-03-21T08:59:16Z|4013|DELETE|/tmp/backdoor.bin|failure|{}
2025-03-21T08:59:36Z|6005|READ|/home/user/.ssh/id_rsa|success|{}
2025-03-21T08:59:51Z|6008|EXECUTE|/etc/hosts|success|{}
2025-03-21T09:00:09Z|3|EXECUTE|/tmp/backdoor.bin|success|{}
2025-03-21T09:00:17Z|6009|WRITE|/etc/passwd|success|{"size": 142684}
2025-03-21T09:00:36Z|4000|DELETE|/etc/passwd|success|{}
2025-03-21T09:00:46Z|9200|DELETE|/tmp/backdoor.bin|success|{}
2025-03-21T09:01:03Z|6009|RENAME|/var/log/auth.log|success|{}
2025-03-21T09:01:17Z|1016|DELETE|/etc/cron.d/.hack|success|{}
2025-03-21T09:01:24Z|5005|EXECUTE|/etc/hosts|success|{}
2025-03-21T09:01:35Z|7002|EXECUTE|/tmp/backdoor.bin|success|{}
2025-03-21T09:02:05Z|1007|EXECUTE|/etc/hosts|success|{}
2025-03-21T09:02:27Z|7002|WRITE|/dev/shm/.malware|success|{"suspicious": true, "sequence": 5403}
2025-03-21T09:02:57Z|1009|WRITE|/etc/cron.d/.hack|success|{"suspicious": true, "sequence": 5404}
2025-03-21T09:03:00Z|1007|READ|/dev/shm/.malware|success|{"suspicious": true, "sequence": 5405}
2025-03-21T09:03:02Z|9103|DELETE|/var/www/.shell.php|success|{}
2025-03-21T09:03:13Z|9200|ATTRIBUTE|/etc/cron.d/.hack|success|{}
2025-03-21T09:03:27Z|9002|WRITE|/home/user/.ssh/id_rsa|failure|{"size": 50930}
2025-03-21T09:03:37Z|9004|DELETE|/tmp/.hidden_script|success|{}
2025-03-21T09:03:50Z|7001|RENAME|/etc/hosts|success|{}
2025-03-21T09:04:00Z|1010|ATTRIBUTE|/tmp/.hidden_script|success|{}
2025-03-21T09:04:20Z|7003|DELETE|/tmp/backdoor.bin|failure|{}
2025-03-21T09:04:29Z|1011|ATTRIBUTE|/etc/hosts|success|{}
2025-03-21T09:04:48Z|4018|ATTRIBUTE|/var/log/syslog|success|{}
2025-03-21T09:05:11Z|1|READ|/etc/shadow|success|{}
2025-03-21T09:05:30Z|9204|EXECUTE|/tmp/backdoor.bin|success|{}
2025-03-21T09:05:38Z|9003|ATTRIBUTE|/tmp/test.txt|success|{}
2025-03-21T09:05:40Z|9002|RENAME|/tmp/backdoor.bin|failure|{}
2025-03-21T09:05:52Z|1010|RENAME|/etc/shadow|success|{}
2025-03-21T09:06:01Z|2|RENAME|/var/www/.shell.php|success|{}
2025-03-21T09:06:14Z|6007|DELETE|/home/user/.ssh/id_rsa|success|{}
2025-03-21T09:06:29Z|6005|WRITE|/var/log/syslog|success|{"size": 549563}
2025-03-21T09:06:43Z|9100|RENAME|/var/www/.shell.php|success|{}
2025-03-21T09:07:02Z|9002|WRITE|/home/user/documents/report.doc|success|{"size": 889767}
2025-03-21T09:07:17Z|6007|DELETE|/home/user/.ssh/id_rsa|success|{}
2025-03-21T09:07:35Z|6007|ATTRIBUTE|/dev/shm/.malware|success|{}
2025-03-21T09:07:38Z|7004|ATTRIBUTE|/var/log/syslog|success|{}
2025-03-21T09:07:39Z|9200|READ|/dev/shm/.malware|success|{"suspicious": true, "sequence": 5428}
2025-03-21T09:07:49Z|9102|EXECUTE|/etc/shadow|failure|{}
2025-03-21T09:07:56Z|5014|EXECUTE|/home/user/.ssh/id_rsa|success|{}
2025-03-21T09:08:16Z|9002|WRITE|/dev/shm/.malware|success|{"suspicious": true, "sequence": 5431}
2025-03-21T09:08:42Z|7001|RENAME|/etc/cron.d/.hack|success|{}
2025-03-21T09:08:52Z|9004|RENAME|/tmp/test.txt|success|{}
2025-03-21T09:09:07Z|7002|DELETE|/tmp/backdoor.bin|success|{}
2025-03-21T09:09:34Z|5011|DELETE|/var/www/.shell.php|success|{}
2025-03-21T09:09:50Z|1002|DELETE|/tmp/backdoor.bin|failure|{}
2025-03-21T09:10:10Z|5009|WRITE|/var/log/auth.log|success|{"size": 984443}
2025-03-21T09:10:37Z|4006|EXECUTE|/etc/shadow|success|{}
2025-03-21T09:10:44Z|7004|DELETE|/etc/passwd|success|{}
2025-03-21T09:10:56Z|9201|READ|/home/user/.ssh/id_rsa|success|{}
2025-03-21T09:11:13Z|9203|WRITE|/var/www/.shell.php|success|{"suspicious": true, "sequence": 5441}
2025-03-21T09:11:32Z|4003|DELETE|/etc/passwd|success|{}
2025-03-21T09:11:56Z|6000|READ|/tmp/.hidden_script|success|{"suspicious": true, "sequence": 5443}
2025-03-21T09:12:05Z|1009|READ|/var/www/.shell.php|success|{"suspicious": true, "sequence": 5444}
2025-03-21T09:12:15Z|5008|READ|/tmp/backdoor.bin|success|{"suspicious": true, "sequence": 5445}
2025-03-21T09:12:42Z|4027|ATTRIBUTE|/home/user/.ssh/id_rsa|success|{}
2025-03-21T09:13:12Z|9104|WRITE|/home/user/documents/report.doc|success|{"size": 661610}
2025-03-21T09:13:18Z|1016|RENAME|/etc/hosts|success|{}
2025-03-21T09:13:39Z|6001|RENAME|/var/www/.shell.php|success|{}
2025-03-21T09:13:52Z|9201|DELETE|/etc/shadow|success|{}
2025-03-21T09:14:03Z|9102|DELETE|/etc/cron.d/.hack|success|{}
2025-03-21T09:14:28Z|4003|ATTRIBUTE|/var/log/syslog|success|{}
2025-03-21T09:14:46Z|1000|ATTRIBUTE|/home/user/documents/report.doc|success|{}
2025-03-21T09:15:02Z|6008|WRITE|/etc/shadow|success|{"size": 780943}
2025-03-21T09:15:06Z|4002|RENAME|/etc/hosts|success|{}
2025-03-21T09:15:24Z|9204|DELETE|/etc/shadow|success|{}
2025-03-21T09:15:39Z|7000|WRITE|/dev/shm/.malware|success|{"suspicious": true, "sequence": 5457}
2025-03-21T09:15:44Z|9203|DELETE|/home/user/.ssh/id_rsa|success|{}
2025-03-21T09:16:04Z|6007|DELETE|/etc/hosts|success|{}
2025-03-21T09:16:33Z|4022|READ|/dev/shm/.malware|success|{"suspicious": true, "sequence": 5460}
2025-03-21T09:16:39Z|9100|ATTRIBUTE|/tmp/.hidden_script|success|{}
2025-03-21T09:16:51Z|9004|DELETE|/tmp/test.txt|success|{}
2025-03-21T09:17:05Z|4029|ATTRIBUTE|/var/log/syslog|failure|{}
2025-03-21T09:17:31Z|9102|EXECUTE|/etc/cron.d/.hack|success|{}
2025-03-21T09:17:32Z|6006|WRITE|/etc/shadow|success|{"size": 277897}
2025-03-21T09:17:53Z|1011|RENAME|/home/user/documents/report.doc|success|{}
2025-03-21T09:18:21Z|5014|RENAME|/dev/shm/.malware|success|{}
2025-03-21T09:18:28Z|6009|EXECUTE|/tmp/test.txt|success|{}
2025-03-21T09:18:36Z|7004|READ|/dev/shm/.malware|success|{"suspicious": true, "sequence": 5469}
2025-03-21T09:19:01Z|5004|DELETE|/var/www/.shell.php|success|{}
2025-03-21T09:19:07Z|5014|READ|/var/www/.shell.php|success|{"suspicious": true, "sequence": 5471}
2025-03-21T09:19:33Z|5004|WRITE|/var/log/syslog|success|{"size": 446390}
2025-03-21T09:19:56Z|9001|READ|/home/user/.ssh/id_rsa|success|{}
2025-03-21T09:20:07Z|5013|ATTRIBUTE|/tmp/.hidden_script|success|{}
2025-03-21T09:20:35Z|9203|ATTRIBUTE|/etc/hosts|success|{}
2025-03-21T09:20:56Z|9004|READ|/home/user/documents/report.doc|success|{}
2025-03-21T09:21:23Z|4|READ|/home/user/documents/report.doc|success|{}
2025-03-21T09:21:53Z|9000|DELETE|/etc/shadow|success|{}
2025-03-21T09:22:19Z|5004|RENAME|/var/log/syslog|success|{}
2025-03-21T09:22:41Z|7000|DELETE|/var/www/.shell.php|success|{}
2025-03-21T09:22:45Z|3|ATTRIBUTE|/home/user/.ssh/id_rsa|success|{}
2025-03-21T09:23:08Z|4018|ATTRIBUTE|/tmp/backdoor.bin|success|{}
2025-03-21T09:23:25Z|1013|WRITE|/tmp/test.txt|failure|{"size": 87713}
2025-03-21T09:23:37Z|5005|ATTRIBUTE|/etc/cron.d/.hack|success|{}
2025-03-21T09:23:54Z|4|READ|/dev/shm/.malware|success|{"suspicious": true, "sequence": 5485}
2025-03-21T09:24:08Z|9203|RENAME|/tmp/backdoor.bin|failure|{}
2025-03-21T09:24:19Z|9201|DELETE|/etc/cron.d/.hack|success|{}
2025-03-21T09:24:40Z|4011|WRITE|/tmp/test.txt|success|{"size": 794560}
2025-03-21T09:25:08Z|7001|DELETE|/tmp/backdoor.bin|success|{}
2025-03-21T09:25:32Z|4007|READ|/etc/passwd|success|{}
2025-03-21T09:25:33Z|7004|READ|/etc/cron.d/.hack|success|{"suspicious": true, "sequence": 5491}
2025-03-21T09:26:01Z|3|DELETE|/var/log/auth.log|success|{}
2025-03-21T09:26:17Z|9104|EXECUTE|/home/user/documents/report.doc|success|{}
2025-03-21T09:26:30Z|7003|EXECUTE|/tmp/test.txt|success|{}
2025-03-21T09:26:34Z|4002|WRITE|/var/log/auth.log|success|{"size": 231619}
2025-03-21T09:26:36Z|9200|READ|/dev/shm/.malware|failure|{"suspicious": true, "sequence": 5496}
2025-03-21T09:26:38Z|1001|WRITE|/tmp/test.txt|success|{"size": 636585}
2025-03-21T09:26:41Z|5003|WRITE|/tmp/.hidden_script|success|{"suspicious": true, "sequence": 5498}
2025-03-21T09:26:53Z|9004|RENAME|/tmp/.hidden_script|failure|{}
2025-03-21T09:27:20Z|1012|RENAME|/etc/shadow|success|{}
2025-03-21T09:27:25Z|1|DELETE|/home/user/documents/report.doc|success|{}
2025-03-21T09:27:30Z|9000|READ|/var/log/syslog|failure|{}
2025-03-21T09:27:43Z|5003|ATTRIBUTE|/home/user/.ssh/id_rsa|success|{}
2025-03-21T09:27:54Z|9202|RENAME|/dev/shm/.malware|success|{}
2025-03-21T09:28:01Z|9002|READ|/etc/shadow|success|{}
2025-03-21T09:28:26Z|1000|WRITE|/var/log/auth.log|success|{"size": 649665}
2025-03-21T09:28:41Z|7002|WRITE|/etc/passwd|success|{"size": 1025685}
2025-03-21T09:28:44Z|6008|READ|/etc/passwd|success|{}
2025-03-21T09:28:50Z|5012|EXECUTE|/home/user/.ssh/id_rsa|success|{}
2025-03-21T09:29:15Z|4009|READ|/etc/shadow|success|{}
2025-03-21T09:29:42Z|9103|DELETE|/tmp/backdoor.bin|success|{}
2025-03-21T09:30:12Z|9200|DELETE|/etc/cron.d/.hack|success|{}
2025-03-21T09:30:16Z|4005|ATTRIBUTE|/tmp/backdoor.bin|success|{}
2025-03-21T09:30:40Z|6001|DELETE|/etc/passwd|success|{}
2025-03-21T09:30:53Z|5001|WRITE|/home/user/.ssh/id_rsa|success|{"size": 210855}
2025-03-21T09:31:16Z|9200|RENAME|/dev/shm/.malware|success|{}
2025-03-21T09:31:32Z|5012|WRITE|/tmp/test.txt|failure|{"size": 1035912}
2025-03-21T09:32:00Z|9004|DELETE|/home/user/documents/report.doc|success|{}
2025-03-21T09:32:14Z|7003|DELETE|/var/www/.shell.php|success|{}
2025-03-21T09:32:29Z|9203|EXECUTE|/var/www/.shell.php|success|{}
2025-03-21T09:32:41Z|4005|READ|/var/log/syslog|success|{}
2025-03-21T09:32:49Z|9200|RENAME|/etc/hosts|success|{}
2025-03-21T09:32:54Z|6007|DELETE|/home/user/.ssh/id_rsa|success|{}
2025-03-21T09:33:18Z|2|RENAME|/tmp/.hidden_script|success|{}
2025-03-21T09:33:36Z|4015|READ|/etc/cron.d/.hack|success|{"suspicious": true, "sequence": 5525}
2025-03-21T09:33:47Z|9200|READ|/home/user/documents/report.doc|success|{}
2025-03-21T09:34:11Z|7004|WRITE|/var/log/auth.log|success|{"size": 406696}
2025-03-21T09:34:28Z|6005|ATTRIBUTE|/dev/shm/.malware|success|{}
2025-03-21T09:34:47Z|4|RENAME|/dev/shm/.malware|success|{}
2025-03-21T09:35:11Z|5|DELETE|/home/user/.ssh/id_rsa|success|{}
2025-03-21T09:35:17Z|9001|EXECUTE|/etc/passwd|success|{}
2025-03-21T09:35:25Z|4020|EXECUTE|/tmp/.hidden_script|success|{}
2025-03-21T09:35:39Z|7002|WRITE|/var/log/auth.log|failure|{"size": 162597}
2025-03-21T09:35:45Z|4003|EXECUTE|/etc/cron.d/.hack|success|{}
2025-03-21T09:36:04Z|5012|WRITE|/tmp/.hidden_script|success|{"suspicious": true, "sequence": 5535}
2025-03-21T09:36:32Z|9203|WRITE|/etc/hosts|success|{"size": 21523}
2025-03-21T09:37:01Z|2|DELETE|/etc/cron.d/.hack|failure|{}
2025-03-21T09:37:12Z|9001|RENAME|/etc/passwd|success|{}
2025-03-21T09:37:39Z|2|EXECUTE|/dev/shm/.malware|success|{}
2025-03-21T09:38:01Z|9102|RENAME|/etc/passwd|success|{}
2025-03-21T09:38:12Z|5005|READ|/home/user/.ssh/id_rsa|failure|{}
2025-03-21T09:38:41Z|6003|RENAME|/var/log/auth.log|success|{}
2025-03-21T09:39:09Z|1010|WRITE|/var/log/syslog|success|{"size": 875863}
2025-03-21T09:39:26Z|4022|WRITE|/etc/shadow|success|{"size": 274212}
2025-03-21T09:39:53Z|9003|RENAME|/tmp/.hidden_script|success|{}
2025-03-21T09:40:22Z|9204|DELETE|/tmp/backdoor.bin|success|{}
2025-03-21T09:40:49Z|5|DELETE|/tmp/backdoor.bin|success|{}
2025-03-21T09:40:52Z|5008|ATTRIBUTE|/var/www/.shell.php|success|{}
2025-03-21T09:41:01Z|9200|WRITE|/etc/shadow|success|{"size": 938037}
2025-03-21T09:41:08Z|4|EXECUTE|/tmp/backdoor.bin|success|{}
2025-03-21T09:41:09Z|9103|DELETE|/var/log/auth.log|success|{}
2025-03-21T09:41:14Z|4011|EXECUTE|/var/log/syslog|success|{}
2025-03-21T09:41:32Z|1015|WRITE|/var/log/syslog|failure|{"size": 338983}
2025-03-21T09:41:45Z|7000|DELETE|/var/log/auth.log|success|{}
2025-03-21T09:41:57Z|5010|ATTRIBUTE|/etc/passwd|success|{}
2025-03-21T09:41:59Z|1006|WRITE|/etc/passwd|success|{"size": 422713}
2025-03-21T09:42:11Z|1|WRITE|/home/user/.ssh/id_rsa|success|{"size": 696607}
2025-03-21T09:42:15Z|2|EXECUTE|/etc/cron.d/.hack|success|{}
2025-03-21T09:42:43Z|1017|ATTRIBUTE|/var/www/.shell.php|success|{}
2025-03-21T09:43:00Z|9003|RENAME|/home/user/documents/report.doc|failure|{}
2025-03-21T09:43:01Z|1008|WRITE|/tmp/test.txt|success|{"size": 377578}
2025-03-21T09:43:25Z|4018|RENAME|/var/log/auth.log|success|{}
2025-03-21T09:43:29Z|5003|RENAME|/etc/cron.d/.hack|success|{}
2025-03-21T09:43:32Z|7002|DELETE|/etc/passwd|success|{}
2025-03-21T09:43:38Z|6009|DELETE|/tmp/backdoor.bin|success|{}
2025-03-21T09:44:06Z|1005|DELETE|/var/www/.shell.php|success|{}
2025-03-21T09:44:35Z|1010|ATTRIBUTE|/etc/passwd|success|{}
2025-03-21T09:45:04Z|9204|ATTRIBUTE|/var/log/auth.log|success|{}
2025-03-21T09:45:08Z|5|READ|/var/log/auth.log|failure|{}
2025-03-21T09:45:28Z|4001|RENAME|/var/log/syslog|success|{}
2025-03-21T09:45:34Z|9103|DELETE|/dev/shm/.malware|success|{}
2025-03-21T09:45:59Z|1018|EXECUTE|/etc/hosts|success|{}
2025-03-21T09:46:20Z|9203|ATTRIBUTE|/etc/cron.d/.hack|success|{}
2025-03-21T09:46:48Z|1006|READ|/etc/shadow|success|{}
2025-03-21T09:47:04Z|4002|EXECUTE|/var/log/syslog|success|{}
2025-03-21T09:47:14Z|6007|READ|/tmp/.hidden_script|success|{"suspicious": true, "sequence": 5576}
2025-03-21T09:47:17Z|9102|RENAME|/home/user/documents/report.doc|success|{}
2025-03-21T09:47:38Z|5001|RENAME|/var/www/.shell.php|success|{}
2025-03-21T09:48:05Z|4015|ATTRIBUTE|/etc/passwd|success|{}
2025-03-21T09:48:32Z|5014|WRITE|/home/user/.ssh/id_rsa|success|{"size": 411542}
2025-03-21T09:48:44Z|4014|READ|/tmp/test.txt|success|{}
2025-03-21T09:48:55Z|9003|RENAME|/etc/passwd|success|{}
2025-03-21T09:48:58Z|9101|DELETE|/var/www/.shell.php|success|{}
2025-03-21T09:49:23Z|7000|WRITE|/etc/passwd|success|{"size": 456046}
2025-03-21T09:49:52Z|1005|ATTRIBUTE|/var/log/auth.log|success|{}
2025-03-21T09:50:11Z|2|RENAME|/home/user/documents/report.doc|success|{}
2025-03-21T09:50:33Z|9101|DELETE|/var/www/.shell.php|success|{}
2025-03-21T09:50:46Z|9104|EXECUTE|/home/user/documents/report.doc|success|{}
2025-03-21T09:50:54Z|4017|EXECUTE|/tmp/backdoor.bin|success|{}
2025-03-21T09:51:09Z|3|RENAME|/dev/shm/.malware|success|{}
2025-03-21T09:51:15Z|1005|READ|/var/log/syslog|success|{}
2025-03-21T09:51:43Z|5|ATTRIBUTE|/home/user/documents/report.doc|success|{}
2025-03-21T09:51:46Z|6007|ATTRIBUTE|/home/user/documents/report.doc|success|{}
2025-03-21T09:52:10Z|5014|READ|/home/user/documents/report.doc|success|{}
2025-03-21T09:52:23Z|4014|READ|/tmp/backdoor.bin|success|{"suspicious": true, "sequence": 5595}
2025-03-21T09:52:44Z|4016|WRITE|/etc/hosts|success|{"size": 935758}
2025-03-21T09:52:59Z|6002|DELETE|/tmp/test.txt|success|{}
2025-03-21T09:53:19Z|9100|READ|/etc/shadow|success|{}
2025-03-21T09:53:33Z|9200|RENAME|/dev/shm/.malware|success|{}
2025-03-21T09:53:40Z|9000|EXECUTE|/etc/passwd|success|{}
2025-03-21T09:53:53Z|6009|EXECUTE|/tmp/.hidden_script|success|{}
2025-03-21T09:54:19Z|9101|ATTRIBUTE|/tmp/backdoor.bin|success|{}
2025-03-21T09:54:42Z|7000|READ|/var/www/.shell.php|failure|{"suspicious": true, "sequence": 5603}
2025-03-21T09:55:12Z|9001|WRITE|/dev/shm/.malware|success|{"suspicious": true, "sequence": 5604}
2025-03-21T09:55:31Z|6007|DELETE|/home/user/.ssh/id_rsa|success|{}
2025-03-21T09:55:53Z|4024|RENAME|/var/log/syslog|failure|{}
2025-03-21T09:55:57Z|7003|WRITE|/tmp/test.txt|success|{"size": 127857}
2025-03-21T09:56:18Z|1001|READ|/var/www/.shell.php|success|{"suspicious": true, "sequence": 5608}
2025-03-21T09:56:27Z|9203|EXECUTE|/var/log/auth.log|success|{}
2025-03-21T09:56:53Z|9101|WRITE|/etc/passwd|success|{"size": 402144}
2025-03-21T09:57:10Z|9000|READ|/tmp/test.txt|success|{}
2025-03-21T09:57:37Z|4006|READ|/tmp/test.txt|success|{}
2025-03-21T09:57:51Z|5013|EXECUTE|/etc/passwd|success|{}
2025-03-21T09:57:56Z|3|DELETE|/home/user/.ssh/id_rsa|success|{}
2025-03-21T09:58:00Z|1010|EXECUTE|/home/user/.ssh/id_rsa|success|{}
2025-03-21T09:58:17Z|6005|READ|/etc/cron.d/.hack|success|{"suspicious": true, "sequence": 5616}
2025-03-21T09:58:34Z|9004|WRITE|/etc/hosts|success|{"size": 156614}
2025-03-21T09:59:01Z|3|DELETE|/home/user/.ssh/id_rsa|success|{}
2025-03-21T09:59:24Z|7001|WRITE|/etc/hosts|success|{"size": 779641}
2025-03-21T09:59:27Z|1002|WRITE|/tmp/backdoor.bin|success|{"suspicious": true, "sequence": 5620}
2025-03-21T09:59:33Z|7001|EXECUTE|/etc/cron.d/.hack|success|{}
2025-03-21T09:59:46Z|1017|READ|/var/log/syslog|success|{}
2025-03-21T10:00:04Z|1006|WRITE|/var/www/.shell.php|success|{"suspicious": true, "sequence": 5623}
2025-03-21T10:00:13Z|9000|DELETE|/etc/passwd|success|{}
2025-03-21T10:00:25Z|9103|READ|/dev/shm/.malware|success|{"suspicious": true, "sequence": 5625}
2025-03-21T10:00:55Z|9202|EXECUTE|/home/user/.ssh/id_rsa|success|{}
2025-03-21T10:01:21Z|5000|WRITE|/home/user/documents/report.doc|success|{"size": 916068}
2025-03-21T10:01:38Z|5007|EXECUTE|/dev/shm/.malware|success|{}
2025-03-21T10:01:47Z|9203|ATTRIBUTE|/var/www/.shell.php|success|{}
2025-03-21T10:01:57Z|9204|ATTRIBUTE|/etc/shadow|success|{}
2025-03-21T10:02:15Z|9101|WRITE|/etc/cron.d/.hack|success|{"suspicious": true, "sequence": 5631}
2025-03-21T10:02:40Z|6007|EXECUTE|/etc/shadow|failure|{}
2025-03-21T10:03:06Z|3|DELETE|/tmp/.hidden_script|success|{}
2025-03-21T10:03:18Z|9202|ATTRIBUTE|/etc/cron.d/.hack|success|{}
2025-03-21T10:03:22Z|4006|READ|/tmp/.hidden_script|success|{"suspicious": true, "sequence": 5635}
2025-03-21T10:03:33Z|9201|ATTRIBUTE|/var/www/.shell.php|success|{}
2025-03-21T10:03:51Z|7000|ATTRIBUTE|/etc/passwd|success|{}
2025-03-21T10:04:05Z|9202|READ|/home/user/.ssh/id_rsa|success|{}
2025-03-21T10:04:25Z|6004|DELETE|/dev/shm/.malware|success|{}
2025-03-21T10:04:40Z|1014|ATTRIBUTE|/etc/cron.d/.hack|success|{}
2025-03-21T10:04:45Z|6002|EXECUTE|/var/www/.shell.php|success|{}
2025-03-21T10:04:54Z|5003|ATTRIBUTE|/tmp/test.txt|success|{}
2025-03-21T10:05:21Z|6001|ATTRIBUTE|/home/user/.ssh/id_rsa|success|{}
2025-03-21T10:05:49Z|6005|RENAME|/dev/shm/.malware|failure|{}
2025-03-21T10:06:08Z|9202|WRITE|/tmp/backdoor.bin|success|{"suspicious": true, "sequence": 5645}
2025-03-21T10:06:37Z|5004|READ|/tmp/.hidden_script|success|{"suspicious": true, "sequence": 5646}
2025-03-21T10:06:41Z|1002|EXECUTE|/tmp/backdoor.bin|success|{}
2025-03-21T10:06:46Z|9204|WRITE|/var/log/auth.log|success|{"size": 742689}
2025-03-21T10:07:07Z|7004|ATTRIBUTE|/tmp/.hidden_script|success|{}
2025-03-21T10:07:26Z|9103|READ|/tmp/backdoor.bin|success|{"suspicious": true, "sequence": 5650}
2025-03-21T10:07:34Z|5|RENAME|/var/www/.shell.php|success|{}
2025-03-21T10:07:49Z|7001|READ|/home/user/documents/report.doc|success|{}
2025-03-21T10:07:59Z|9001|WRITE|/etc/cron.d/.hack|success|{"suspicious": true, "sequence": 5653}
2025-03-21T10:08:06Z|1016|RENAME|/etc/passwd|failure|{}
2025-03-21T10:08:31Z|7000|RENAME|/home/user/.ssh/id_rsa|success|{}
2025-03-21T10:08:46Z|4008|RENAME|/home/user/documents/report.doc|success|{}
2025-03-21T10:09:16Z|7004|RENAME|/etc/cron.d/.hack|failure|{}
2025-03-21T10:09:37Z|7000|READ|/home/user/documents/report.doc|success|{}
2025-03-21T10:09:47Z|1011|DELETE|/home/user/.ssh/id_rsa|success|{}
2025-03-21T10:10:01Z|9002|READ|/etc/cron.d/.hack|success|{"suspicious": true, "sequence": 5660}
2025-03-21T10:10:28Z|9204|ATTRIBUTE|/tmp/.hidden_script|success|{}
2025-03-21T10:10:51Z|9001|READ|/etc/hosts|success|{}
2025-03-21T10:10:56Z|9204|READ|/tmp/test.txt|success|{}
2025-03-21T10:11:16Z|3|READ|/tmp/.hidden_script|success|{"suspicious": true, "sequence": 5664}
2025-03-21T10:11:29Z|9003|EXECUTE|/tmp/backdoor.bin|success|{}
2025-03-21T10:11:36Z|9202|DELETE|/dev/shm/.malware|success|{}
2025-03-21T10:12:05Z|5|READ|/etc/passwd|success|{}
2025-03-21T10:12:26Z|4000|EXECUTE|/home/user/documents/report.doc|success|{}
2025-03-21T10:12:45Z|9200|ATTRIBUTE|/tmp/.hidden_script|success|{}
2025-03-21T10:12:55Z|7004|ATTRIBUTE|/var/www/.shell.php|success|{}
2025-03-21T10:12:57Z|9003|ATTRIBUTE|/var/log/syslog|success|{}
2025-03-21T10:13:22Z|9100|DELETE|/var/log/auth.log|success|{}
2025-03-21T10:13:39Z|9102|EXECUTE|/home/user/documents/report.doc|success|{}
2025-03-21T10:13:42Z|5|RENAME|/etc/shadow|success|{}
2025-03-21T10:13:46Z|3|EXECUTE|/etc/passwd|failure|{}
2025-03-21T10:13:53Z|4009|DELETE|/tmp/test.txt|success|{}
2025-03-21T10:14:09Z|1011|DELETE|/etc/cron.d/.hack|success|{}
2025-03-21T10:14:33Z|7002|READ|/tmp/backdoor.bin|success|{"suspicious": true, "sequence": 5678}
2025-03-21T10:14:48Z|9202|EXECUTE|/tmp/backdoor.bin|success|{}
2025-03-21T10:14:52Z|9001|EXECUTE|/etc/hosts|success|{}
2025-03-21T10:15:00Z|7000|EXECUTE|/var/log/syslog|success|{}
2025-03-21T10:15:26Z|5|READ|/tmp/test.txt|success|{}
2025-03-21T10:15:35Z|4020|READ|/dev/shm/.malware|success|{"suspicious": true, "sequence": 5683}
2025-03-21T10:16:05Z|9200|DELETE|/dev/shm/.malware|success|{}
2025-03-21T10:16:13Z|3|RENAME|/etc/passwd|success|{}
2025-03-21T10:16:34Z|5014|ATTRIBUTE|/etc/passwd|success|{}
2025-03-21T10:16:40Z|9101|READ|/var/log/syslog|success|{}
2025-03-21T10:16:55Z|5005|ATTRIBUTE|/etc/passwd|failure|{}
2025-03-21T10:17:20Z|7004|ATTRIBUTE|/tmp/backdoor.bin|success|{}
2025-03-21T10:17:24Z|7001|WRITE|/var/log/syslog|success|{"size": 402256}
2025-03-21T10:17:31Z|7000|READ|/var/log/auth.log|success|{}
2025-03-21T10:17:56Z|1018|EXECUTE|/etc/passwd|success|{}
2025-03-21T10:18:24Z|5008|EXECUTE|/tmp/.hidden_script|success|{}
2025-03-21T10:18:44Z|9103|EXECUTE|/etc/cron.d/.hack|success|{}
2025-03-21T10:19:02Z|4004|WRITE|/tmp/.hidden_script|success|{"suspicious": true, "sequence": 5695}
2025-03-21T10:19:21Z|6004|RENAME|/tmp/test.txt|success|{}
2025-03-21T10:19:43Z|5011|DELETE|/var/log/syslog|success|{}
2025-03-21T10:20:06Z|9102|ATTRIBUTE|/etc/hosts|success|{}
2025-03-21T10:20:17Z|1000|RENAME|/home/user/documents/report.doc|success|{}
2025-03-21T10:20:39Z|2|WRITE|/etc/passwd|success|{"size": 448723}
2025-03-21T10:20:55Z|5002|READ|/var/log/syslog|success|{}
2025-03-21T10:21:00Z|9201|DELETE|/tmp/.hidden_script|failure|{}
2025-03-21T10:21:09Z|9001|DELETE|/etc/cron.d/.hack|success|{}
2025-03-21T10:21:10Z|5001|ATTRIBUTE|/var/log/auth.log|failure|{}
2025-03-21T10:21:24Z|2|WRITE|/var/log/auth.log|success|{"size": 56523}
2025-03-21T10:21:47Z|5014|READ|/var/log/syslog|success|{}
2025-03-21T10:21:59Z|9001|DELETE|/home/user/documents/report.doc|success|{}
2025-03-21T10:22:19Z|5010|RENAME|/home/user/documents/report.doc|success|{}
2025-03-21T10:22:31Z|1002|WRITE|/tmp/.hidden_script|success|{"suspicious": true, "sequence": 5709}
2025-03-21T10:22:34Z|4022|EXECUTE|/tmp/.hidden_script|success|{}
2025-03-21T10:22:35Z|6008|EXECUTE|/home/user/.ssh/id_rsa|success|{}
2025-03-21T10:22:46Z|4028|RENAME|/tmp/backdoor.bin|success|{}
2025-03-21T10:22:55Z|4024|DELETE|/tmp/.hidden_script|success|{}
2025-03-21T10:23:11Z|5005|READ|/etc/passwd|success|{}
2025-03-21T10:23:16Z|6006|READ|/var/log/syslog|success|{}
2025-03-21T10:23:34Z|9202|RENAME|/home/user/documents/report.doc|success|{}
2025-03-21T10:24:02Z|5007|DELETE|/tmp/backdoor.bin|success|{}
2025-03-21T10:24:04Z|9100|READ|/home/user/.ssh/id_rsa|failure|{}
2025-03-21T10:24:33Z|9201|WRITE|/etc/passwd|success|{"size": 394410}
2025-03-21T10:24:54Z|9100|READ|/home/user/.ssh/id_rsa|success|{}
2025-03-21T10:25:02Z|9100|READ|/etc/passwd|success|{}
2025-03-21T10:25:12Z|4008|DELETE|/var/log/syslog|success|{}
2025-03-21T10:25:17Z|1003|WRITE|/var/log/syslog|success|{"size": 329140}
2025-03-21T10:25:29Z|9202|READ|/etc/cron.d/.hack|success|{"suspicious": true, "sequence": 5724}
2025-03-21T10:25:37Z|2|READ|/etc/passwd|success|{}
2025-03-21T10:26:07Z|5008|RENAME|/etc/hosts|success|{}
2025-03-21T10:26:16Z|9103|DELETE|/tmp/backdoor.bin|failure|{}
2025-03-21T10:26:38Z|9000|DELETE|/tmp/test.txt|success|{}
2025-03-21T10:26:39Z|4012|EXECUTE|/tmp/test.txt|success|{}
2025-03-21T10:27:06Z|1009|READ|/etc/hosts|failure|{}
2025-03-21T10:27:09Z|7003|DELETE|/tmp/backdoor.bin|success|{}
2025-03-21T10:27:15Z|7002|EXECUTE|/home/user/documents/report.doc|success|{}
2025-03-21T10:27:31Z|9004|READ|/var/www/.shell.php|failure|{"suspicious": true, "sequence": 5733}
2025-03-21T10:27:38Z|9002|WRITE|/tmp/.hidden_script|success|{"suspicious": true, "sequence": 5734}
2025-03-21T10:27:53Z|1014|ATTRIBUTE|/var/www/.shell.php|success|{}
2025-03-21T10:28:11Z|4014|DELETE|/dev/shm/.malware|success|{}
2025-03-21T10:28:26Z|6009|ATTRIBUTE|/etc/cron.d/.hack|success|{}
2025-03-21T10:28:48Z|7002|READ|/var/www/.shell.php|success|{"suspicious": true, "sequence": 5738}
2025-03-21T10:29:09Z|4020|READ|/tmp/test.txt|success|{}
2025-03-21T10:29:32Z|9103|EXECUTE|/var/log/syslog|success|{}
2025-03-21T10:29:37Z|1009|EXECUTE|/home/user/documents/report.doc|success|{}
2025-03-21T10:30:05Z|9203|ATTRIBUTE|/etc/shadow|success|{}
2025-03-21T10:30:32Z|9103|READ|/var/log/syslog|success|{}
2025-03-21T10:30:34Z|9200|EXECUTE|/home/user/documents/report.doc|failure|{}
2025-03-21T10:30:51Z|1004|WRITE|/var/log/auth.log|success|{"size": 544413}
2025-03-21T10:31:09Z|9103|DELETE|/home/user/.ssh/id_rsa|success|{}
2025-03-21T10:31:38Z|9103|WRITE|/tmp/backdoor.bin|failure|{"suspicious": true, "sequence": 5747}
2025-03-21T10:31:50Z|6005|EXECUTE|/var/log/auth.log|success|{}
2025-03-21T10:31:57Z|1009|EXECUTE|/home/user/.ssh/id_rsa|success|{}
2025-03-21T10:32:19Z|4|EXECUTE|/var/log/syslog|success|{}
2025-03-21T10:32:31Z|2|WRITE|/dev/shm/.malware|success|{"suspicious": true, "sequence": 5751}
2025-03-21T10:32:58Z|2|DELETE|/etc/hosts|success|{}
2025-03-21T10:33:16Z|1007|WRITE|/etc/hosts|success|{"size": 716845}
2025-03-21T10:33:28Z|6006|RENAME|/var/log/auth.log|success|{}
2025-03-21T10:33:58Z|5008|READ|/etc/passwd|success|{}
2025-03-21T10:34:26Z|6004|EXECUTE|/etc/passwd|success|{}
2025-03-21T10:34:42Z|4015|ATTRIBUTE|/tmp/test.txt|success|{}
2025-03-21T10:34:53Z|9201|RENAME|/etc/hosts|success|{}
2025-03-21T10:35:16Z|7001|READ|/tmp/test.txt|success|{}
2025-03-21T10:35:26Z|6009|ATTRIBUTE|/etc/passwd|success|{}
2025-03-21T10:35:44Z|5005|READ|/home/user/documents/report.doc|success|{}
2025-03-21T10:35:58Z|1|ATTRIBUTE|/tmp/test.txt|failure|{}
2025-03-21T10:36:10Z|5008|DELETE|/etc/cron.d/.hack|success|{}
2025-03-21T10:36:29Z|9204|ATTRIBUTE|/etc/hosts|success|{}
2025-03-21T10:36:52Z|4021|READ|/tmp/test.txt|success|{}
2025-03-21T10:37:05Z|9104|EXECUTE|/home/user/documents/report.doc|success|{}
2025-03-21T10:37:10Z|7000|READ|/etc/passwd|success|{}
2025-03-21T10:37:15Z|6002|EXECUTE|/etc/cron.d/.hack|success|{}
2025-03-21T10:37:43Z|3|WRITE|/home/user/.ssh/id_rsa|success|{"size": 674261}
2025-03-21T10:38:12Z|9204|DELETE|/tmp/backdoor.bin|success|{}
2025-03-21T10:38:41Z|7002|ATTRIBUTE|/home/user/.ssh/id_rsa|success|{}
2025-03-21T10:39:03Z|4016|DELETE|/home/user/documents/report.doc|success|{}
2025-03-21T10:39:06Z|4017|DELETE|/tmp/test.txt|success|{}
2025-03-21T10:39:27Z|6000|READ|/tmp/.hidden_script|success|{"suspicious": true, "sequence": 5774}
2025-03-21T10:39:30Z|5012|READ|/var/log/syslog|success|{}
2025-03-21T10:39:31Z|4027|DELETE|/home/user/documents/report.doc|success|{}
2025-03-21T10:39:35Z|1007|READ|/var/log/syslog|success|{}
2025-03-21T10:39:57Z|9202|EXECUTE|/tmp/backdoor.bin|failure|{}
2025-03-21T10:40:26Z|6000|READ|/etc/hosts|success|{}
2025-03-21T10:40:36Z|9003|EXECUTE|/etc/hosts|success|{}
2025-03-21T10:40:39Z|6000|READ|/etc/cron.d/.hack|success|{"suspicious": true, "sequence": 5781}
2025-03-21T10:40:40Z|4024|ATTRIBUTE|/var/log/auth.log|success|{}
2025-03-21T10:40:56Z|7001|ATTRIBUTE|/etc/hosts|success|{}
2025-03-21T10:41:12Z|7000|WRITE|/var/www/.shell.php|success|{"suspicious": true, "sequence": 5784}
2025-03-21T10:41:32Z|1009|ATTRIBUTE|/tmp/test.txt|success|{}
2025-03-21T10:42:01Z|9200|READ|/var/log/syslog|success|{}
2025-03-21T10:42:25Z|6003|DELETE|/tmp/backdoor.bin|success|{}
2025-03-21T10:42:47Z|6003|ATTRIBUTE|/dev/shm/.malware|success|{}
2025-03-21T10:43:04Z|4025|EXECUTE|/tmp/backdoor.bin|success|{}
2025-03-21T10:43:23Z|4001|READ|/home/user/documents/report.doc|success|{}
2025-03-21T10:43:37Z|7003|READ|/var/www/.shell.php|success|{"suspicious": true, "sequence": 5791}
2025-03-21T10:43:44Z|9004|WRITE|/var/www/.shell.php|success|{"suspicious": true, "sequence": 5792}
2025-03-21T10:43:53Z|1009|RENAME|/etc/shadow|failure|{}
2025-03-21T10:44:09Z|9202|READ|/etc/shadow|success|{}
2025-03-21T10:44:16Z|9102|DELETE|/var/log/auth.log|success|{}
2025-03-21T10:44:30Z|9104|WRITE|/tmp/backdoor.bin|success|{"suspicious": true, "sequence": 5796}
2025-03-21T10:44:44Z|5007|WRITE|/etc/hosts|success|{"size": 174624}
2025-03-21T10:45:10Z|5013|EXECUTE|/tmp/backdoor.bin|success|{}
2025-03-21T10:45:40Z|7000|WRITE|/etc/shadow|success|{"size": 632881}
2025-03-21T10:46:08Z|6006|WRITE|/var/www/.shell.php|success|{"suspicious": true, "sequence": 5800}
2025-03-21T10:46:13Z|5003|EXECUTE|/dev/shm/.malware|success|{}
2025-03-21T10:46:42Z|5|DELETE|/home/user/documents/report.doc|success|{}
2025-03-21T10:47:01Z|5000|ATTRIBUTE|/tmp/backdoor.bin|success|{}
2025-03-21T10:47:28Z|1|EXECUTE|/etc/cron.d/.hack|success|{}
2025-03-21T10:47:48Z|1000|READ|/etc/passwd|success|{}
2025-03-21T10:48:08Z|6003|ATTRIBUTE|/var/log/syslog|success|{}
2025-03-21T10:48:26Z|4|WRITE|/home/user/documents/report.doc|success|{"size": 650480}
2025-03-21T10:48:37Z|9100|WRITE|/var/log/auth.log|failure|{"size": 979960}
2025-03-21T10:49:05Z|5009|RENAME|/tmp/.hidden_script|success|{}
2025-03-21T10:49:26Z|1007|DELETE|/dev/shm/.malware|success|{}
2025-03-21T10:49:45Z|9004|ATTRIBUTE|/dev/shm/.malware|success|{}
2025-03-21T10:49:47Z|6000|READ|/etc/cron.d/.hack|success|{"suspicious": true, "sequence": 5812}
2025-03-21T10:50:02Z|4004|READ|/dev/shm/.malware|success|{"suspicious": true, "sequence": 5813}
2025-03-21T10:50:09Z|4019|RENAME|/etc/passwd|success|{}
2025-03-21T10:50:33Z|4|EXECUTE|/tmp/test.txt|success|{}
2025-03-21T10:50:59Z|1014|DELETE|/dev/shm/.malware|success|{}
2025-03-21T10:51:22Z|6002|READ|/etc/cron.d/.hack|success|{"suspicious": true, "sequence": 5817}
2025-03-21T10:51:52Z|5013|RENAME|/tmp/test.txt|success|{}
2025-03-21T10:52:11Z|5|EXECUTE|/home/user/.ssh/id_rsa|success|{}
2025-03-21T10:52:36Z|4012|EXECUTE|/dev/shm/.malware|success|{}
2025-03-21T10:52:46Z|9203|WRITE|/home/user/documents/report.doc|success|{"size": 698813}
2025-03-21T10:53:10Z|3|RENAME|/etc/shadow|success|{}
2025-03-21T10:53:31Z|4023|RENAME|/var/log/auth.log|success|{}
2025-03-21T10:53:39Z|4007|ATTRIBUTE|/etc/hosts|success|{}
2025-03-21T10:53:49Z|5001|READ|/etc/passwd|success|{}
2025-03-21T10:53:52Z|9000|ATTRIBUTE|/home/user/.ssh/id_rsa|failure|{}
2025-03-21T10:54:02Z|9002|ATTRIBUTE|/etc/hosts|success|{}
2025-03-21T10:54:13Z|5008|READ|/home/user/documents/report.doc|failure|{}
2025-03-21T10:54:37Z|9204|ATTRIBUTE|/var/www/.shell.php|success|{}
2025-03-21T10:55:06Z|9100|ATTRIBUTE|/home/user/.ssh/id_rsa|failure|{}
2025-03-21T10:55:35Z|7003|RENAME|/var/log/syslog|success|{}
2025-03-21T10:55:43Z|6007|EXECUTE|/var/log/syslog|failure|{}
2025-03-21T10:55:44Z|9000|RENAME|/etc/shadow|success|{}
2025-03-21T10:56:07Z|7004|READ|/home/user/documents/report.doc|success|{}
2025-03-21T10:56:13Z|4006|ATTRIBUTE|/var/log/auth.log|success|{}
2025-03-21T10:56:38Z|1002|DELETE|/tmp/backdoor.bin|success|{}
2025-03-21T10:57:08Z|1010|RENAME|/etc/passwd|success|{}
2025-03-21T10:57:34Z|7004|READ|/tmp/test.txt|success|{}
2025-03-21T10:57:59Z|4001|ATTRIBUTE|/etc/hosts|success|{}
2025-03-21T10:58:16Z|9202|RENAME|/home/user/documents/report.doc|success|{}
2025-03-21T10:58:37Z|5001|EXECUTE|/var/log/syslog|success|{}
2025-03-21T10:59:03Z|6001|EXECUTE|/home/user/documents/report.doc|success|{}
2025-03-21T10:59:10Z|9003|RENAME|/home/user/documents/report.doc|success|{}
2025-03-21T10:59:40Z|6002|WRITE|/etc/cron.d/.hack|success|{"suspicious": true, "sequence": 5844}
2025-03-21T10:59:42Z|3|ATTRIBUTE|/tmp/backdoor.bin|success|{}
2025-03-21T11:00:08Z|1014|EXECUTE|/var/log/syslog|success|{}
2025-03-21T11:00:12Z|4001|READ|/home/user/.ssh/id_rsa|success|{}
2025-03-21T11:00:24Z|1012|RENAME|/home/user/.ssh/id_rsa|success|{}
2025-03-21T11:00:33Z|9204|DELETE|/etc/hosts|success|{}
2025-03-21T11:00:46Z|1007|READ|/etc/cron.d/.hack|success|{"suspicious": true, "sequence": 5850}
2025-03-21T11:01:05Z|9002|RENAME|/tmp/test.txt|failure|{}
2025-03-21T11:01:07Z|3|EXECUTE|/etc/cron.d/.hack|success|{}
2025-03-21T11:01:24Z|4|DELETE|/etc/cron.d/.hack|success|{}
2025-03-21T11:01:42Z|6007|RENAME|/home/user/.ssh/id_rsa|success|{}
2025-03-21T11:01:59Z|1008|DELETE|/etc/shadow|success|{}
2025-03-21T11:02:18Z|9002|EXECUTE|/var/www/.shell.php|success|{}
2025-03-21T11:02:27Z|7001|RENAME|/tmp/backdoor.bin|success|{}
2025-03-21T11:02:42Z|5|DELETE|/var/www/.shell.php|success|{}
2025-03-21T11:03:05Z|9003|DELETE|/tmp/test.txt|success|{}
2025-03-21T11:03:12Z|6005|DELETE|/etc/cron.d/.hack|success|{}
2025-03-21T11:03:14Z|9102|EXECUTE|/tmp/test.txt|failure|{}
2025-03-21T11:03:20Z|7001|READ|/etc/passwd|success|{}
2025-03-21T11:03:49Z|9102|ATTRIBUTE|/tmp/.hidden_script|success|{}
2025-03-21T11:03:51Z|2|READ|/tmp/backdoor.bin|success|{"suspicious": true, "sequence": 5864}
2025-03-21T11:04:17Z|9201|DELETE|/var/www/.shell.php|success|{}
2025-03-21T11:04:46Z|9201|ATTRIBUTE|/tmp/backdoor.bin|success|{}
2025-03-21T11:05:02Z|6003|EXECUTE|/etc/cron.d/.hack|success|{}
2025-03-21T11:05:03Z|4025|RENAME|/home/user/documents/report.doc|success|{}
2025-03-21T11:05:33Z|7001|WRITE|/home/user/.ssh/id_rsa|success|{"size": 577485}
2025-03-21T11:05:53Z|1006|EXECUTE|/var/log/auth.log|success|{}
2025-03-21T11:06:19Z|9201|WRITE|/etc/hosts|success|{"size": 632429}
2025-03-21T11:06:27Z|1013|WRITE|/etc/cron.d/.hack|success|{"suspicious": true, "sequence": 5872}
2025-03-21T11:06:41Z|1011|ATTRIBUTE|/home/user/documents/report.doc|success|{}
2025-03-21T11:07:10Z|1001|WRITE|/var/log/auth.log|success|{"size": 943701}
2025-03-21T11:07:12Z|9002|WRITE|/etc/shadow|success|{"size": 678988}
2025-03-21T11:07:29Z|4007|EXECUTE|/var/log/auth.log|success|{}
2025-03-21T11:07:45Z|9203|ATTRIBUTE|/etc/passwd|success|{}
2025-03-21T11:07:56Z|1001|READ|/home/user/documents/report.doc|success|{}
2025-03-21T11:08:15Z|9104|EXECUTE|/home/user/documents/report.doc|failure|{}
2025-03-21T11:08:43Z|6006|WRITE|/home/user/documents/report.doc|success|{"size": 883828}
2025-03-21T11:08:49Z|5|READ|/etc/passwd|success|{}
2025-03-21T11:09:01Z|1011|READ|/tmp/backdoor.bin|success|{"suspicious": true, "sequence": 5882}
2025-03-21T11:09:28Z|6008|DELETE|/dev/shm/.malware|success|{}
2025-03-21T11:09:55Z|9001|EXECUTE|/home/user/.ssh/id_rsa|success|{}
2025-03-21T11:10:24Z|9001|RENAME|/dev/shm/.malware|success|{}
2025-03-21T11:10:54Z|9101|WRITE|/etc/shadow|success|{"size": 803040}
2025-03-21T11:11:20Z|9200|DELETE|/home/user/documents/report.doc|success|{}
2025-03-21T11:11:34Z|1007|WRITE|/tmp/test.txt|success|{"size": 111565}
2025-03-21T11:11:49Z|9101|DELETE|/etc/cron.d/.hack|success|{}
2025-03-21T11:12:13Z|4012|ATTRIBUTE|/dev/shm/.malware|success|{}
2025-03-21T11:12:20Z|5|WRITE|/var/log/syslog|success|{"size": 995310}
2025-03-21T11:12:45Z|4008|READ|/etc/passwd|success|{}
2025-03-21T11:13:05Z|9002|EXECUTE|/etc/cron.d/.hack|success|{}
2025-03-21T11:13:09Z|7002|READ|/var/log/auth.log|success|{}
2025-03-21T11:13:16Z|7004|READ|/etc/passwd|success|{}
2025-03-21T11:13:41Z|9203|ATTRIBUTE|/tmp/backdoor.bin|success|{}
2025-03-21T11:14:08Z|9102|ATTRIBUTE|/var/log/syslog|success|{}
2025-03-21T11:14:26Z|7000|DELETE|/home/user/.ssh/id_rsa|success|{}
2025-03-21T11:14:50Z|7000|DELETE|/tmp/backdoor.bin|success|{}
2025-03-21T11:14:59Z|5|WRITE|/var/www/.shell.php|failure|{"suspicious": true, "sequence": 5900}
2025-03-21T11:15:14Z|4009|READ|/tmp/.hidden_script|success|{"suspicious": true, "sequence": 5901}
2025-03-21T11:15:28Z|7003|ATTRIBUTE|/home/user/.ssh/id_rsa|success|{}
2025-03-21T11:15:38Z|7000|WRITE|/var/www/.shell.php|success|{"suspicious": true, "sequence": 5903}
2025-03-21T11:15:54Z|4011|EXECUTE|/var/log/syslog|success|{}
2025-03-21T11:16:23Z|7002|ATTRIBUTE|/var/www/.shell.php|success|{}
2025-03-21T11:16:40Z|1|READ|/etc/shadow|success|{}
2025-03-21T11:16:47Z|6004|READ|/etc/cron.d/.hack|success|{"suspicious": true, "sequence": 5907}
2025-03-21T11:16:56Z|9203|DELETE|/tmp/backdoor.bin|success|{}
2025-03-21T11:17:10Z|4001|WRITE|/tmp/backdoor.bin|success|{"suspicious": true, "sequence": 5909}
2025-03-21T11:17:26Z|9004|ATTRIBUTE|/tmp/test.txt|success|{}
2025-03-21T11:17:56Z|1003|DELETE|/home/user/documents/report.doc|success|{}
2025-03-21T11:18:24Z|9000|READ|/tmp/backdoor.bin|success|{"suspicious": true, "sequence": 5912}
2025-03-21T11:18:28Z|3|ATTRIBUTE|/var/log/auth.log|success|{}
2025-03-21T11:18:39Z|4020|RENAME|/var/log/auth.log|success|{}
2025-03-21T11:18:52Z|7003|DELETE|/home/user/documents/report.doc|failure|{}
2025-03-21T11:19:07Z|7000|DELETE|/home/user/.ssh/id_rsa|success|{}
2025-03-21T11:19:29Z|6005|WRITE|/var/log/syslog|success|{"size": 492508}
2025-03-21T11:19:49Z|1016|EXECUTE|/tmp/backdoor.bin|success|{}
2025-03-21T11:20:00Z|9203|READ|/home/user/documents/report.doc|success|{}
2025-03-21T11:20:03Z|9103|WRITE|/etc/hosts|success|{"size": 301587}
2025-03-21T11:20:06Z|9001|ATTRIBUTE|/var/www/.shell.php|success|{}
2025-03-21T11:20:07Z|7004|READ|/etc/shadow|success|{}
2025-03-21T11:20:12Z|5|EXECUTE|/var/log/auth.log|success|{}
2025-03-21T11:20:15Z|1013|RENAME|/etc/shadow|success|{}
2025-03-21T11:20:38Z|5010|WRITE|/etc/hosts|success|{"size": 367307}
2025-03-21T11:20:40Z|4012|WRITE|/var/log/auth.log|success|{"size": 725100}
2025-03-21T11:20:41Z|5|RENAME|/var/log/syslog|success|{}
2025-03-21T11:20:46Z|5014|READ|/dev/shm/.malware|success|{"suspicious": true, "sequence": 5928}
2025-03-21T11:20:56Z|9000|WRITE|/tmp/test.txt|success|{"size": 815937}
2025-03-21T11:21:01Z|5000|READ|/etc/passwd|success|{}
2025-03-21T11:21:27Z|9003|DELETE|/dev/shm/.malware|success|{}
2025-03-21T11:21:35Z|9002|READ|/etc/cron.d/.hack|success|{"suspicious": true, "sequence": 5932}
2025-03-21T11:21:51Z|4008|WRITE|/tmp/backdoor.bin|success|{"suspicious": true, "sequence": 5933}
2025-03-21T11:21:58Z|9202|RENAME|/var/www/.shell.php|success|{}
2025-03-21T11:22:27Z|5002|ATTRIBUTE|/tmp/backdoor.bin|success|{}
2025-03-21T11:22:57Z|9001|RENAME|/tmp/.hidden_script|failure|{}
2025-03-21T11:23:13Z|2|WRITE|/tmp/.hidden_script|success|{"suspicious": true, "sequence": 5937}
2025-03-21T11:23:25Z|9203|ATTRIBUTE|/etc/hosts|failure|{}
2025-03-21T11:23:34Z|9101|ATTRIBUTE|/etc/passwd|success|{}
2025-03-21T11:23:43Z|4017|READ|/home/user/documents/report.doc|success|{}
2025-03-21T11:24:08Z|5005|READ|/etc/cron.d/.hack|success|{"suspicious": true, "sequence": 5941}
2025-03-21T11:24:29Z|5|ATTRIBUTE|/etc/cron.d/.hack|success|{}
2025-03-21T11:24:36Z|7001|DELETE|/dev/shm/.malware|success|{}
2025-03-21T11:24:39Z|7004|WRITE|/var/log/syslog|success|{"size": 249312}
2025-03-21T11:24:41Z|1|RENAME|/home/user/.ssh/id_rsa|success|{}
2025-03-21T11:24:42Z|9000|READ|/dev/shm/.malware|failure|{"suspicious": true, "sequence": 5946}
2025-03-21T11:25:08Z|5010|ATTRIBUTE|/tmp/.hidden_script|success|{}
2025-03-21T11:25:24Z|9100|DELETE|/var/log/syslog|success|{}
2025-03-21T11:25:42Z|5005|RENAME|/home/user/.ssh/id_rsa|success|{}
2025-03-21T11:25:54Z|9001|WRITE|/tmp/test.txt|success|{"size": 203864}
2025-03-21T11:26:05Z|3|RENAME|/etc/shadow|success|{}
2025-03-21T11:26:32Z|5001|RENAME|/etc/shadow|failure|{}
2025-03-21T11:26:40Z|9000|EXECUTE|/tmp/test.txt|success|{}
2025-03-21T11:26:50Z|7001|WRITE|/home/user/.ssh/id_rsa|failure|{"size": 1021825}
2025-03-21T11:27:20Z|9202|DELETE|/etc/cron.d/.hack|success|{}
2025-03-21T11:27:33Z|4002|WRITE|/etc/passwd|success|{"size": 767443}
2025-03-21T11:28:01Z|1012|READ|/tmp/backdoor.bin|success|{"suspicious": true, "sequence": 5957}
2025-03-21T11:28:25Z|4012|WRITE|/var/log/syslog|success|{"size": 1023441}
2025-03-21T11:28:48Z|3|READ|/tmp/test.txt|success|{}
2025-03-21T11:29:00Z|1008|WRITE|/var/log/syslog|failure|{"size": 514539}
2025-03-21T11:29:17Z|1006|ATTRIBUTE|/etc/passwd|success|{}
2025-03-21T11:29:28Z|9202|RENAME|/dev/shm/.malware|success|{}
2025-03-21T11:29:47Z|5011|DELETE|/var/www/.shell.php|success|{}
2025-03-21T11:30:03Z|9101|RENAME|/var/www/.shell.php|success|{}
2025-03-21T11:30:25Z|3|RENAME|/etc/shadow|failure|{}
2025-03-21T11:30:54Z|9000|DELETE|/etc/shadow|failure|{}
2025-03-21T11:31:10Z|7003|RENAME|/etc/hosts|success|{}
2025-03-21T11:31:23Z|7001|EXECUTE|/dev/shm/.malware|success|{}
2025-03-21T11:31:31Z|4|ATTRIBUTE|/home/user/documents/report.doc|success|{}
2025-03-21T11:31:47Z|4014|READ|/etc/hosts|success|{}
2025-03-21T11:31:56Z|9102|READ|/etc/cron.d/.hack|success|{"suspicious": true, "sequence": 5971}
2025-03-21T11:32:17Z|7002|EXECUTE|/etc/hosts|success|{}
2025-03-21T11:32:27Z|5000|DELETE|/var/log/syslog|success|{}
2025-03-21T11:32:47Z|9103|READ|/tmp/.hidden_script|success|{"suspicious": true, "sequence": 5974}
2025-03-21T11:33:00Z|9203|WRITE|/etc/cron.d/.hack|success|{"suspicious": true, "sequence": 5975}
2025-03-21T11:33:06Z|9204|DELETE|/tmp/test.txt|success|{}
2025-03-21T11:33:36Z|7004|EXECUTE|/var/log/syslog|success|{}
2025-03-21T11:33:38Z|9002|ATTRIBUTE|/etc/hosts|success|{}
2025-03-21T11:33:51Z|5002|DELETE|/tmp/test.txt|success|{}
2025-03-21T11:34:20Z|5007|WRITE|/etc/cron.d/.hack|success|{"suspicious": true, "sequence": 5980}
2025-03-21T11:34:38Z|6002|READ|/var/log/syslog|success|{}
2025-03-21T11:34:59Z|4002|ATTRIBUTE|/var/www/.shell.php|success|{}
2025-03-21T11:35:29Z|4005|DELETE|/home/user/.ssh/id_rsa|success|{}
2025-03-21T11:35:45Z|5003|READ|/var/log/syslog|success|{}
2025-03-21T11:35:53Z|5005|EXECUTE|/etc/shadow|success|{}
2025-03-21T11:36:05Z|9002|ATTRIBUTE|/var/log/syslog|success|{}
2025-03-21T11:36:32Z|1013|EXECUTE|/var/www/.shell.php|success|{}
2025-03-21T11:36:47Z|9003|ATTRIBUTE|/etc/cron.d/.hack|success|{}
2025-03-21T11:37:01Z|1016|ATTRIBUTE|/var/log/syslog|success|{}
2025-03-21T11:37:30Z|7003|WRITE|/etc/passwd|success|{"size": 839468}
2025-03-21T11:37:47Z|5|EXECUTE|/dev/shm/.malware|success|{}
2025-03-21T11:38:00Z|9202|RENAME|/home/user/.ssh/id_rsa|success|{}
2025-03-21T11:38:29Z|4009|RENAME|/var/www/.shell.php|success|{}
2025-03-21T11:38:53Z|5000|DELETE|/var/log/auth.log|success|{}
2025-03-21T11:39:11Z|9003|READ|/tmp/.hidden_script|success|{"suspicious": true, "sequence": 5995}
2025-03-21T11:39:25Z|9004|EXECUTE|/etc/cron.d/.hack|success|{}
2025-03-21T11:39:55Z|9101|READ|/etc/hosts|success|{}
2025-03-21T11:40:06Z|6000|ATTRIBUTE|/etc/hosts|success|{}
2025-03-21T11:40:33Z|4003|WRITE|/tmp/.hidden_script|failure|{"suspicious": true, "sequence": 5999}
2025-03-21T11:41:03Z|5012|ATTRIBUTE|/home/user/documents/report.doc|success|{}
2025-03-21T11:41:10Z|5|ATTRIBUTE|/tmp/.hidden_script|success|{}
2025-03-21T11:41:35Z|4|DELETE|/dev/shm/.malware|success|{}
2025-03-21T11:41:56Z|5001|DELETE|/var/www/.shell.php|success|{}
2025-03-21T11:42:24Z|7004|WRITE|/etc/shadow|success|{"size": 791057}
2025-03-21T11:42:27Z|4024|RENAME|/var/log/auth.log|success|{}
2025-03-21T11:42:53Z|6009|DELETE|/home/user/documents/report.doc|success|{}
2025-03-21T11:42:58Z|9103|ATTRIBUTE|/etc/shadow|success|{}
2025-03-21T11:43:25Z|4019|WRITE|/etc/hosts|success|{"size": 953299}
2025-03-21T11:43:54Z|9202|WRITE|/var/log/auth.log|success|{"size": 888421}
2025-03-21T11:44:00Z|9104|READ|/tmp/test.txt|success|{}
2025-03-21T11:44:18Z|6000|DELETE|/etc/shadow|success|{}
2025-03-21T11:44:34Z|6003|ATTRIBUTE|/etc/passwd|success|{}
2025-03-21T11:44:37Z|5012|DELETE|/etc/hosts|success|{}
2025-03-21T11:45:02Z|5005|EXECUTE|/etc/shadow|success|{}
2025-03-21T11:45:19Z|9100|RENAME|/etc/cron.d/.hack|success|{}
2025-03-21T11:45:26Z|5|RENAME|/etc/hosts|success|{}
2025-03-21T11:45:43Z|6009|EXECUTE|/home/user/documents/report.doc|success|{}
2025-03-21T11:45:50Z|7000|DELETE|/var/www/.shell.php|success|{}
2025-03-21T11:45:59Z|7003|DELETE|/dev/shm/.malware|success|{}
2025-03-21T11:46:19Z|9201|READ|/dev/shm/.malware|success|{"suspicious": true, "sequence": 6020}
2025-03-21T11:46:40Z|4008|RENAME|/var/log/auth.log|success|{}
2025-03-21T11:46:54Z|4020|RENAME|/var/www/.shell.php|success|{}
2025-03-21T11:46:57Z|5007|EXECUTE|/var/log/syslog|success|{}
2025-03-21T11:47:03Z|9203|DELETE|/home/user/.ssh/id_rsa|success|{}
2025-03-21T11:47:14Z|5012|READ|/dev/shm/.malware|success|{"suspicious": true, "sequence": 6025}
2025-03-21T11:47:27Z|9202|DELETE|/home/user/documents/report.doc|success|{}
2025-03-21T11:47:49Z|9103|RENAME|/var/www/.shell.php|success|{}
2025-03-21T11:48:13Z|4027|EXECUTE|/dev/shm/.malware|success|{}
2025-03-21T11:48:25Z|9204|EXECUTE|/home/user/documents/report.doc|failure|{}
2025-03-21T11:48:29Z|5007|WRITE|/etc/cron.d/.hack|success|{"suspicious": true, "sequence": 6030}
2025-03-21T11:48:45Z|9004|ATTRIBUTE|/var/log/syslog|success|{}
2025-03-21T11:48:58Z|9103|READ|/etc/passwd|success|{}
2025-03-21T11:49:14Z|5008|EXECUTE|/var/log/auth.log|failure|{}
2025-03-21T11:49:21Z|1001|ATTRIBUTE|/tmp/.hidden_script|success|{}
2025-03-21T11:49:40Z|9000|RENAME|/tmp/.hidden_script|success|{}
2025-03-21T11:49:59Z|6007|ATTRIBUTE|/var/log/auth.log|failure|{}
2025-03-21T11:50:04Z|7001|ATTRIBUTE|/etc/cron.d/.hack|success|{}
2025-03-21T11:50:26Z|5012|WRITE|/var/www/.shell.php|success|{"suspicious": true, "sequence": 6038}
2025-03-21T11:50:46Z|5013|READ|/home/user/.ssh/id_rsa|success|{}
2025-03-21T11:50:51Z|9104|DELETE|/var/log/syslog|success|{}
2025-03-21T11:51:14Z|4028|DELETE|/var/www/.shell.php|success|{}
2025-03-21T11:51:43Z|9204|READ|/var/www/.shell.php|success|{"suspicious": true, "sequence": 6042}
2025-03-21T11:51:49Z|9100|ATTRIBUTE|/tmp/test.txt|success|{}
2025-03-21T11:52:07Z|5|RENAME|/etc/shadow|success|{}
2025-03-21T11:52:25Z|1005|WRITE|/var/log/syslog|success|{"size": 282602}
2025-03-21T11:52:35Z|9202|ATTRIBUTE|/etc/hosts|success|{}
2025-03-21T11:52:52Z|4005|DELETE|/etc/cron.d/.hack|success|{}
2025-03-21T11:53:18Z|7004|DELETE|/tmp/test.txt|success|{}
2025-03-21T11:53:40Z|9104|DELETE|/tmp/.hidden_script|success|{}
2025-03-21T11:53:50Z|4009|WRITE|/tmp/test.txt|success|{"size": 175170}
2025-03-21T11:54:19Z|9100|READ|/tmp/backdoor.bin|success|{"suspicious": true, "sequence": 6051}
2025-03-21T11:54:49Z|5013|ATTRIBUTE|/home/user/.ssh/id_rsa|success|{}
2025-03-21T11:55:12Z|1017|ATTRIBUTE|/var/log/syslog|success|{}
2025-03-21T11:55:27Z|7002|RENAME|/etc/cron.d/.hack|success|{}
2025-03-21T11:55:48Z|5002|DELETE|/var/log/auth.log|success|{}
2025-03-21T11:56:04Z|9203|WRITE|/var/log/auth.log|success|{"size": 733374}
2025-03-21T11:56:33Z|9100|EXECUTE|/tmp/.hidden_script|success|{}
2025-03-21T11:56:34Z|9203|ATTRIBUTE|/home/user/documents/report.doc|success|{}
2025-03-21T11:56:58Z|9201|READ|/tmp/test.txt|success|{}
2025-03-21T11:57:28Z|9204|READ|/tmp/backdoor.bin|success|{"suspicious": true, "sequence": 6060}
2025-03-21T11:57:55Z|6009|RENAME|/etc/passwd|success|{}
2025-03-21T11:58:08Z|1012|RENAME|/home/user/.ssh/id_rsa|success|{}
2025-03-21T11:58:24Z|4002|EXECUTE|/etc/hosts|failure|{}
2025-03-21T11:58:49Z|9204|DELETE|/etc/passwd|failure|{}
2025-03-21T11:59:15Z|3|DELETE|/var/log/auth.log|failure|{}
2025-03-21T11:59:31Z|1014|EXECUTE|/tmp/.hidden_script|success|{}
2025-03-21T11:59:59Z|7003|EXECUTE|/tmp/.hidden_script|success|{}
2025-03-21T12:00:16Z|9101|WRITE|/home/user/documents/report.doc|failure|{"size": 781039}
2025-03-21T12:00:33Z|1014|EXECUTE|/tmp/.hidden_script|success|{}
2025-03-21T12:00:45Z|9102|ATTRIBUTE|/tmp/test.txt|success|{}
2025-03-21T12:00:49Z|9202|READ|/etc/passwd|success|{}
2025-03-21T12:00:51Z|7004|RENAME|/dev/shm/.malware|success|{}
2025-03-21T12:01:06Z|7003|EXECUTE|/etc/shadow|success|{}
2025-03-21T12:01:16Z|9004|DELETE|/dev/shm/.malware|success|{}
2025-03-21T12:01:34Z|1016|READ|/var/log/syslog|success|{}
2025-03-21T12:02:03Z|5|RENAME|/tmp/.hidden_script|failure|{}
2025-03-21T12:02:15Z|1004|WRITE|/etc/hosts|success|{"size": 34859}
2025-03-21T12:02:18Z|6007|EXECUTE|/etc/passwd|failure|{}
2025-03-21T12:02:42Z|5009|WRITE|/tmp/.hidden_script|success|{"suspicious": true, "sequence": 6079}
2025-03-21T12:03:06Z|9000|READ|/home/user/documents/report.doc|success|{}
2025-03-21T12:03:31Z|9104|EXECUTE|/etc/passwd|failure|{}
2025-03-21T12:03:47Z|1|DELETE|/etc/hosts|success|{}
2025-03-21T12:03:58Z|4007|DELETE|/dev/shm/.malware|success|{}
2025-03-21T12:04:14Z|7002|WRITE|/var/www/.shell.php|success|{"suspicious": true, "sequence": 6084}
2025-03-21T12:04:25Z|9100|READ|/etc/shadow|success|{}
2025-03-21T12:04:37Z|1|READ|/tmp/.hidden_script|failure|{"suspicious": true, "sequence": 6086}
2025-03-21T12:04:54Z|7003|ATTRIBUTE|/etc/passwd|success|{}
2025-03-21T12:04:55Z|7004|READ|/etc/hosts|success|{}
2025-03-21T12:05:10Z|9103|WRITE|/tmp/.hidden_script|failure|{"suspicious": true, "sequence": 6089}
2025-03-21T12:05:28Z|9204|RENAME|/etc/shadow|success|{}
2025-03-21T12:05:32Z|9203|RENAME|/var/www/.shell.php|success|{}
2025-03-21T12:05:42Z|6009|ATTRIBUTE|/etc/passwd|success|{}
2025-03-21T12:06:12Z|9101|WRITE|/dev/shm/.malware|success|{"suspicious": true, "sequence": 6093}
2025-03-21T12:06:24Z|9202|EXECUTE|/tmp/test.txt|success|{}
2025-03-21T12:06:53Z|9004|DELETE|/var/log/auth.log|success|{}
2025-03-21T12:07:01Z|5|ATTRIBUTE|/dev/shm/.malware|success|{}
2025-03-21T12:07:05Z|4027|READ|/tmp/test.txt|success|{}
2025-03-21T12:07:17Z|3|ATTRIBUTE|/dev/shm/.malware|success|{}
2025-03-21T12:07:26Z|4|RENAME|/etc/passwd|success|{}
2025-03-21T12:07:30Z|6004|DELETE|/etc/shadow|success|{}
2025-03-21T12:07:45Z|9201|RENAME|/var/log/syslog|success|{}
2025-03-21T12:08:08Z|6000|READ|/tmp/backdoor.bin|success|{"suspicious": true, "sequence": 6102}
2025-03-21T12:08:14Z|9001|ATTRIBUTE|/etc/passwd|success|{}
2025-03-21T12:08:36Z|9002|WRITE|/dev/shm/.malware|success|{"suspicious": true, "sequence": 6104}
2025-03-21T12:08:55Z|9202|EXECUTE|/tmp/.hidden_script|success|{}
2025-03-21T12:09:04Z|2|EXECUTE|/tmp/.hidden_script|success|{}
2025-03-21T12:09:11Z|7002|EXECUTE|/etc/hosts|failure|{}
2025-03-21T12:09:29Z|4007|WRITE|/etc/hosts|success|{"size": 127269}
2025-03-21T12:09:53Z|9003|DELETE|/home/user/.ssh/id_rsa|success|{}
2025-03-21T12:10:11Z|9200|RENAME|/etc/hosts|success|{}
2025-03-21T12:10:40Z|4|ATTRIBUTE|/home/user/.ssh/id_rsa|success|{}
2025-03-21T12:10:55Z|6002|WRITE|/var/www/.shell.php|success|{"suspicious": true, "sequence": 6112}
2025-03-21T12:11:23Z|3|WRITE|/var/www/.shell.php|failure|{"suspicious": true, "sequence": 6113}
2025-03-21T12:11:25Z|9103|RENAME|/etc/hosts|success|{}
2025-03-21T12:11:55Z|9200|DELETE|/home/user/documents/report.doc|success|{}
2025-03-21T12:12:10Z|7001|DELETE|/home/user/.ssh/id_rsa|success|{}
2025-03-21T12:12:14Z|5012|READ|/dev/shm/.malware|success|{"suspicious": true, "sequence": 6117}
2025-03-21T12:12:24Z|1007|DELETE|/var/log/auth.log|success|{}
2025-03-21T12:12:44Z|7001|WRITE|/etc/passwd|success|{"size": 496259}
2025-03-21T12:13:08Z|7001|DELETE|/tmp/test.txt|success|{}
2025-03-21T12:13:27Z|4009|RENAME|/var/log/syslog|success|{}
2025-03-21T12:13:33Z|4007|READ|/etc/hosts|success|{}
2025-03-21T12:13:48Z|9201|READ|/etc/passwd|success|{}
2025-03-21T12:14:03Z|9100|READ|/tmp/backdoor.bin|success|{"suspicious": true, "sequence": 6124}
2025-03-21T12:14:25Z|6007|DELETE|/dev/shm/.malware|success|{}
2025-03-21T12:14:40Z|9101|ATTRIBUTE|/etc/passwd|success|{}
2025-03-21T12:15:05Z|9103|RENAME|/var/log/syslog|success|{}
2025-03-21T12:15:17Z|3|RENAME|/etc/shadow|failure|{}
2025-03-21T12:15:44Z|9101|ATTRIBUTE|/var/www/.shell.php|success|{}
2025-03-21T12:16:10Z|9003|ATTRIBUTE|/home/user/.ssh/id_rsa|success|{}
2025-03-21T12:16:40Z|4005|WRITE|/tmp/test.txt|failure|{"size": 605787}
2025-03-21T12:16:59Z|4008|EXECUTE|/dev/shm/.malware|success|{}
2025-03-21T12:17:02Z|2|RENAME|/etc/shadow|success|{}
2025-03-21T12:17:31Z|9103|RENAME|/dev/shm/.malware|success|{}
2025-03-21T12:17:49Z|7004|DELETE|/tmp/backdoor.bin|success|{}
2025-03-21T12:17:58Z|2|RENAME|/tmp/backdoor.bin|success|{}
2025-03-21T12:18:21Z|9200|ATTRIBUTE|/etc/hosts|success|{}
2025-03-21T12:18:38Z|1017|READ|/dev/shm/.malware|success|{"suspicious": true, "sequence": 6138}
2025-03-21T12:18:52Z|9203|ATTRIBUTE|/etc/hosts|success|{}
2025-03-21T12:18:54Z|7000|EXECUTE|/var/log/syslog|success|{}
2025-03-21T12:19:02Z|2|RENAME|/dev/shm/.malware|success|{}
2025-03-21T12:19:05Z|7000|READ|/var/log/auth.log|success|{}
2025-03-21T12:19:11Z|9204|ATTRIBUTE|/home/user/documents/report.doc|success|{}
2025-03-21T12:19:28Z|1016|EXECUTE|/var/www/.shell.php|success|{}
2025-03-21T12:19:47Z|5007|RENAME|/etc/hosts|success|{}
2025-03-21T12:19:53Z|7001|DELETE|/var/www/.shell.php|success|{}
2025-03-21T12:20:10Z|9104|EXECUTE|/home/user/.ssh/id_rsa|success|{}
2025-03-21T12:20:33Z|6005|RENAME|/etc/passwd|failure|{}
2025-03-21T12:20:41Z|4005|EXECUTE|/tmp/.hidden_script|success|{}
2025-03-21T12:20:49Z|4010|READ|/tmp/.hidden_script|success|{"suspicious": true, "sequence": 6150}
2025-03-21T12:20:54Z|9100|DELETE|/etc/hosts|success|{}
2025-03-21T12:20:59Z|5012|EXECUTE|/etc/hosts|success|{}
2025-03-21T12:21:24Z|4|WRITE|/etc/cron.d/.hack|success|{"suspicious": true, "sequence": 6153}
2025-03-21T12:21:34Z|9204|WRITE|/tmp/.hidden_script|success|{"suspicious": true, "sequence": 6154}
2025-03-21T12:21:42Z|9102|DELETE|/etc/cron.d/.hack|failure|{}
2025-03-21T12:21:56Z|9001|EXECUTE|/etc/passwd|success|{}
2025-03-21T12:22:25Z|4023|EXECUTE|/etc/hosts|success|{}
2025-03-21T12:22:54Z|5000|ATTRIBUTE|/etc/shadow|success|{}
2025-03-21T12:23:06Z|9200|ATTRIBUTE|/tmp/.hidden_script|failure|{}
2025-03-21T12:23:30Z|9203|ATTRIBUTE|/tmp/.hidden_script|failure|{}
2025-03-21T12:23:57Z|9003|EXECUTE|/etc/shadow|success|{}
2025-03-21T12:24:03Z|9100|DELETE|/etc/passwd|success|{}
2025-03-21T12:24:10Z|7001|WRITE|/tmp/test.txt|success|{"size": 294617}
2025-03-21T12:24:31Z|1001|DELETE|/tmp/.hidden_script|success|{}
2025-03-21T12:24:39Z|1|DELETE|/tmp/.hidden_script|success|{}
2025-03-21T12:24:47Z|9103|DELETE|/var/log/auth.log|success|{}
2025-03-21T12:25:05Z|1009|WRITE|/etc/hosts|success|{"size": 400199}
2025-03-21T12:25:28Z|7004|RENAME|/var/log/syslog|success|{}
2025-03-21T12:25:46Z|6003|RENAME|/etc/cron.d/.hack|success|{}
2025-03-21T12:25:51Z|7003|RENAME|/var/www/.shell.php|success|{}
2025-03-21T12:26:19Z|9200|EXECUTE|/home/user/.ssh/id_rsa|success|{}
2025-03-21T12:26:47Z|3|EXECUTE|/tmp/.hidden_script|success|{}
2025-03-21T12:27:09Z|6005|ATTRIBUTE|/etc/passwd|success|{}
2025-03-21T12:27:11Z|9202|ATTRIBUTE|/etc/shadow|success|{}
2025-03-21T12:27:34Z|2|ATTRIBUTE|/var/log/auth.log|success|{}
2025-03-21T12:27:57Z|9100|EXECUTE|/var/log/syslog|failure|{}
2025-03-21T12:28:18Z|4|DELETE|/var/log/auth.log|success|{}
2025-03-21T12:28:43Z|9200|RENAME|/home/user/documents/report.doc|success|{}
2025-03-21T12:29:03Z|9201|WRITE|/tmp/.hidden_script|success|{"suspicious": true, "sequence": 6179}
2025-03-21T12:29:23Z|9202|DELETE|/etc/passwd|success|{}
2025-03-21T12:29:42Z|5009|ATTRIBUTE|/etc/shadow|success|{}
2025-03-21T12:29:58Z|5|DELETE|/var/log/auth.log|success|{}
2025-03-21T12:30:23Z|9002|EXECUTE|/dev/shm/.malware|success|{}
2025-03-21T12:30:48Z|9003|RENAME|/home/user/.ssh/id_rsa|success|{}
2025-03-21T12:31:11Z|9202|DELETE|/etc/shadow|success|{}
2025-03-21T12:31:40Z|5005|READ|/var/log/syslog|success|{}
2025-03-21T12:32:00Z|9203|EXECUTE|/dev/shm/.malware|success|{}
2025-03-21T12:32:03Z|6004|RENAME|/tmp/test.txt|success|{}
2025-03-21T12:32:05Z|2|WRITE|/tmp/test.txt|success|{"size": 27921}
2025-03-21T12:32:17Z|4018|ATTRIBUTE|/home/user/.ssh/id_rsa|success|{}
2025-03-21T12:32:27Z|9001|RENAME|/tmp/.hidden_script|success|{}
2025-03-21T12:32:47Z|1009|WRITE|/etc/shadow|success|{"size": 823727}
2025-03-21T12:32:52Z|4018|READ|/home/user/.ssh/id_rsa|success|{}
2025-03-21T12:33:17Z|9004|DELETE|/tmp/test.txt|success|{}
2025-03-21T12:33:40Z|9203|DELETE|/etc/passwd|success|{}
2025-03-21T12:34:02Z|9004|READ|/tmp/test.txt|success|{}
2025-03-21T12:34:10Z|4001|ATTRIBUTE|/tmp/backdoor.bin|success|{}
2025-03-21T12:34:30Z|7002|ATTRIBUTE|/tmp/.hidden_script|success|{}
2025-03-21T12:34:34Z|9200|DELETE|/etc/shadow|success|{}
2025-03-21T12:34:41Z|5|WRITE|/var/log/syslog|success|{"size": 1019283}
2025-03-21T12:34:45Z|1015|DELETE|/dev/shm/.malware|success|{}
2025-03-21T12:34:48Z|4015|RENAME|/etc/shadow|success|{}
2025-03-21T12:34:51Z|9001|ATTRIBUTE|/tmp/test.txt|success|{}
2025-03-21T12:34:54Z|9002|RENAME|/var/www/.shell.php|success|{}
2025-03-21T12:35:23Z|9104|EXECUTE|/etc/cron.d/.hack|success|{}
2025-03-21T12:35:25Z|5009|DELETE|/etc/shadow|success|{}
2025-03-21T12:35:47Z|7001|RENAME|/var/log/auth.log|success|{}
2025-03-21T12:36:05Z|4012|RENAME|/var/log/auth.log|success|{}
2025-03-21T12:36:08Z|3|EXECUTE|/var/www/.shell.php|success|{}
2025-03-21T12:36:14Z|9203|READ|/tmp/test.txt|success|{}
2025-03-21T12:36:29Z|4023|WRITE|/var/log/syslog|success|{"size": 184504}
2025-03-21T12:36:41Z|9201|RENAME|/etc/passwd|success|{}
2025-03-21T12:37:00Z|9000|DELETE|/var/log/syslog|success|{}
2025-03-21T12:37:15Z|6000|READ|/home/user/.ssh/id_rsa|success|{}
2025-03-21T12:37:42Z|9104|WRITE|/dev/shm/.malware|success|{"suspicious": true, "sequence": 6215}
2025-03-21T12:37:55Z|9204|DELETE|/etc/shadow|success|{}
2025-03-21T12:38:19Z|9000|WRITE|/dev/shm/.malware|success|{"suspicious": true, "sequence": 6217}
2025-03-21T12:38:32Z|3|EXECUTE|/tmp/backdoor.bin|success|{}
2025-03-21T12:38:53Z|3|READ|/etc/shadow|success|{}
2025-03-21T12:39:05Z|9002|DELETE|/var/log/syslog|success|{}
2025-03-21T12:39:35Z|7001|EXECUTE|/home/user/documents/report.doc|success|{}
2025-03-21T12:39:36Z|9200|WRITE|/etc/cron.d/.hack|failure|{"suspicious": true, "sequence": 6222}
2025-03-21T12:40:03Z|4012|DELETE|/etc/cron.d/.hack|success|{}
2025-03-21T12:40:17Z|9100|EXECUTE|/dev/shm/.malware|success|{}
2025-03-21T12:40:21Z|5010|RENAME|/home/user/documents/report.doc|success|{}
2025-03-21T12:40:47Z|9104|ATTRIBUTE|/home/user/documents/report.doc|success|{}
2025-03-21T12:40:51Z|9100|READ|/var/log/syslog|success|{}
2025-03-21T12:41:10Z|7003|READ|/home/user/documents/report.doc|success|{}
2025-03-21T12:41:39Z|4028|READ|/var/log/syslog|success|{}
2025-03-21T12:42:07Z|6006|READ|/var/log/auth.log|success|{}
2025-03-21T12:42:18Z|9002|EXECUTE|/tmp/backdoor.bin|success|{}
2025-03-21T12:42:35Z|5|DELETE|/home/user/documents/report.doc|success|{}
2025-03-21T12:42:45Z|9002|READ|/tmp/backdoor.bin|success|{"suspicious": true, "sequence": 6233}
2025-03-21T12:42:48Z|5001|WRITE|/var/log/auth.log|success|{"size": 364078}
2025-03-21T12:43:04Z|9204|RENAME|/tmp/backdoor.bin|success|{}
2025-03-21T12:43:11Z|7003|WRITE|/home/user/documents/report.doc|success|{"size": 153879}
2025-03-21T12:43:18Z|9201|RENAME|/etc/cron.d/.hack|success|{}
2025-03-21T12:43:43Z|5005|READ|/home/user/.ssh/id_rsa|success|{}
2025-03-21T12:44:09Z|5012|ATTRIBUTE|/var/log/auth.log|success|{}
2025-03-21T12:44:35Z|5004|EXECUTE|/var/log/auth.log|success|{}
2025-03-21T12:44:41Z|6005|DELETE|/tmp/.hidden_script|success|{}
2025-03-21T12:44:42Z|7004|RENAME|/var/log/syslog|success|{}
2025-03-21T12:44:46Z|1007|READ|/home/user/.ssh/id_rsa|success|{}
2025-03-21T12:44:48Z|9203|RENAME|/var/log/syslog|success|{}
2025-03-21T12:45:10Z|7002|WRITE|/tmp/test.txt|success|{"size": 1020072}
2025-03-21T12:45:15Z|6002|WRITE|/var/www/.shell.php|success|{"suspicious": true, "sequence": 6246}
2025-03-21T12:45:16Z|9202|READ|/etc/hosts|failure|{}
2025-03-21T12:45:22Z|4011|RENAME|/tmp/.hidden_script|success|{}
2025-03-21T12:45:42Z|9000|RENAME|/var/www/.shell.php|success|{}
2025-03-21T12:46:07Z|4026|ATTRIBUTE|/etc/hosts|success|{}
2025-03-21T12:46:37Z|5008|RENAME|/tmp/backdoor.bin|success|{}
2025-03-21T12:46:46Z|1010|RENAME|/etc/shadow|success|{}
2025-03-21T12:47:13Z|5014|WRITE|/etc/shadow|success|{"size": 468858}
2025-03-21T12:47:21Z|6002|ATTRIBUTE|/etc/cron.d/.hack|success|{}
2025-03-21T12:47:26Z|9203|DELETE|/etc/passwd|success|{}
2025-03-21T12:47:46Z|9100|RENAME|/tmp/.hidden_script|success|{}
2025-03-21T12:48:08Z|9201|EXECUTE|/etc/hosts|success|{}
2025-03-21T12:48:17Z|6009|EXECUTE|/tmp/.hidden_script|failure|{}
2025-03-21T12:48:27Z|5|WRITE|/home/user/documents/report.doc|success|{"size": 687810}
2025-03-21T12:48:29Z|4023|WRITE|/etc/shadow|success|{"size": 538743}
2025-03-21T12:48:40Z|1002|RENAME|/etc/hosts|success|{}
2025-03-21T12:48:43Z|2|ATTRIBUTE|/tmp/test.txt|success|{}
2025-03-21T12:48:53Z|6005|WRITE|/home/user/documents/report.doc|success|{"size": 978735}
2025-03-21T12:49:04Z|1007|RENAME|/tmp/test.txt|success|{}
2025-03-21T12:49:18Z|4009|WRITE|/etc/passwd|success|{"size": 84429}
2025-03-21T12:49:44Z|1009|ATTRIBUTE|/home/user/.ssh/id_rsa|success|{}
2025-03-21T12:49:50Z|9204|RENAME|/home/user/.ssh/id_rsa|success|{}
2025-03-21T12:50:11Z|9002|READ|/etc/passwd|success|{}
2025-03-21T12:50:33Z|5013|READ|/tmp/test.txt|success|{}
2025-03-21T12:51:02Z|9204|READ|/home/user/.ssh/id_rsa|failure|{}
2025-03-21T12:51:03Z|5014|WRITE|/tmp/backdoor.bin|success|{"suspicious": true, "sequence": 6271}
2025-03-21T12:51:32Z|5004|ATTRIBUTE|/etc/cron.d/.hack|success|{}
2025-03-21T12:51:46Z|6000|EXECUTE|/home/user/.ssh/id_rsa|success|{}
2025-03-21T12:52:04Z|5010|WRITE|/var/log/auth.log|success|{"size": 10370}
2025-03-21T12:52:10Z|6008|READ|/tmp/.hidden_script|failure|{"suspicious": true, "sequence": 6275}
2025-03-21T12:52:28Z|9103|RENAME|/etc/hosts|success|{}
2025-03-21T12:52:34Z|5|WRITE|/etc/passwd|success|{"size": 599553}
2025-03-21T12:53:04Z|4|WRITE|/home/user/documents/report.doc|success|{"size": 614741}
2025-03-21T12:53:11Z|5013|WRITE|/dev/shm/.malware|failure|{"suspicious": true, "sequence": 6279}
2025-03-21T12:53:29Z|5011|EXECUTE|/tmp/test.txt|success|{}
2025-03-21T12:53:39Z|9203|EXECUTE|/etc/hosts|success|{}
2025-03-21T12:53:48Z|9204|WRITE|/etc/cron.d/.hack|success|{"suspicious": true, "sequence": 6282}
2025-03-21T12:53:50Z|7000|ATTRIBUTE|/etc/hosts|success|{}
2025-03-21T12:54:02Z|1011|DELETE|/etc/shadow|success|{}
2025-03-21T12:54:03Z|9204|EXECUTE|/home/user/documents/report.doc|success|{}
2025-03-21T12:54:16Z|5005|ATTRIBUTE|/etc/shadow|success|{}
2025-03-21T12:54:34Z|4013|DELETE|/tmp/.hidden_script|success|{}
2025-03-21T12:54:37Z|1009|READ|/etc/shadow|success|{}
2025-03-21T12:54:41Z|9001|EXECUTE|/etc/shadow|success|{}
2025-03-21T12:55:06Z|1000|ATTRIBUTE|/var/log/syslog|success|{}
2025-03-21T12:55:21Z|9002|ATTRIBUTE|/var/log/auth.log|success|{}
2025-03-21T12:55:27Z|9101|WRITE|/home/user/documents/report.doc|success|{"size": 748733}
2025-03-21T12:55:38Z|7000|WRITE|/home/user/.ssh/id_rsa|success|{"size": 409038}
2025-03-21T12:55:46Z|7004|WRITE|/home/user/.ssh/id_rsa|success|{"size": 489259}
2025-03-21T12:55:59Z|5000|WRITE|/etc/hosts|success|{"size": 1005584}
2025-03-21T12:56:09Z|2|EXECUTE|/etc/hosts|success|{}
2025-03-21T12:56:22Z|6009|DELETE|/dev/shm/.malware|success|{}
2025-03-21T12:56:23Z|1006|WRITE|/etc/hosts|success|{"size": 914216}
2025-03-21T12:56:24Z|9101|RENAME|/var/log/syslog|success|{}
2025-03-21T12:56:54Z|3|ATTRIBUTE|/var/log/auth.log|success|{}
2025-03-21T12:57:22Z|6005|DELETE|/var/www/.shell.php|success|{}
2025-03-21T12:57:31Z|5006|READ|/home/user/.ssh/id_rsa|success|{}
2025-03-21T12:58:00Z|5|WRITE|/var/www/.shell.php|success|{"suspicious": true, "sequence": 6303}
2025-03-21T12:58:15Z|5001|ATTRIBUTE|/var/www/.shell.php|success|{}
2025-03-21T12:58:27Z|7002|ATTRIBUTE|/etc/hosts|success|{}
2025-03-21T12:58:38Z|2|DELETE|/etc/cron.d/.hack|success|{}
2025-03-21T12:58:51Z|6003|RENAME|/tmp/backdoor.bin|success|{}
2025-03-21T12:58:52Z|9002|WRITE|/dev/shm/.malware|success|{"suspicious": true, "sequence": 6308}
2025-03-21T12:59:04Z|1001|WRITE|/home/user/documents/report.doc|success|{"size": 761710}
2025-03-21T12:59:15Z|4028|READ|/var/www/.shell.php|success|{"suspicious": true, "sequence": 6310}
2025-03-21T12:59:19Z|6003|WRITE|/var/log/syslog|success|{"size": 182296}
2025-03-21T12:59:46Z|4028|EXECUTE|/tmp/backdoor.bin|success|{}
2025-03-21T13:00:14Z|9200|RENAME|/home/user/documents/report.doc|success|{}
2025-03-21T13:00:29Z|9104|READ|/tmp/backdoor.bin|success|{"suspicious": true, "sequence": 6314}
2025-03-21T13:00:56Z|9004|EXECUTE|/var/log/syslog|failure|{}
2025-03-21T13:01:03Z|9003|DELETE|/tmp/backdoor.bin|failure|{}
2025-03-21T13:01:15Z|6002|WRITE|/var/log/auth.log|success|{"size": 580104}
2025-03-21T13:01:33Z|6005|RENAME|/etc/passwd|success|{}
2025-03-21T13:02:02Z|4020|WRITE|/var/log/auth.log|failure|{"size": 9338}
2025-03-21T13:02:27Z|7002|WRITE|/tmp/backdoor.bin|success|{"suspicious": true, "sequence": 6320}
2025-03-21T13:02:49Z|9203|EXECUTE|/var/log/syslog|success|{}
2025-03-21T13:02:59Z|9200|EXECUTE|/home/user/.ssh/id_rsa|success|{}
2025-03-21T13:03:19Z|9200|EXECUTE|/dev/shm/.malware|success|{}
2025-03-21T13:03:32Z|4028|WRITE|/etc/shadow|success|{"size": 363771}
2025-03-21T13:03:42Z|5|READ|/etc/shadow|success|{}
2025-03-21T13:03:56Z|5|READ|/var/log/syslog|success|{}
2025-03-21T13:04:17Z|7003|RENAME|/etc/shadow|success|{}
2025-03-21T13:04:19Z|4009|WRITE|/tmp/.hidden_script|success|{"suspicious": true, "sequence": 6328}
2025-03-21T13:04:23Z|9204|WRITE|/tmp/.hidden_script|success|{"suspicious": true, "sequence": 6329}
2025-03-21T13:04:32Z|6000|ATTRIBUTE|/etc/cron.d/.hack|success|{}
2025-03-21T13:04:36Z|3|EXECUTE|/var/www/.shell.php|success|{}
2025-03-21T13:04:54Z|9101|ATTRIBUTE|/etc/cron.d/.hack|success|{}
2025-03-21T13:05:13Z|4009|ATTRIBUTE|/etc/shadow|success|{}
2025-03-21T13:05:40Z|7000|RENAME|/etc/hosts|failure|{}
2025-03-21T13:05:59Z|9000|EXECUTE|/var/log/syslog|success|{}
2025-03-21T13:06:19Z|6001|WRITE|/home/user/.ssh/id_rsa|success|{"size": 67346}
2025-03-21T13:06:30Z|5010|RENAME|/home/user/.ssh/id_rsa|success|{}
2025-03-21T13:06:40Z|6007|WRITE|/var/log/syslog|success|{"size": 720598}
2025-03-21T13:07:08Z|1000|WRITE|/var/log/auth.log|success|{"size": 925394}
2025-03-21T13:07:38Z|4016|WRITE|/home/user/documents/report.doc|failure|{"size": 953789}
2025-03-21T13:08:03Z|9102|DELETE|/tmp/backdoor.bin|success|{}
2025-03-21T13:08:26Z|6007|DELETE|/etc/shadow|success|{}
2025-03-21T13:08:31Z|4|WRITE|/etc/shadow|success|{"size": 906427}
2025-03-21T13:08:55Z|5011|WRITE|/home/user/.ssh/id_rsa|success|{"size": 638089}
2025-03-21T13:09:21Z|6007|READ|/dev/shm/.malware|success|{"suspicious": true, "sequence": 6345}
2025-03-21T13:09:23Z|7004|RENAME|/home/user/documents/report.doc|failure|{}
2025-03-21T13:09:36Z|7003|WRITE|/etc/cron.d/.hack|success|{"suspicious": true, "sequence": 6347}
2025-03-21T13:09:58Z|9203|READ|/var/log/auth.log|success|{}
2025-03-21T13:10:15Z|9201|DELETE|/etc/hosts|success|{}
2025-03-21T13:10:29Z|7003|DELETE|/home/user/documents/report.doc|success|{}
2025-03-21T13:10:49Z|4011|RENAME|/etc/hosts|success|{}
2025-03-21T13:11:15Z|5011|RENAME|/var/log/syslog|failure|{}
2025-03-21T13:11:40Z|9202|EXECUTE|/home/user/documents/report.doc|success|{}
2025-03-21T13:11:54Z|9101|ATTRIBUTE|/var/www/.shell.php|success|{}
2025-03-21T13:12:17Z|2|RENAME|/var/www/.shell.php|success|{}
2025-03-21T13:12:20Z|9200|EXECUTE|/tmp/test.txt|success|{}
2025-03-21T13:12:37Z|1011|EXECUTE|/dev/shm/.malware|success|{}
2025-03-21T13:12:56Z|5010|READ|/var/log/syslog|success|{}
2025-03-21T13:13:11Z|9102|EXECUTE|/dev/shm/.malware|success|{}
2025-03-21T13:13:26Z|5|READ|/tmp/.hidden_script|success|{"suspicious": true, "sequence": 6360}
2025-03-21T13:13:50Z|6004|READ|/tmp/backdoor.bin|failure|{"suspicious": true, "sequence": 6361}
2025-03-21T13:14:20Z|7002|EXECUTE|/var/log/auth.log|success|{}
2025-03-21T13:14:24Z|7004|DELETE|/var/log/auth.log|success|{}
2025-03-21T13:14:42Z|2|EXECUTE|/dev/shm/.malware|success|{}
2025-03-21T13:15:11Z|7002|WRITE|/tmp/backdoor.bin|success|{"suspicious": true, "sequence": 6365}
2025-03-21T13:15:27Z|7004|READ|/etc/cron.d/.hack|success|{"suspicious": true, "sequence": 6366}
2025-03-21T13:15:38Z|9001|WRITE|/home/user/.ssh/id_rsa|success|{"size": 555579}
2025-03-21T13:15:45Z|1010|ATTRIBUTE|/home/user/documents/report.doc|success|{}
2025-03-21T13:16:08Z|1018|RENAME|/var/log/auth.log|success|{}
2025-03-21T13:16:30Z|9104|EXECUTE|/etc/cron.d/.hack|success|{}
2025-03-21T13:16:51Z|5005|READ|/tmp/.hidden_script|success|{"suspicious": true, "sequence": 6371}
2025-03-21T13:16:56Z|1006|RENAME|/home/user/.ssh/id_rsa|success|{}
2025-03-21T13:17:17Z|7004|ATTRIBUTE|/tmp/.hidden_script|success|{}
2025-03-21T13:17:34Z|9002|DELETE|/dev/shm/.malware|failure|{}
2025-03-21T13:17:58Z|9002|ATTRIBUTE|/var/log/auth.log|success|{}
2025-03-21T13:18:06Z|6009|READ|/etc/hosts|success|{}
2025-03-21T13:18:07Z|9100|RENAME|/tmp/backdoor.bin|success|{}
2025-03-21T13:18:22Z|7000|WRITE|/dev/shm/.malware|success|{"suspicious": true, "sequence": 6378}
2025-03-21T13:18:50Z|7004|READ|/etc/cron.d/.hack|failure|{"suspicious": true, "sequence": 6379}
2025-03-21T13:18:56Z|9100|RENAME|/tmp/backdoor.bin|success|{}
2025-03-21T13:19:26Z|5010|DELETE|/etc/shadow|success|{}
2025-03-21T13:19:55Z|9001|WRITE|/var/log/auth.log|success|{"size": 40270}
2025-03-21T13:20:06Z|9202|DELETE|/etc/cron.d/.hack|success|{}
2025-03-21T13:20:22Z|9103|EXECUTE|/var/www/.shell.php|failure|{}
2025-03-21T13:20:38Z|9003|READ|/etc/passwd|success|{}
2025-03-21T13:20:59Z|7001|DELETE|/etc/cron.d/.hack|success|{}
2025-03-21T13:21:16Z|9100|WRITE|/etc/shadow|success|{"size": 20033}
2025-03-21T13:21:19Z|7002|RENAME|/dev/shm/.malware|success|{}
2025-03-21T13:21:47Z|9104|DELETE|/etc/passwd|success|{}
2025-03-21T13:22:06Z|9200|WRITE|/var/www/.shell.php|success|{"suspicious": true, "sequence": 6390}
2025-03-21T13:22:11Z|9202|DELETE|/tmp/.hidden_script|success|{}
2025-03-21T13:22:35Z|3|ATTRIBUTE|/dev/shm/.malware|success|{}
2025-03-21T13:22:41Z|1004|WRITE|/etc/hosts|success|{"size": 711148}
2025-03-21T13:23:07Z|5001|EXECUTE|/home/user/.ssh/id_rsa|success|{}
2025-03-21T13:23:22Z|7000|READ|/etc/hosts|success|{}
2025-03-21T13:23:25Z|9100|READ|/home/user/documents/report.doc|success|{}
2025-03-21T13:23:27Z|5002|DELETE|/etc/hosts|success|{}
2025-03-21T13:23:36Z|6000|RENAME|/etc/cron.d/.hack|success|{}
2025-03-21T13:23:54Z|6008|EXECUTE|/tmp/.hidden_script|success|{}
2025-03-21T13:24:00Z|1009|WRITE|/dev/shm/.malware|failure|{"suspicious": true, "sequence": 6400}
2025-03-21T13:24:02Z|4009|ATTRIBUTE|/tmp/test.txt|success|{}
2025-03-21T13:24:22Z|1004|RENAME|/tmp/.hidden_script|success|{}
2025-03-21T13:24:36Z|5003|EXECUTE|/var/log/syslog|success|{}
2025-03-21T13:24:50Z|1004|READ|/etc/passwd|failure|{}
2025-03-21T13:25:17Z|4|EXECUTE|/tmp/test.txt|success|{}
2025-03-21T13:25:43Z|6002|WRITE|/tmp/backdoor.bin|success|{"suspicious": true, "sequence": 6406}
2025-03-21T13:26:05Z|9203|ATTRIBUTE|/tmp/test.txt|success|{}
2025-03-21T13:26:32Z|5|RENAME|/tmp/.hidden_script|success|{}
2025-03-21T13:26:53Z|4001|EXECUTE|/etc/shadow|success|{}
2025-03-21T13:26:55Z|1018|READ|/var/log/auth.log|success|{}
2025-03-21T13:27:22Z|9202|DELETE|/dev/shm/.malware|success|{}
2025-03-21T13:27:37Z|9003|RENAME|/var/log/syslog|success|{}
2025-03-21T13:27:56Z|1010|DELETE|/tmp/backdoor.bin|success|{}
2025-03-21T13:27:59Z|5005|READ|/etc/passwd|success|{}
2025-03-21T13:28:22Z|5|READ|/tmp/.hidden_script|success|{"suspicious": true, "sequence": 6415}
2025-03-21T13:28:42Z|5002|READ|/home/user/.ssh/id_rsa|success|{}
2025-03-21T13:29:10Z|6001|WRITE|/etc/passwd|success|{"size": 195392}
2025-03-21T13:29:17Z|1008|READ|/var/log/auth.log|success|{}
2025-03-21T13:29:28Z|3|RENAME|/var/www/.shell.php|success|{}
2025-03-21T13:29:52Z|9200|DELETE|/var/log/auth.log|success|{}
2025-03-21T13:30:04Z|5002|EXECUTE|/etc/passwd|success|{}
2025-03-21T13:30:16Z|3|RENAME|/var/log/auth.log|success|{}
2025-03-21T13:30:22Z|9104|WRITE|/tmp/backdoor.bin|success|{"suspicious": true, "sequence": 6423}
2025-03-21T13:30:47Z|7002|DELETE|/etc/cron.d/.hack|success|{}
2025-03-21T13:30:57Z|4009|RENAME|/home/user/documents/report.doc|success|{}
2025-03-21T13:31:03Z|6002|READ|/home/user/documents/report.doc|success|{}
2025-03-21T13:31:21Z|9000|EXECUTE|/tmp/test.txt|success|{}
2025-03-21T13:31:30Z|9100|READ|/dev/shm/.malware|success|{"suspicious": true, "sequence": 6428}
2025-03-21T13:31:56Z|5000|ATTRIBUTE|/etc/hosts|failure|{}
2025-03-21T13:32:05Z|9204|WRITE|/dev/shm/.malware|success|{"suspicious": true, "sequence": 6430}
2025-03-21T13:32:10Z|5001|ATTRIBUTE|/etc/shadow|failure|{}
2025-03-21T13:32:38Z|9201|RENAME|/home/user/documents/report.doc|success|{}
2025-03-21T13:33:00Z|9001|RENAME|/tmp/backdoor.bin|success|{}
2025-03-21T13:33:25Z|6002|DELETE|/home/user/.ssh/id_rsa|success|{}
2025-03-21T13:33:46Z|9002|ATTRIBUTE|/var/www/.shell.php|success|{}
2025-03-21T13:34:12Z|5014|DELETE|/tmp/.hidden_script|failure|{}
2025-03-21T13:34:40Z|2|WRITE|/dev/shm/.malware|success|{"suspicious": true, "sequence": 6437}
2025-03-21T13:34:54Z|4014|EXECUTE|/var/log/auth.log|success|{}
2025-03-21T13:34:58Z|1006|ATTRIBUTE|/etc/shadow|success|{}
2025-03-21T13:35:07Z|9200|RENAME|/var/www/.shell.php|success|{}
2025-03-21T13:35:11Z|4019|RENAME|/var/log/syslog|success|{}
2025-03-21T13:35:27Z|1014|ATTRIBUTE|/etc/shadow|success|{}
2025-03-21T13:35:50Z|1002|RENAME|/etc/hosts|success|{}
2025-03-21T13:36:05Z|5001|RENAME|/var/log/auth.log|success|{}
2025-03-21T13:36:31Z|6000|EXECUTE|/dev/shm/.malware|success|{}
2025-03-21T13:36:55Z|6005|WRITE|/tmp/.hidden_script|success|{"suspicious": true, "sequence": 6446}
2025-03-21T13:37:08Z|9200|WRITE|/home/user/documents/report.doc|success|{"size": 345736}
2025-03-21T13:37:15Z|5013|ATTRIBUTE|/home/user/.ssh/id_rsa|success|{}
2025-03-21T13:37:33Z|6004|RENAME|/tmp/.hidden_script|success|{}
2025-03-21T13:37:54Z|5001|READ|/var/log/syslog|success|{}
2025-03-21T13:38:07Z|1|WRITE|/dev/shm/.malware|success|{"suspicious": true, "sequence": 6451}
2025-03-21T13:38:21Z|9203|WRITE|/etc/cron.d/.hack|failure|{"suspicious": true, "sequence": 6452}
2025-03-21T13:38:23Z|4024|ATTRIBUTE|/etc/shadow|success|{}
2025-03-21T13:38:33Z|6002|EXECUTE|/var/www/.shell.php|success|{}
2025-03-21T13:38:54Z|6008|ATTRIBUTE|/home/user/.ssh/id_rsa|failure|{}
2025-03-21T13:39:17Z|7004|READ|/tmp/.hidden_script|failure|{"suspicious": true, "sequence": 6456}
2025-03-21T13:39:33Z|7004|WRITE|/var/log/auth.log|success|{"size": 137214}
2025-03-21T13:39:37Z|4010|EXECUTE|/home/user/documents/report.doc|success|{}
2025-03-21T13:39:43Z|5005|ATTRIBUTE|/var/log/syslog|success|{}
2025-03-21T13:40:00Z|4010|WRITE|/etc/cron.d/.hack|failure|{"suspicious": true, "sequence": 6460}
2025-03-21T13:40:06Z|9200|READ|/etc/passwd|success|{}
2025-03-21T13:40:33Z|5001|RENAME|/var/log/auth.log|success|{}
2025-03-21T13:41:01Z|9204|ATTRIBUTE|/tmp/.hidden_script|failure|{}
2025-03-21T13:41:08Z|9201|ATTRIBUTE|/var/log/syslog|success|{}
2025-03-21T13:41:38Z|9004|READ|/etc/cron.d/.hack|success|{"suspicious": true, "sequence": 6465}
2025-03-21T13:41:42Z|5|READ|/tmp/.hidden_script|success|{"suspicious": true, "sequence": 6466}
2025-03-21T13:41:58Z|7000|WRITE|/tmp/backdoor.bin|success|{"suspicious": true, "sequence": 6467}
2025-03-21T13:42:15Z|7002|DELETE|/dev/shm/.malware|success|{}
2025-03-21T13:42:39Z|9000|WRITE|/etc/passwd|success|{"size": 325710}
2025-03-21T13:42:54Z|6005|DELETE|/home/user/documents/report.doc|success|{}
2025-03-21T13:42:55Z|3|WRITE|/var/www/.shell.php|success|{"suspicious": true, "sequence": 6471}
2025-03-21T13:43:10Z|7001|READ|/home/user/.ssh/id_rsa|success|{}
2025-03-21T13:43:34Z|1009|EXECUTE|/etc/hosts|success|{}
2025-03-21T13:43:53Z|4028|READ|/dev/shm/.malware|success|{"suspicious": true, "sequence": 6474}
2025-03-21T13:44:06Z|1004|READ|/etc/hosts|success|{}
2025-03-21T13:44:08Z|5|DELETE|/etc/passwd|success|{}
2025-03-21T13:44:25Z|1011|EXECUTE|/tmp/test.txt|success|{}
2025-03-21T13:44:50Z|1000|READ|/var/log/auth.log|failure|{}
2025-03-21T13:45:09Z|9103|DELETE|/etc/passwd|success|{}
2025-03-21T13:45:31Z|1017|READ|/etc/shadow|success|{}
2025-03-21T13:45:55Z|5005|DELETE|/home/user/documents/report.doc|success|{}
2025-03-21T13:46:24Z|3|READ|/home/user/documents/report.doc|success|{}
2025-03-21T13:46:46Z|9200|DELETE|/etc/cron.d/.hack|success|{}
2025-03-21T13:46:54Z|9103|ATTRIBUTE|/etc/hosts|success|{}
2025-03-21T13:47:14Z|9200|READ|/var/log/auth.log|success|{}
2025-03-21T13:47:44Z|1004|ATTRIBUTE|/etc/hosts|success|{}
2025-03-21T13:47:54Z|9004|ATTRIBUTE|/etc/cron.d/.hack|success|{}
2025-03-21T13:47:57Z|2|EXECUTE|/etc/passwd|success|{}
2025-03-21T13:48:09Z|9001|READ|/dev/shm/.malware|success|{"suspicious": true, "sequence": 6489}
2025-03-21T13:48:27Z|9204|EXECUTE|/etc/cron.d/.hack|success|{}
2025-03-21T13:48:45Z|9204|WRITE|/tmp/backdoor.bin|success|{"suspicious": true, "sequence": 6491}
2025-03-21T13:49:14Z|5008|DELETE|/etc/cron.d/.hack|success|{}
2025-03-21T13:49:22Z|7000|READ|/tmp/test.txt|success|{}
2025-03-21T13:49:49Z|6009|ATTRIBUTE|/var/www/.shell.php|success|{}
2025-03-21T13:50:10Z|6008|RENAME|/var/log/syslog|success|{}
2025-03-21T13:50:25Z|9102|RENAME|/etc/cron.d/.hack|success|{}
2025-03-21T13:50:32Z|2|WRITE|/tmp/test.txt|success|{"size": 392091}
2025-03-21T13:50:47Z|9104|EXECUTE|/home/user/.ssh/id_rsa|success|{}
2025-03-21T13:51:12Z|7004|READ|/var/log/auth.log|failure|{}
2025-03-21T13:51:34Z|6001|WRITE|/tmp/.hidden_script|failure|{"suspicious": true, "sequence": 6500}
2025-03-21T13:51:51Z|5001|WRITE|/etc/shadow|failure|{"size": 182088}
2025-03-21T13:52:15Z|9004|WRITE|/etc/cron.d/.hack|success|{"suspicious": true, "sequence": 6502}
2025-03-21T13:52:40Z|9201|READ|/etc/cron.d/.hack|success|{"suspicious": true, "sequence": 6503}
2025-03-21T13:53:01Z|9104|RENAME|/tmp/test.txt|success|{}
2025-03-21T13:53:11Z|9000|READ|/tmp/.hidden_script|failure|{"suspicious": true, "sequence": 6505}
2025-03-21T13:53:13Z|1008|EXECUTE|/var/www/.shell.php|success|{}
2025-03-21T13:53:40Z|7000|WRITE|/tmp/backdoor.bin|success|{"suspicious": true, "sequence": 6507}
2025-03-21T13:53:51Z|7000|READ|/tmp/backdoor.bin|success|{"suspicious": true, "sequence": 6508}
2025-03-21T13:54:01Z|5011|WRITE|/etc/shadow|success|{"size": 123043}
2025-03-21T13:54:27Z|6006|EXECUTE|/etc/hosts|success|{}
2025-03-21T13:54:44Z|6001|WRITE|/tmp/backdoor.bin|success|{"suspicious": true, "sequence": 6511}
2025-03-21T13:55:01Z|5004|ATTRIBUTE|/etc/shadow|success|{}
2025-03-21T13:55:12Z|9202|ATTRIBUTE|/etc/hosts|success|{}
2025-03-21T13:55:15Z|1005|EXECUTE|/home/user/documents/report.doc|success|{}
2025-03-21T13:55:18Z|9100|READ|/var/www/.shell.php|success|{"suspicious": true, "sequence": 6515}
2025-03-21T13:55:19Z|7003|READ|/etc/shadow|success|{}
2025-03-21T13:55:27Z|7003|READ|/var/www/.shell.php|success|{"suspicious": true, "sequence": 6517}
2025-03-21T13:55:38Z|1010|WRITE|/var/www/.shell.php|success|{"suspicious": true, "sequence": 6518}
2025-03-21T13:56:02Z|6004|RENAME|/etc/shadow|success|{}
2025-03-21T13:56:27Z|4025|READ|/dev/shm/.malware|success|{"suspicious": true, "sequence": 6520}
2025-03-21T13:56:33Z|9000|RENAME|/tmp/.hidden_script|success|{}
2025-03-21T13:56:52Z|7004|RENAME|/var/log/syslog|failure|{}
2025-03-21T13:57:10Z|9200|READ|/var/www/.shell.php|failure|{"suspicious": true, "sequence": 6523}
2025-03-21T13:57:32Z|4|WRITE|/var/log/auth.log|failure|{"size": 814246}
2025-03-21T13:57:57Z|4016|RENAME|/etc/passwd|failure|{}
2025-03-21T13:58:14Z|9003|READ|/home/user/.ssh/id_rsa|success|{}
2025-03-21T13:58:20Z|9004|READ|/etc/cron.d/.hack|success|{"suspicious": true, "sequence": 6527}
2025-03-21T13:58:47Z|6000|DELETE|/home/user/documents/report.doc|success|{}
2025-03-21T13:58:50Z|7002|READ|/etc/shadow|success|{}
2025-03-21T13:59:05Z|7001|RENAME|/var/log/auth.log|success|{}
2025-03-21T13:59:31Z|1006|RENAME|/var/www/.shell.php|success|{}
2025-03-21T13:59:53Z|1006|READ|/var/log/syslog|success|{}
2025-03-21T13:59:57Z|5008|DELETE|/tmp/test.txt|success|{}
2025-03-21T14:00:03Z|5|ATTRIBUTE|/tmp/test.txt|success|{}
2025-03-21T14:00:23Z|1009|ATTRIBUTE|/etc/cron.d/.hack|failure|{}
2025-03-21T14:00:26Z|9204|EXECUTE|/dev/shm/.malware|success|{}
2025-03-21T14:00:32Z|1|EXECUTE|/var/www/.shell.php|failure|{}
2025-03-21T14:00:36Z|1014|ATTRIBUTE|/dev/shm/.malware|success|{}
2025-03-21T14:00:39Z|4013|READ|/var/log/auth.log|success|{}
2025-03-21T14:00:53Z|4026|EXECUTE|/dev/shm/.malware|success|{}
2025-03-21T14:01:01Z|7001|DELETE|/tmp/.hidden_script|success|{}
2025-03-21T14:01:11Z|4021|READ|/etc/hosts|success|{}
2025-03-21T14:01:15Z|4020|DELETE|/tmp/.hidden_script|success|{}
2025-03-21T14:01:32Z|9004|RENAME|/etc/passwd|failure|{}
2025-03-21T14:01:37Z|5000|WRITE|/tmp/test.txt|success|{"size": 28357}
2025-03-21T14:01:50Z|5001|DELETE|/etc/shadow|success|{}
2025-03-21T14:02:04Z|5014|DELETE|/etc/passwd|success|{}
2025-03-21T14:02:10Z|9204|RENAME|/etc/cron.d/.hack|success|{}
2025-03-21T14:02:30Z|1|READ|/var/log/syslog|success|{}
2025-03-21T14:02:43Z|6002|ATTRIBUTE|/tmp/backdoor.bin|success|{}
2025-03-21T14:03:06Z|6002|RENAME|/var/www/.shell.php|success|{}
2025-03-21T14:03:21Z|9203|RENAME|/etc/cron.d/.hack|success|{}
2025-03-21T14:03:33Z|9103|RENAME|/var/www/.shell.php|success|{}
2025-03-21T14:03:59Z|9201|EXECUTE|/tmp/test.txt|success|{}
2025-03-21T14:04:17Z|5012|ATTRIBUTE|/var/log/syslog|success|{}
2025-03-21T14:04:20Z|1006|EXECUTE|/tmp/.hidden_script|success|{}
2025-03-21T14:04:34Z|1012|RENAME|/etc/passwd|success|{}
2025-03-21T14:05:00Z|6009|ATTRIBUTE|/tmp/test.txt|success|{}
2025-03-21T14:05:19Z|1002|WRITE|/tmp/test.txt|success|{"size": 479543}
2025-03-21T14:05:42Z|3|RENAME|/tmp/.hidden_script|success|{}
2025-03-21T14:05:46Z|5010|EXECUTE|/etc/cron.d/.hack|success|{}
2025-03-21T14:06:08Z|1012|READ|/home/user/.ssh/id_rsa|success|{}
2025-03-21T14:06:23Z|1|WRITE|/home/user/documents/report.doc|success|{"size": 384728}
2025-03-21T14:06:41Z|4006|ATTRIBUTE|/etc/passwd|success|{}
2025-03-21T14:07:11Z|1013|EXECUTE|/etc/hosts|success|{}
2025-03-21T14:07:34Z|9102|ATTRIBUTE|/home/user/documents/report.doc|success|{}
2025-03-21T14:08:00Z|9102|READ|/tmp/backdoor.bin|success|{"suspicious": true, "sequence": 6567}
2025-03-21T14:08:13Z|9202|WRITE|/etc/hosts|success|{"size": 450280}
2025-03-21T14:08:29Z|1008|DELETE|/var/log/syslog|success|{}
2025-03-21T14:08:57Z|9001|EXECUTE|/var/log/auth.log|success|{}
2025-03-21T14:09:04Z|5011|READ|/var/www/.shell.php|success|{"suspicious": true, "sequence": 6571}
2025-03-21T14:09:31Z|4025|DELETE|/var/log/auth.log|failure|{}
2025-03-21T14:09:37Z|9103|READ|/etc/shadow|success|{}
2025-03-21T14:09:42Z|7001|RENAME|/etc/cron.d/.hack|success|{}
2025-03-21T14:10:11Z|6004|READ|/var/log/syslog|success|{}
2025-03-21T14:10:17Z|5004|ATTRIBUTE|/etc/passwd|success|{}
2025-03-21T14:10:34Z|4010|EXECUTE|/etc/passwd|success|{}
2025-03-21T14:11:00Z|4027|READ|/var/log/auth.log|success|{}
2025-03-21T14:11:12Z|9104|WRITE|/etc/shadow|success|{"size": 626868}
2025-03-21T14:11:16Z|9200|ATTRIBUTE|/etc/shadow|success|{}
2025-03-21T14:11:36Z|4012|WRITE|/var/log/auth.log|success|{"size": 534866}
2025-03-21T14:11:48Z|9100|ATTRIBUTE|/etc/cron.d/.hack|success|{}
2025-03-21T14:12:15Z|9201|READ|/tmp/test.txt|success|{}
2025-03-21T14:12:39Z|1016|ATTRIBUTE|/etc/shadow|success|{}
2025-03-21T14:12:46Z|7002|RENAME|/home/user/documents/report.doc|success|{}
2025-03-21T14:13:09Z|5010|EXECUTE|/var/log/auth.log|success|{}
2025-03-21T14:13:15Z|9004|DELETE|/tmp/backdoor.bin|success|{}
2025-03-21T14:13:18Z|5006|EXECUTE|/dev/shm/.malware|success|{}
2025-03-21T14:13:33Z|6004|WRITE|/tmp/test.txt|success|{"size": 1000450}
2025-03-21T14:13:59Z|1019|ATTRIBUTE|/etc/passwd|success|{}
2025-03-21T14:14:06Z|4021|READ|/dev/shm/.malware|success|{"suspicious": true, "sequence": 6591}
2025-03-21T14:14:33Z|7003|READ|/tmp/test.txt|success|{}
2025-03-21T14:14:36Z|6008|RENAME|/tmp/backdoor.bin|success|{}
2025-03-21T14:14:53Z|6003|ATTRIBUTE|/home/user/documents/report.doc|success|{}
2025-03-21T14:15:00Z|6002|WRITE|/etc/passwd|success|{"size": 248325}
2025-03-21T14:15:25Z|9201|DELETE|/etc/shadow|failure|{}
2025-03-21T14:15:35Z|9201|EXECUTE|/home/user/.ssh/id_rsa|success|{}
2025-03-21T14:15:42Z|6008|DELETE|/var/log/syslog|success|{}
2025-03-21T14:15:47Z|9200|ATTRIBUTE|/home/user/.ssh/id_rsa|success|{}
2025-03-21T14:15:53Z|6008|ATTRIBUTE|/var/www/.shell.php|success|{}
2025-03-21T14:16:07Z|9101|EXECUTE|/dev/shm/.malware|success|{}
2025-03-21T14:16:36Z|9200|READ|/var/log/auth.log|success|{}
2025-03-21T14:16:38Z|5005|DELETE|/home/user/documents/report.doc|success|{}
2025-03-21T14:16:54Z|9002|READ|/var/www/.shell.php|success|{"suspicious": true, "sequence": 6604}
2025-03-21T14:17:15Z|5011|RENAME|/var/log/syslog|success|{}
2025-03-21T14:17:27Z|9200|ATTRIBUTE|/dev/shm/.malware|success|{}
2025-03-21T14:17:31Z|5007|RENAME|/var/log/auth.log|success|{}
2025-03-21T14:17:33Z|7004|DELETE|/tmp/backdoor.bin|success|{}
2025-03-21T14:17:59Z|1|DELETE|/home/user/.ssh/id_rsa|success|{}
2025-03-21T14:18:03Z|9000|READ|/home/user/documents/report.doc|success|{}
2025-03-21T14:18:26Z|1007|EXECUTE|/var/log/auth.log|success|{}
2025-03-21T14:18:33Z|7003|ATTRIBUTE|/var/log/auth.log|success|{}
2025-03-21T14:18:41Z|9004|READ|/etc/cron.d/.hack|success|{"suspicious": true, "sequence": 6613}
2025-03-21T14:18:58Z|5013|READ|/var/log/auth.log|success|{}
2025-03-21T14:19:03Z|7003|ATTRIBUTE|/tmp/test.txt|success|{}
2025-03-21T14:19:12Z|9004|WRITE|/etc/shadow|success|{"size": 492740}
2025-03-21T14:19:38Z|5005|DELETE|/var/www/.shell.php|success|{}
2025-03-21T14:19:44Z|1003|EXECUTE|/home/user/documents/report.doc|success|{}
2025-03-21T14:20:11Z|4|RENAME|/etc/hosts|success|{}
2025-03-21T14:20:37Z|9002|READ|/etc/cron.d/.hack|success|{"suspicious": true, "sequence": 6620}
2025-03-21T14:20:40Z|1012|READ|/home/user/.ssh/id_rsa|success|{}
2025-03-21T14:20:47Z|5|ATTRIBUTE|/var/www/.shell.php|success|{}
2025-03-21T14:20:55Z|9203|READ|/etc/cron.d/.hack|success|{"suspicious": true, "sequence": 6623}
2025-03-21T14:21:23Z|5013|EXECUTE|/var/log/syslog|success|{}
2025-03-21T14:21:48Z|9203|EXECUTE|/home/user/documents/report.doc|failure|{}
2025-03-21T14:22:02Z|9202|READ|/etc/hosts|success|{}
2025-03-21T14:22:32Z|9001|DELETE|/var/log/syslog|success|{}
2025-03-21T14:23:01Z|6002|READ|/var/log/syslog|success|{}
2025-03-21T14:23:21Z|5003|ATTRIBUTE|/tmp/.hidden_script|success|{}
2025-03-21T14:23:36Z|9103|ATTRIBUTE|/etc/passwd|success|{}
2025-03-21T14:23:54Z|5011|READ|/var/log/syslog|success|{}
2025-03-21T14:24:11Z|9000|ATTRIBUTE|/var/log/syslog|success|{}
2025-03-21T14:24:21Z|1|EXECUTE|/dev/shm/.malware|success|{}
2025-03-21T14:24:47Z|3|RENAME|/var/log/syslog|success|{}
2025-03-21T14:25:10Z|9100|WRITE|/etc/passwd|success|{"size": 334449}
2025-03-21T14:25:13Z|7003|WRITE|/dev/shm/.malware|success|{"suspicious": true, "sequence": 6636}
2025-03-21T14:25:41Z|7004|ATTRIBUTE|/tmp/backdoor.bin|success|{}
2025-03-21T14:25:53Z|4009|RENAME|/etc/hosts|success|{}
2025-03-21T14:26:22Z|5|WRITE|/dev/shm/.malware|success|{"suspicious": true, "sequence": 6639}
2025-03-21T14:26:48Z|9202|DELETE|/var/log/syslog|success|{}
2025-03-21T14:27:02Z|6007|DELETE|/etc/hosts|success|{}
2025-03-21T14:27:17Z|5008|RENAME|/etc/passwd|success|{}
2025-03-21T14:27:43Z|1009|READ|/var/www/.shell.php|success|{"suspicious": true, "sequence": 6643}
2025-03-21T14:28:08Z|9204|ATTRIBUTE|/tmp/.hidden_script|success|{}
2025-03-21T14:28:18Z|1015|EXECUTE|/tmp/test.txt|success|{}
2025-03-21T14:28:23Z|4|WRITE|/dev/shm/.malware|success|{"suspicious": true, "sequence": 6646}
2025-03-21T14:28:33Z|4029|ATTRIBUTE|/var/log/syslog|success|{}
2025-03-21T14:28:42Z|4019|ATTRIBUTE|/etc/passwd|success|{}
2025-03-21T14:28:44Z|7002|ATTRIBUTE|/tmp/test.txt|success|{}
2025-03-21T14:29:13Z|7001|WRITE|/dev/shm/.malware|success|{"suspicious": true, "sequence": 6650}
2025-03-21T14:29:28Z|1006|EXECUTE|/home/user/documents/report.doc|success|{}
2025-03-21T14:29:29Z|1002|ATTRIBUTE|/tmp/test.txt|failure|{}
2025-03-21T14:29:46Z|2|READ|/tmp/test.txt|success|{}
2025-03-21T14:30:05Z|9004|ATTRIBUTE|/home/user/.ssh/id_rsa|success|{}
2025-03-21T14:30:15Z|1015|DELETE|/var/log/syslog|failure|{}
2025-03-21T14:30:29Z|9101|EXECUTE|/home/user/.ssh/id_rsa|success|{}
2025-03-21T14:30:33Z|7001|RENAME|/etc/shadow|success|{}
2025-03-21T14:30:51Z|7000|EXECUTE|/tmp/.hidden_script|success|{}
2025-03-21T14:31:01Z|1009|RENAME|/var/log/syslog|success|{}
2025-03-21T14:31:11Z|9001|WRITE|/var/log/syslog|success|{"size": 464282}
2025-03-21T14:31:35Z|6001|ATTRIBUTE|/dev/shm/.malware|success|{}
2025-03-21T14:32:04Z|5|ATTRIBUTE|/dev/shm/.malware|success|{}
2025-03-21T14:32:29Z|4011|EXECUTE|/etc/shadow|failure|{}
2025-03-21T14:32:41Z|5000|RENAME|/dev/shm/.malware|success|{}
2025-03-21T14:33:02Z|9201|EXECUTE|/etc/passwd|success|{}
2025-03-21T14:33:17Z|9003|ATTRIBUTE|/home/user/documents/report.doc|success|{}
2025-03-21T14:33:28Z|9100|READ|/etc/passwd|success|{}
2025-03-21T14:33:35Z|7001|DELETE|/etc/passwd|success|{}
2025-03-21T14:33:54Z|6000|ATTRIBUTE|/var/www/.shell.php|success|{}
2025-03-21T14:33:56Z|2|RENAME|/var/log/auth.log|success|{}
2025-03-21T14:34:10Z|9104|EXECUTE|/tmp/backdoor.bin|success|{}
2025-03-21T14:34:13Z|2|ATTRIBUTE|/var/www/.shell.php|success|{}
2025-03-21T14:34:30Z|9000|WRITE|/etc/shadow|failure|{"size": 729083}
2025-03-21T14:34:55Z|2|DELETE|/var/log/auth.log|success|{}
2025-03-21T14:35:21Z|1016|ATTRIBUTE|/var/log/auth.log|success|{}
2025-03-21T14:35:35Z|4026|WRITE|/tmp/.hidden_script|success|{"suspicious": true, "sequence": 6676}
2025-03-21T14:35:57Z|9001|DELETE|/etc/passwd|success|{}
2025-03-21T14:36:24Z|2|DELETE|/etc/hosts|success|{}
2025-03-21T14:36:41Z|9103|EXECUTE|/home/user/.ssh/id_rsa|success|{}
2025-03-21T14:37:01Z|1007|ATTRIBUTE|/etc/passwd|success|{}
2025-03-21T14:37:11Z|1009|ATTRIBUTE|/tmp/test.txt|success|{}
2025-03-21T14:37:18Z|9103|WRITE|/home/user/.ssh/id_rsa|success|{"size": 315241}
2025-03-21T14:37:35Z|9104|EXECUTE|/etc/cron.d/.hack|success|{}
2025-03-21T14:37:47Z|6008|RENAME|/etc/hosts|failure|{}
2025-03-21T14:37:54Z|9004|DELETE|/etc/shadow|success|{}
2025-03-21T14:38:14Z|4022|READ|/var/log/syslog|success|{}
2025-03-21T14:38:39Z|9203|READ|/dev/shm/.malware|success|{"suspicious": true, "sequence": 6687}
2025-03-21T14:38:56Z|1007|EXECUTE|/etc/hosts|success|{}
2025-03-21T14:39:04Z|9201|EXECUTE|/etc/hosts|success|{}
2025-03-21T14:39:06Z|9100|WRITE|/tmp/test.txt|failure|{"size": 511468}
2025-03-21T14:39:29Z|9100|WRITE|/var/log/syslog|failure|{"size": 762574}
2025-03-21T14:39:51Z|1009|RENAME|/home/user/documents/report.doc|success|{}
2025-03-21T14:40:20Z|1|ATTRIBUTE|/var/www/.shell.php|success|{}
2025-03-21T14:40:50Z|9002|EXECUTE|/var/log/auth.log|success|{}
2025-03-21T14:41:15Z|9201|DELETE|/tmp/backdoor.bin|success|{}
2025-03-21T14:41:38Z|7000|ATTRIBUTE|/home/user/documents/report.doc|success|{}
2025-03-21T14:41:50Z|4002|DELETE|/home/user/.ssh/id_rsa|success|{}
2025-03-21T14:42:08Z|9101|DELETE|/var/www/.shell.php|success|{}
2025-03-21T14:42:27Z|4006|WRITE|/var/log/auth.log|success|{"size": 409702}
2025-03-21T14:42:48Z|9201|ATTRIBUTE|/etc/shadow|success|{}
2025-03-21T14:42:56Z|6003|ATTRIBUTE|/home/user/documents/report.doc|success|{}
2025-03-21T14:43:25Z|4018|READ|/etc/passwd|success|{}
2025-03-21T14:43:32Z|9202|ATTRIBUTE|/home/user/documents/report.doc|success|{}
2025-03-21T14:43:53Z|7002|EXECUTE|/var/log/auth.log|success|{}
2025-03-21T14:43:56Z|6005|EXECUTE|/etc/passwd|success|{}
2025-03-21T14:44:17Z|9001|RENAME|/dev/shm/.malware|failure|{}
2025-03-21T14:44:45Z|7000|RENAME|/tmp/backdoor.bin|success|{}
2025-03-21T14:45:04Z|5006|DELETE|/etc/hosts|success|{}
2025-03-21T14:45:07Z|1017|EXECUTE|/var/log/syslog|success|{}
2025-03-21T14:45:28Z|7000|RENAME|/home/user/documents/report.doc|success|{}
2025-03-21T14:45:57Z|4017|ATTRIBUTE|/home/user/documents/report.doc|success|{}
2025-03-21T14:46:09Z|5003|EXECUTE|/etc/passwd|success|{}
2025-03-21T14:46:32Z|4002|EXECUTE|/etc/cron.d/.hack|success|{}
2025-03-21T14:46:33Z|1008|DELETE|/etc/shadow|success|{}
2025-03-21T14:46:55Z|1017|RENAME|/dev/shm/.malware|success|{}
2025-03-21T14:47:12Z|5006|EXECUTE|/var/www/.shell.php|success|{}
2025-03-21T14:47:26Z|4|DELETE|/etc/shadow|success|{}
2025-03-21T14:47:27Z|9204|ATTRIBUTE|/etc/passwd|success|{}
2025-03-21T14:47:28Z|6000|EXECUTE|/var/www/.shell.php|success|{}
2025-03-21T14:47:40Z|5006|WRITE|/home/user/documents/report.doc|success|{"size": 1021452}
2025-03-21T14:47:47Z|4009|EXECUTE|/var/log/auth.log|success|{}
2025-03-21T14:47:51Z|9200|RENAME|/dev/shm/.malware|success|{}
2025-03-21T14:48:13Z|4020|RENAME|/var/www/.shell.php|failure|{}
2025-03-21T14:48:24Z|4016|ATTRIBUTE|/etc/cron.d/.hack|success|{}
2025-03-21T14:48:48Z|9201|WRITE|/home/user/documents/report.doc|success|{"size": 1034261}
2025-03-21T14:48:57Z|7004|RENAME|/home/user/.ssh/id_rsa|success|{}
2025-03-21T14:49:24Z|6009|WRITE|/var/www/.shell.php|success|{"suspicious": true, "sequence": 6727}
2025-03-21T14:49:47Z|6008|WRITE|/tmp/.hidden_script|success|{"suspicious": true, "sequence": 6728}
2025-03-21T14:50:05Z|9202|DELETE|/tmp/.hidden_script|success|{}
2025-03-21T14:50:20Z|9101|WRITE|/tmp/.hidden_script|success|{"suspicious": true, "sequence": 6730}
2025-03-21T14:50:27Z|4|DELETE|/var/log/auth.log|success|{}
2025-03-21T14:50:54Z|9101|EXECUTE|/dev/shm/.malware|success|{}
2025-03-21T14:50:59Z|9102|READ|/etc/hosts|success|{}
2025-03-21T14:51:24Z|4020|DELETE|/var/log/auth.log|success|{}
2025-03-21T14:51:47Z|1009|EXECUTE|/dev/shm/.malware|success|{}
2025-03-21T14:51:53Z|1|DELETE|/home/user/documents/report.doc|success|{}
2025-03-21T14:52:19Z|6009|ATTRIBUTE|/var/www/.shell.php|success|{}
2025-03-21T14:52:33Z|9102|RENAME|/etc/hosts|success|{}
2025-03-21T14:52:58Z|9102|DELETE|/tmp/test.txt|success|{}
2025-03-21T14:53:11Z|9100|DELETE|/dev/shm/.malware|success|{}
2025-03-21T14:53:14Z|9100|ATTRIBUTE|/home/user/.ssh/id_rsa|success|{}
2025-03-21T14:53:22Z|5010|WRITE|/home/user/.ssh/id_rsa|success|{"size": 238184}
2025-03-21T14:53:24Z|5001|EXECUTE|/tmp/backdoor.bin|success|{}
2025-03-21T14:53:36Z|5008|WRITE|/var/www/.shell.php|success|{"suspicious": true, "sequence": 6744}
2025-03-21T14:53:51Z|9001|RENAME|/var/log/auth.log|success|{}
2025-03-21T14:54:18Z|7002|EXECUTE|/home/user/documents/report.doc|failure|{}
2025-03-21T14:54:41Z|6001|READ|/dev/shm/.malware|success|{"suspicious": true, "sequence": 6747}
2025-03-21T14:55:06Z|4017|ATTRIBUTE|/tmp/.hidden_script|success|{}
2025-03-21T14:55:26Z|1|WRITE|/home/user/documents/report.doc|failure|{"size": 423602}
2025-03-21T14:55:28Z|4|ATTRIBUTE|/tmp/.hidden_script|success|{}
2025-03-21T14:55:37Z|1014|WRITE|/etc/cron.d/.hack|success|{"suspicious": true, "sequence": 6751}
2025-03-21T14:55:43Z|1008|EXECUTE|/etc/cron.d/.hack|success|{}
2025-03-21T14:56:13Z|6004|ATTRIBUTE|/var/log/auth.log|success|{}
2025-03-21T14:56:38Z|9004|RENAME|/dev/shm/.malware|success|{}
2025-03-21T14:57:00Z|4026|ATTRIBUTE|/dev/shm/.malware|success|{}
2025-03-21T14:57:16Z|1|RENAME|/tmp/.hidden_script|success|{}
2025-03-21T14:57:27Z|6008|DELETE|/etc/cron.d/.hack|success|{}
2025-03-21T14:57:39Z|5013|ATTRIBUTE|/etc/passwd|success|{}
2025-03-21T14:58:06Z|1003|WRITE|/home/user/documents/report.doc|success|{"size": 31124}
2025-03-21T14:58:23Z|9102|EXECUTE|/var/www/.shell.php|success|{}
2025-03-21T14:58:30Z|9103|WRITE|/etc/cron.d/.hack|success|{"suspicious": true, "sequence": 6761}
2025-03-21T14:58:53Z|2|WRITE|/dev/shm/.malware|success|{"suspicious": true, "sequence": 6762}
2025-03-21T14:59:04Z|9102|RENAME|/tmp/backdoor.bin|success|{}
2025-03-21T14:59:22Z|7002|DELETE|/var/log/syslog|success|{}
2025-03-21T14:59:27Z|3|DELETE|/var/www/.shell.php|success|{}
2025-03-21T14:59:49Z|6009|ATTRIBUTE|/etc/cron.d/.hack|success|{}
2025-03-21T15:00:00Z|6005|EXECUTE|/etc/shadow|success|{}
2025-03-21T15:00:04Z|9000|READ|/etc/passwd|success|{}
2025-03-21T15:00:24Z|4018|READ|/tmp/test.txt|success|{}
2025-03-21T15:00:37Z|9203|EXECUTE|/home/user/.ssh/id_rsa|success|{}
2025-03-21T15:00:54Z|4|RENAME|/tmp/.hidden_script|success|{}
2025-03-21T15:01:03Z|9001|WRITE|/dev/shm/.malware|success|{"suspicious": true, "sequence": 6772}
2025-03-21T15:01:23Z|5001|READ|/home/user/.ssh/id_rsa|success|{}
2025-03-21T15:01:24Z|7002|ATTRIBUTE|/dev/shm/.malware|failure|{}
2025-03-21T15:01:35Z|5010|EXECUTE|/tmp/test.txt|success|{}
2025-03-21T15:01:56Z|6008|READ|/home/user/documents/report.doc|success|{}
2025-03-21T15:02:14Z|9102|ATTRIBUTE|/etc/hosts|success|{}
2025-03-21T15:02:16Z|9200|READ|/etc/passwd|success|{}
2025-03-21T15:02:40Z|6004|READ|/etc/shadow|success|{}
2025-03-21T15:02:59Z|7001|DELETE|/etc/passwd|success|{}
2025-03-21T15:03:29Z|9002|ATTRIBUTE|/tmp/.hidden_script|success|{}
2025-03-21T15:03:53Z|6008|RENAME|/etc/hosts|success|{}
2025-03-21T15:03:58Z|4000|READ|/tmp/.hidden_script|failure|{"suspicious": true, "sequence": 6783}
2025-03-21T15:04:00Z|9000|WRITE|/dev/shm/.malware|success|{"suspicious": true, "sequence": 6784}
2025-03-21T15:04:25Z|6001|ATTRIBUTE|/tmp/test.txt|failure|{}
2025-03-21T15:04:47Z|1|EXECUTE|/dev/shm/.malware|success|{}
2025-03-21T15:05:03Z|1012|RENAME|/etc/cron.d/.hack|success|{}
2025-03-21T15:05:06Z|9202|READ|/var/www/.shell.php|success|{"suspicious": true, "sequence": 6788}
2025-03-21T15:05:32Z|4015|EXECUTE|/var/log/auth.log|failure|{}
2025-03-21T15:05:39Z|7001|EXECUTE|/dev/shm/.malware|failure|{}
2025-03-21T15:06:09Z|4000|ATTRIBUTE|/etc/passwd|success|{}
2025-03-21T15:06:35Z|9004|RENAME|/etc/hosts|success|{}
2025-03-21T15:07:05Z|1008|ATTRIBUTE|/etc/hosts|success|{}
2025-03-21T15:07:24Z|9103|WRITE|/etc/shadow|success|{"size": 604222}
2025-03-21T15:07:29Z|4026|RENAME|/etc/passwd|success|{}
2025-03-21T15:07:49Z|9002|ATTRIBUTE|/etc/cron.d/.hack|success|{}
2025-03-21T15:08:18Z|6005|READ|/tmp/.hidden_script|success|{"suspicious": true, "sequence": 6797}
2025-03-21T15:08:24Z|1003|DELETE|/home/user/documents/report.doc|success|{}
2025-03-21T15:08:31Z|1002|EXECUTE|/tmp/.hidden_script|success|{}
2025-03-21T15:08:46Z|4029|RENAME|/etc/cron.d/.hack|failure|{}
2025-03-21T15:09:04Z|9201|ATTRIBUTE|/tmp/test.txt|success|{}
2025-03-21T15:09:18Z|6003|EXECUTE|/etc/passwd|success|{}
2025-03-21T15:09:35Z|7003|DELETE|/tmp/backdoor.bin|success|{}
2025-03-21T15:09:42Z|7001|READ|/home/user/documents/report.doc|success|{}
2025-03-21T15:09:50Z|3|DELETE|/etc/shadow|success|{}
2025-03-21T15:09:59Z|1011|RENAME|/etc/hosts|success|{}
2025-03-21T15:10:17Z|9101|ATTRIBUTE|/etc/cron.d/.hack|success|{}
2025-03-21T15:10:32Z|3|DELETE|/var/log/syslog|success|{}
2025-03-21T15:10:41Z|5012|DELETE|/home/user/documents/report.doc|success|{}
2025-03-21T15:10:43Z|4028|WRITE|/home/user/.ssh/id_rsa|success|{"size": 217491}
2025-03-21T15:10:57Z|9204|DELETE|/etc/shadow|success|{}
2025-03-21T15:11:19Z|1015|RENAME|/etc/hosts|success|{}
2025-03-21T15:11:34Z|9204|ATTRIBUTE|/tmp/test.txt|success|{}
2025-03-21T15:11:42Z|4003|ATTRIBUTE|/etc/hosts|success|{}
2025-03-21T15:11:52Z|4013|WRITE|/home/user/documents/report.doc|success|{"size": 568856}
2025-03-21T15:12:15Z|4|ATTRIBUTE|/dev/shm/.malware|success|{}
2025-03-21T15:12:28Z|6002|READ|/home/user/documents/report.doc|success|{}
2025-03-21T15:12:56Z|6009|EXECUTE|/etc/hosts|failure|{}
2025-03-21T15:13:01Z|5|EXECUTE|/dev/shm/.malware|failure|{}
2025-03-21T15:13:28Z|6001|ATTRIBUTE|/tmp/.hidden_script|success|{}
2025-03-21T15:13:53Z|4008|WRITE|/dev/shm/.malware|success|{"suspicious": true, "sequence": 6821}
2025-03-21T15:14:01Z|9004|ATTRIBUTE|/etc/passwd|success|{}
2025-03-21T15:14:12Z|9200|WRITE|/tmp/.hidden_script|success|{"suspicious": true, "sequence": 6823}
2025-03-21T15:14:41Z|9200|WRITE|/dev/shm/.malware|success|{"suspicious": true, "sequence": 6824}
2025-03-21T15:14:55Z|5004|DELETE|/etc/shadow|success|{}
2025-03-21T15:15:08Z|6005|READ|/home/user/.ssh/id_rsa|success|{}
2025-03-21T15:15:30Z|7004|READ|/etc/passwd|success|{}
2025-03-21T15:15:54Z|9204|RENAME|/etc/cron.d/.hack|success|{}
2025-03-21T15:16:15Z|4018|READ|/home/user/documents/report.doc|success|{}
2025-03-21T15:16:26Z|9104|READ|/etc/passwd|success|{}
2025-03-21T15:16:34Z|4026|RENAME|/var/www/.shell.php|success|{}
2025-03-21T15:16:59Z|7001|READ|/var/log/syslog|success|{}
2025-03-21T15:17:13Z|5|WRITE|/var/www/.shell.php|success|{"suspicious": true, "sequence": 6833}
2025-03-21T15:17:18Z|6009|DELETE|/tmp/.hidden_script|success|{}
2025-03-21T15:17:22Z|9104|RENAME|/tmp/.hidden_script|failure|{}
2025-03-21T15:17:27Z|9003|WRITE|/etc/cron.d/.hack|success|{"suspicious": true, "sequence": 6836}
2025-03-21T15:17:31Z|9101|RENAME|/etc/cron.d/.hack|success|{}
2025-03-21T15:17:34Z|9200|READ|/etc/hosts|success|{}
2025-03-21T15:18:00Z|9104|EXECUTE|/etc/passwd|success|{}
2025-03-21T15:18:19Z|9104|READ|/tmp/test.txt|success|{}
2025-03-21T15:18:33Z|7003|READ|/var/www/.shell.php|failure|{"suspicious": true, "sequence": 6841}
2025-03-21T15:18:58Z|9202|EXECUTE|/etc/passwd|success|{}
2025-03-21T15:19:18Z|9204|EXECUTE|/dev/shm/.malware|success|{}
2025-03-21T15:19:42Z|9101|WRITE|/etc/shadow|success|{"size": 322952}
2025-03-21T15:19:44Z|4022|DELETE|/var/log/auth.log|success|{}
2025-03-21T15:20:01Z|1003|READ|/home/user/.ssh/id_rsa|success|{}
2025-03-21T15:20:24Z|7004|READ|/etc/shadow|success|{}
2025-03-21T15:20:34Z|5009|ATTRIBUTE|/etc/shadow|success|{}
2025-03-21T15:20:52Z|9002|ATTRIBUTE|/var/log/auth.log|success|{}
2025-03-21T15:20:55Z|4014|DELETE|/etc/cron.d/.hack|failure|{}
2025-03-21T15:21:23Z|9000|RENAME|/etc/shadow|success|{}
2025-03-21T15:21:48Z|9103|EXECUTE|/etc/hosts|success|{}
2025-03-21T15:22:07Z|1014|EXECUTE|/tmp/backdoor.bin|success|{}
2025-03-21T15:22:09Z|7000|ATTRIBUTE|/home/user/.ssh/id_rsa|failure|{}
2025-03-21T15:22:10Z|4019|ATTRIBUTE|/tmp/backdoor.bin|success|{}
2025-03-21T15:22:28Z|9203|READ|/var/log/syslog|success|{}
2025-03-21T15:22:34Z|1|RENAME|/home/user/documents/report.doc|success|{}
2025-03-21T15:22:43Z|1003|READ|/etc/shadow|success|{}
2025-03-21T15:22:55Z|5004|DELETE|/tmp/backdoor.bin|success|{}
2025-03-21T15:23:11Z|1017|DELETE|/home/user/.ssh/id_rsa|failure|{}
2025-03-21T15:23:15Z|7000|EXECUTE|/etc/hosts|success|{}
2025-03-21T15:23:44Z|7001|DELETE|/etc/shadow|success|{}
2025-03-21T15:23:49Z|9204|EXECUTE|/var/log/auth.log|failure|{}
2025-03-21T15:24:18Z|6003|DELETE|/etc/hosts|success|{}
2025-03-21T15:24:42Z|6002|ATTRIBUTE|/etc/hosts|success|{}
2025-03-21T15:25:03Z|9201|DELETE|/tmp/backdoor.bin|success|{}
2025-03-21T15:25:19Z|4014|DELETE|/etc/hosts|success|{}
2025-03-21T15:25:44Z|9003|WRITE|/etc/passwd|success|{"size": 15384}
2025-03-21T15:26:09Z|2|EXECUTE|/dev/shm/.malware|success|{}
2025-03-21T15:26:14Z|5|DELETE|/tmp/test.txt|success|{}
2025-03-21T15:26:25Z|9001|RENAME|/etc/passwd|success|{}
2025-03-21T15:26:55Z|5|WRITE|/etc/cron.d/.hack|success|{"suspicious": true, "sequence": 6872}
2025-03-21T15:27:13Z|7003|RENAME|/etc/passwd|success|{}
2025-03-21T15:27:19Z|6001|READ|/tmp/backdoor.bin|success|{"suspicious": true, "sequence": 6874}
2025-03-21T15:27:42Z|9003|EXECUTE|/var/log/syslog|failure|{}
2025-03-21T15:27:46Z|3|WRITE|/home/user/documents/report.doc|success|{"size": 542200}
2025-03-21T15:27:57Z|5009|WRITE|/home/user/documents/report.doc|success|{"size": 192260}
2025-03-21T15:28:27Z|1015|DELETE|/tmp/.hidden_script|success|{}
2025-03-21T15:28:44Z|5013|ATTRIBUTE|/etc/passwd|success|{}
2025-03-21T15:28:59Z|6004|EXECUTE|/var/log/syslog|success|{}
2025-03-21T15:29:22Z|7002|EXECUTE|/tmp/test.txt|success|{}
2025-03-21T15:29:37Z|5|ATTRIBUTE|/tmp/.hidden_script|failure|{}
2025-03-21T15:29:59Z|1017|RENAME|/var/www/.shell.php|success|{}
2025-03-21T15:30:14Z|9203|DELETE|/tmp/.hidden_script|success|{}
2025-03-21T15:30:39Z|5012|WRITE|/etc/hosts|success|{"size": 448648}
2025-03-21T15:30:44Z|7002|READ|/var/www/.shell.php|success|{"suspicious": true, "sequence": 6886}
2025-03-21T15:31:07Z|6000|RENAME|/tmp/backdoor.bin|success|{}
2025-03-21T15:31:28Z|4005|READ|/tmp/test.txt|success|{}
2025-03-21T15:31:52Z|9100|ATTRIBUTE|/home/user/.ssh/id_rsa|success|{}
2025-03-21T15:32:15Z|6009|WRITE|/etc/hosts|success|{"size": 354898}
2025-03-21T15:32:27Z|9100|EXECUTE|/tmp/backdoor.bin|success|{}
2025-03-21T15:32:45Z|4|READ|/etc/cron.d/.hack|success|{"suspicious": true, "sequence": 6892}
2025-03-21T15:33:10Z|4018|RENAME|/var/www/.shell.php|success|{}
2025-03-21T15:33:20Z|5001|WRITE|/var/log/auth.log|success|{"size": 873379}
2025-03-21T15:33:31Z|1019|DELETE|/home/user/documents/report.doc|success|{}
2025-03-21T15:33:35Z|1007|EXECUTE|/var/log/auth.log|success|{}
2025-03-21T15:33:44Z|9100|RENAME|/var/log/syslog|success|{}
2025-03-21T15:34:05Z|1015|WRITE|/home/user/.ssh/id_rsa|success|{"size": 38665}
2025-03-21T15:34:27Z|9203|WRITE|/dev/shm/.malware|success|{"suspicious": true, "sequence": 6899}
2025-03-21T15:34:42Z|4026|RENAME|/etc/shadow|success|{}
2025-03-21T15:35:06Z|6007|WRITE|/var/log/auth.log|success|{"size": 473787}
2025-03-21T15:35:21Z|4009|EXECUTE|/etc/passwd|failure|{}
2025-03-21T15:35:44Z|9200|DELETE|/etc/passwd|success|{}
2025-03-21T15:35:47Z|9003|READ|/etc/shadow|success|{}
2025-03-21T15:35:53Z|5004|WRITE|/var/log/syslog|success|{"size": 729238}
2025-03-21T15:36:07Z|6001|DELETE|/var/log/auth.log|failure|{}
2025-03-21T15:36:24Z|6000|RENAME|/etc/shadow|success|{}
2025-03-21T15:36:44Z|9100|READ|/var/log/auth.log|failure|{}
2025-03-21T15:37:12Z|9100|ATTRIBUTE|/tmp/backdoor.bin|success|{}
2025-03-21T15:37:20Z|4018|RENAME|/etc/cron.d/.hack|success|{}
2025-03-21T15:37:36Z|9000|DELETE|/etc/passwd|success|{}
2025-03-21T15:37:56Z|6000|DELETE|/var/log/auth.log|success|{}
2025-03-21T15:38:00Z|9201|DELETE|/home/user/.ssh/id_rsa|failure|{}
2025-03-21T15:38:15Z|9202|WRITE|/home/user/documents/report.doc|success|{"size": 47059}
2025-03-21T15:38:26Z|1006|READ|/var/log/auth.log|success|{}
2025-03-21T15:38:30Z|4009|READ|/tmp/.hidden_script|success|{"suspicious": true, "sequence": 6916}
2025-03-21T15:38:41Z|7000|RENAME|/tmp/test.txt|success|{}
2025-03-21T15:39:08Z|7002|DELETE|/var/log/syslog|success|{}
2025-03-21T15:39:10Z|9204|EXECUTE|/var/log/auth.log|success|{}
2025-03-21T15:39:39Z|5004|WRITE|/tmp/.hidden_script|success|{"suspicious": true, "sequence": 6920}
2025-03-21T15:39:42Z|9100|ATTRIBUTE|/home/user/documents/report.doc|success|{}
2025-03-21T15:40:03Z|5|ATTRIBUTE|/tmp/test.txt|success|{}
2025-03-21T15:40:19Z|6005|DELETE|/etc/shadow|success|{}
2025-03-21T15:40:23Z|9003|EXECUTE|/tmp/.hidden_script|success|{}
2025-03-21T15:40:39Z|9202|RENAME|/dev/shm/.malware|failure|{}
2025-03-21T15:40:47Z|1011|RENAME|/etc/cron.d/.hack|success|{}
2025-03-21T15:41:07Z|9201|RENAME|/var/log/syslog|success|{}
2025-03-21T15:41:20Z|4026|EXECUTE|/etc/shadow|success|{}
2025-03-21T15:41:28Z|9103|READ|/var/log/auth.log|failure|{}
2025-03-21T15:41:30Z|9101|WRITE|/var/www/.shell.php|success|{"suspicious": true, "sequence": 6930}
2025-03-21T15:41:56Z|1001|DELETE|/etc/cron.d/.hack|success|{}
2025-03-21T15:42:05Z|9103|DELETE|/etc/hosts|success|{}
2025-03-21T15:42:17Z|9102|RENAME|/var/www/.shell.php|success|{}
2025-03-21T15:42:24Z|7000|EXECUTE|/etc/cron.d/.hack|success|{}
2025-03-21T15:42:52Z|9200|EXECUTE|/etc/cron.d/.hack|success|{}
2025-03-21T15:43:06Z|4024|DELETE|/var/log/syslog|success|{}
2025-03-21T15:43:27Z|5|READ|/home/user/documents/report.doc|success|{}
2025-03-21T15:43:28Z|1014|DELETE|/tmp/.hidden_script|success|{}
2025-03-21T15:43:36Z|7001|RENAME|/etc/passwd|success|{}
2025-03-21T15:43:41Z|6000|EXECUTE|/home/user/.ssh/id_rsa|success|{}
2025-03-21T15:44:00Z|9003|READ|/tmp/backdoor.bin|success|{"suspicious": true, "sequence": 6941}
2025-03-21T15:44:07Z|5009|WRITE|/var/log/syslog|failure|{"size": 696729}
2025-03-21T15:44:24Z|4010|RENAME|/dev/shm/.malware|success|{}
2025-03-21T15:44:27Z|2|EXECUTE|/tmp/backdoor.bin|success|{}
2025-03-21T15:44:47Z|9100|RENAME|/etc/cron.d/.hack|success|{}
2025-03-21T15:45:14Z|1002|READ|/tmp/test.txt|success|{}
2025-03-21T15:45:21Z|1010|EXECUTE|/var/log/auth.log|success|{}
2025-03-21T15:45:25Z|3|DELETE|/etc/shadow|success|{}
2025-03-21T15:45:52Z|9201|READ|/var/log/auth.log|success|{}
2025-03-21T15:46:07Z|7003|WRITE|/tmp/.hidden_script|success|{"suspicious": true, "sequence": 6950}
2025-03-21T15:46:31Z|1009|EXECUTE|/tmp/test.txt|success|{}
2025-03-21T15:46:41Z|7000|ATTRIBUTE|/tmp/backdoor.bin|success|{}
2025-03-21T15:47:08Z|9004|ATTRIBUTE|/home/user/documents/report.doc|failure|{}
2025-03-21T15:47:11Z|9104|DELETE|/etc/hosts|success|{}
2025-03-21T15:47:38Z|9204|READ|/tmp/test.txt|success|{}
2025-03-21T15:47:51Z|1|RENAME|/etc/shadow|success|{}
2025-03-21T15:48:00Z|4016|EXECUTE|/home/user/.ssh/id_rsa|success|{}
2025-03-21T15:48:27Z|4026|DELETE|/var/log/auth.log|success|{}
2025-03-21T15:48:34Z|5007|ATTRIBUTE|/tmp/.hidden_script|success|{}
2025-03-21T15:48:59Z|5014|ATTRIBUTE|/etc/hosts|failure|{}
2025-03-21T15:49:08Z|4024|ATTRIBUTE|/var/www/.shell.php|success|{}
2025-03-21T15:49:36Z|9204|RENAME|/etc/shadow|success|{}
2025-03-21T15:49:43Z|9002|READ|/var/log/syslog|success|{}
2025-03-21T15:49:52Z|7004|DELETE|/home/user/documents/report.doc|success|{}
2025-03-21T15:50:07Z|7004|EXECUTE|/var/www/.shell.php|success|{}
2025-03-21T15:50:34Z|9101|DELETE|/dev/shm/.malware|success|{}
2025-03-21T15:50:38Z|9000|DELETE|/etc/shadow|success|{}
2025-03-21T15:50:56Z|6000|DELETE|/home/user/documents/report.doc|success|{}
2025-03-21T15:51:23Z|5005|RENAME|/var/log/auth.log|success|{}
2025-03-21T15:51:35Z|6002|WRITE|/dev/shm/.malware|success|{"suspicious": true, "sequence": 6970}
2025-03-21T15:52:03Z|9101|DELETE|/tmp/test.txt|success|{}
2025-03-21T15:52:17Z|9001|RENAME|/tmp/test.txt|success|{}
2025-03-21T15:52:42Z|9101|EXECUTE|/dev/shm/.malware|failure|{}
2025-03-21T15:52:49Z|4|DELETE|/etc/cron.d/.hack|failure|{}
2025-03-21T15:53:05Z|5|EXECUTE|/etc/passwd|success|{}
2025-03-21T15:53:08Z|1015|ATTRIBUTE|/tmp/test.txt|success|{}
2025-03-21T15:53:29Z|9200|ATTRIBUTE|/etc/hosts|success|{}
2025-03-21T15:53:51Z|9004|WRITE|/var/www/.shell.php|success|{"suspicious": true, "sequence": 6978}
2025-03-21T15:53:55Z|3|DELETE|/etc/cron.d/.hack|success|{}
2025-03-21T15:54:23Z|4006|ATTRIBUTE|/etc/hosts|success|{}
2025-03-21T15:54:32Z|1|ATTRIBUTE|/home/user/.ssh/id_rsa|success|{}
2025-03-21T15:54:47Z|7001|ATTRIBUTE|/home/user/.ssh/id_rsa|success|{}
2025-03-21T15:54:53Z|7002|EXECUTE|/tmp/backdoor.bin|success|{}
2025-03-21T15:55:05Z|4027|ATTRIBUTE|/var/www/.shell.php|failure|{}
2025-03-21T15:55:24Z|2|EXECUTE|/dev/shm/.malware|success|{}
2025-03-21T15:55:27Z|1005|ATTRIBUTE|/home/user/.ssh/id_rsa|success|{}
2025-03-21T15:55:57Z|5|ATTRIBUTE|/tmp/.hidden_script|failure|{}
2025-03-21T15:56:27Z|4019|DELETE|/home/user/documents/report.doc|success|{}
2025-03-21T15:56:34Z|6009|RENAME|/tmp/backdoor.bin|failure|{}
2025-03-21T15:57:01Z|5014|READ|/etc/shadow|success|{}
2025-03-21T15:57:21Z|6006|EXECUTE|/var/log/auth.log|success|{}
2025-03-21T15:57:33Z|9103|WRITE|/etc/hosts|success|{"size": 657553}
2025-03-21T15:57:50Z|7003|EXECUTE|/var/log/auth.log|failure|{}
2025-03-21T15:58:10Z|9002|DELETE|/dev/shm/.malware|success|{}
2025-03-21T15:58:36Z|5012|READ|/etc/passwd|success|{}
2025-03-21T15:58:46Z|6009|ATTRIBUTE|/home/user/documents/report.doc|success|{}
2025-03-21T15:59:14Z|9203|EXECUTE|/tmp/test.txt|success|{}
2025-03-21T15:59:16Z|3|EXECUTE|/etc/cron.d/.hack|failure|{}
2025-03-21T15:59:43Z|3|ATTRIBUTE|/tmp/test.txt|success|{}
2025-03-21T16:00:09Z|9202|WRITE|/tmp/test.txt|success|{"size": 202200}
2025-03-21T16:00:12Z|5006|READ|/home/user/documents/report.doc|success|{}
2025-03-21T16:00:27Z|7001|RENAME|/dev/shm/.malware|success|{}
2025-03-21T16:00:43Z|1019|READ|/etc/passwd|success|{}
2025-03-21T16:00:48Z|9104|ATTRIBUTE|/etc/hosts|success|{}
2025-03-21T16:01:06Z|1004|WRITE|/home/user/documents/report.doc|success|{"size": 88508}
2025-03-21T16:01:23Z|6006|EXECUTE|/var/www/.shell.php|success|{}
2025-03-21T16:01:42Z|4006|EXECUTE|/tmp/.hidden_script|success|{}
2025-03-21T16:01:47Z|5|EXECUTE|/home/user/.ssh/id_rsa|success|{}
2025-03-21T16:02:14Z|4011|DELETE|/tmp/.hidden_script|failure|{}
2025-03-21T16:02:21Z|4014|RENAME|/etc/hosts|success|{}
2025-03-21T16:02:33Z|5008|READ|/home/user/.ssh/id_rsa|success|{}
2025-03-21T16:02:36Z|1011|DELETE|/dev/shm/.malware|failure|{}
2025-03-21T16:03:03Z|9204|READ|/etc/passwd|success|{}
2025-03-21T16:03:22Z|7002|WRITE|/home/user/.ssh/id_rsa|success|{"size": 435459}
2025-03-21T16:03:23Z|1011|ATTRIBUTE|/etc/shadow|success|{}
2025-03-21T16:03:27Z|6002|EXECUTE|/tmp/.hidden_script|success|{}
2025-03-21T16:03:36Z|1001|RENAME|/etc/passwd|success|{}
2025-03-21T16:03:47Z|9202|DELETE|/tmp/.hidden_script|success|{}
2025-03-21T16:04:01Z|5014|READ|/var/log/auth.log|success|{}
2025-03-21T16:04:02Z|3|READ|/var/log/auth.log|success|{}
2025-03-21T16:04:23Z|9002|READ|/tmp/test.txt|success|{}
2025-03-21T16:04:43Z|4029|RENAME|/tmp/.hidden_script|success|{}
2025-03-21T16:04:57Z|9202|DELETE|/tmp/backdoor.bin|failure|{}
2025-03-21T16:05:17Z|5014|EXECUTE|/etc/shadow|success|{}
2025-03-21T16:05:22Z|9000|ATTRIBUTE|/etc/cron.d/.hack|success|{}
2025-03-21T16:05:48Z|9100|WRITE|/tmp/test.txt|success|{"size": 882866}
2025-03-21T16:05:56Z|7000|DELETE|/etc/shadow|success|{}
2025-03-21T16:06:20Z|1003|RENAME|/etc/passwd|success|{}
2025-03-21T16:06:22Z|2|EXECUTE|/var/log/syslog|success|{}
2025-03-21T16:06:52Z|5012|RENAME|/etc/shadow|failure|{}
2025-03-21T16:07:08Z|4026|WRITE|/tmp/backdoor.bin|success|{"suspicious": true, "sequence": 7031}
2025-03-21T16:07:26Z|5|DELETE|/var/log/auth.log|success|{}
2025-03-21T16:07:27Z|6006|WRITE|/etc/shadow|success|{"size": 252487}
2025-03-21T16:07:53Z|7002|DELETE|/etc/cron.d/.hack|success|{}
2025-03-21T16:08:06Z|4027|ATTRIBUTE|/etc/passwd|success|{}
2025-03-21T16:08:19Z|4|WRITE|/home/user/documents/report.doc|success|{"size": 561705}
2025-03-21T16:08:39Z|9004|EXECUTE|/tmp/test.txt|success|{}
2025-03-21T16:08:45Z|4016|WRITE|/etc/cron.d/.hack|success|{"suspicious": true, "sequence": 7038}
2025-03-21T16:09:15Z|5006|ATTRIBUTE|/var/log/auth.log|success|{}
2025-03-21T16:09:32Z|7003|DELETE|/etc/passwd|success|{}
2025-03-21T16:09:44Z|9203|READ|/tmp/backdoor.bin|success|{"suspicious": true, "sequence": 7041}
2025-03-21T16:10:02Z|6006|WRITE|/etc/cron.d/.hack|success|{"suspicious": true, "sequence": 7042}
2025-03-21T16:10:14Z|7003|READ|/etc/shadow|success|{}
2025-03-21T16:10:30Z|1007|RENAME|/tmp/.hidden_script|success|{}
2025-03-21T16:10:47Z|6000|EXECUTE|/home/user/documents/report.doc|failure|{}
2025-03-21T16:10:57Z|5005|DELETE|/home/user/.ssh/id_rsa|success|{}
2025-03-21T16:11:10Z|1018|RENAME|/tmp/test.txt|success|{}
2025-03-21T16:11:36Z|9003|EXECUTE|/etc/cron.d/.hack|success|{}
2025-03-21T16:11:55Z|9103|EXECUTE|/tmp/test.txt|success|{}
2025-03-21T16:12:14Z|9200|RENAME|/etc/cron.d/.hack|success|{}
2025-03-21T16:12:15Z|1007|WRITE|/var/log/auth.log|success|{"size": 656854}
2025-03-21T16:12:19Z|9203|ATTRIBUTE|/home/user/documents/report.doc|success|{}
2025-03-21T16:12:49Z|7000|RENAME|/tmp/.hidden_script|failure|{}
2025-03-21T16:13:16Z|1014|READ|/tmp/test.txt|success|{}
2025-03-21T16:13:45Z|9101|WRITE|/etc/hosts|success|{"size": 1030681}
2025-03-21T16:14:08Z|9100|READ|/var/log/auth.log|success|{}
2025-03-21T16:14:38Z|9001|DELETE|/var/www/.shell.php|success|{}
2025-03-21T16:14:52Z|3|EXECUTE|/etc/shadow|success|{}
2025-03-21T16:15:00Z|5002|READ|/var/log/syslog|success|{}
2025-03-21T16:15:03Z|9100|ATTRIBUTE|/var/log/syslog|success|{}
2025-03-21T16:15:12Z|6000|READ|/home/user/documents/report.doc|failure|{}
2025-03-21T16:15:24Z|9102|DELETE|/tmp/test.txt|success|{}
2025-03-21T16:15:50Z|7000|DELETE|/tmp/test.txt|success|{}
2025-03-21T16:16:17Z|9204|EXECUTE|/var/log/syslog|success|{}
2025-03-21T16:16:40Z|9002|READ|/var/www/.shell.php|success|{"suspicious": true, "sequence": 7065}
2025-03-21T16:17:03Z|9204|DELETE|/etc/hosts|success|{}
2025-03-21T16:17:10Z|7000|EXECUTE|/home/user/documents/report.doc|success|{}
2025-03-21T16:17:11Z|9202|WRITE|/home/user/.ssh/id_rsa|success|{"size": 382031}
2025-03-21T16:17:33Z|5012|ATTRIBUTE|/var/log/auth.log|success|{}
2025-03-21T16:17:38Z|6006|DELETE|/etc/shadow|success|{}
2025-03-21T16:17:48Z|1005|WRITE|/tmp/backdoor.bin|success|{"suspicious": true, "sequence": 7071}
2025-03-21T16:18:01Z|1|EXECUTE|/var/www/.shell.php|success|{}
2025-03-21T16:18:31Z|9004|RENAME|/etc/cron.d/.hack|success|{}
2025-03-21T16:18:55Z|9104|WRITE|/etc/cron.d/.hack|success|{"suspicious": true, "sequence": 7074}
2025-03-21T16:19:08Z|9101|READ|/etc/cron.d/.hack|failure|{"suspicious": true, "sequence": 7075}
2025-03-21T16:19:33Z|7004|READ|/etc/cron.d/.hack|success|{"suspicious": true, "sequence": 7076}
2025-03-21T16:19:36Z|9002|WRITE|/dev/shm/.malware|success|{"suspicious": true, "sequence": 7077}
2025-03-21T16:19:57Z|4|EXECUTE|/tmp/.hidden_script|success|{}
2025-03-21T16:20:00Z|5|DELETE|/home/user/documents/report.doc|success|{}
2025-03-21T16:20:17Z|4007|ATTRIBUTE|/tmp/.hidden_script|success|{}
2025-03-21T16:20:46Z|9003|WRITE|/dev/shm/.malware|success|{"suspicious": true, "sequence": 7081}
2025-03-21T16:21:03Z|7003|READ|/home/user/documents/report.doc|success|{}
2025-03-21T16:21:18Z|4021|READ|/home/user/documents/report.doc|success|{}
2025-03-21T16:21:34Z|7003|EXECUTE|/tmp/test.txt|success|{}
2025-03-21T16:21:52Z|1006|EXECUTE|/tmp/backdoor.bin|success|{}
2025-03-21T16:22:21Z|5004|RENAME|/tmp/test.txt|success|{}
2025-03-21T16:22:29Z|9202|DELETE|/etc/passwd|success|{}
2025-03-21T16:22:37Z|4|WRITE|/etc/hosts|success|{"size": 359484}
2025-03-21T16:22:57Z|9102|DELETE|/var/log/auth.log|success|{}
2025-03-21T16:23:23Z|1010|READ|/etc/hosts|failure|{}
2025-03-21T16:23:25Z|6007|READ|/tmp/.hidden_script|success|{"suspicious": true, "sequence": 7091}
2025-03-21T16:23:48Z|7004|ATTRIBUTE|/etc/cron.d/.hack|failure|{}
2025-03-21T16:23:57Z|1013|ATTRIBUTE|/tmp/.hidden_script|success|{}
2025-03-21T16:24:12Z|7004|READ|/var/www/.shell.php|success|{"suspicious": true, "sequence": 7094}
2025-03-21T16:24:39Z|7000|DELETE|/var/log/auth.log|success|{}
2025-03-21T16:24:56Z|5004|ATTRIBUTE|/dev/shm/.malware|success|{}
2025-03-21T16:25:15Z|1003|WRITE|/tmp/test.txt|success|{"size": 933873}
2025-03-21T16:25:44Z|9103|READ|/etc/shadow|success|{}
2025-03-21T16:26:00Z|5007|WRITE|/etc/cron.d/.hack|success|{"suspicious": true, "sequence": 7099}
2025-03-21T16:26:20Z|1014|ATTRIBUTE|/home/user/.ssh/id_rsa|success|{}
2025-03-21T16:26:36Z|4|WRITE|/home/user/.ssh/id_rsa|success|{"size": 134580}
2025-03-21T16:26:55Z|6005|READ|/tmp/backdoor.bin|success|{"suspicious": true, "sequence": 7102}
2025-03-21T16:27:15Z|6004|READ|/var/www/.shell.php|success|{"suspicious": true, "sequence": 7103}
2025-03-21T16:27:38Z|4023|DELETE|/dev/shm/.malware|success|{}
2025-03-21T16:27:54Z|9102|ATTRIBUTE|/etc/shadow|success|{}
2025-03-21T16:28:07Z|9104|WRITE|/tmp/.hidden_script|success|{"suspicious": true, "sequence": 7106}
2025-03-21T16:28:24Z|9002|RENAME|/etc/cron.d/.hack|success|{}
2025-03-21T16:28:42Z|5003|WRITE|/var/www/.shell.php|success|{"suspicious": true, "sequence": 7108}
2025-03-21T16:28:45Z|1018|READ|/tmp/.hidden_script|success|{"suspicious": true, "sequence": 7109}
2025-03-21T16:28:58Z|5006|RENAME|/home/user/.ssh/id_rsa|success|{}
2025-03-21T16:29:15Z|1|RENAME|/var/log/syslog|success|{}
2025-03-21T16:29:44Z|1013|ATTRIBUTE|/dev/shm/.malware|success|{}
2025-03-21T16:29:56Z|7004|READ|/etc/cron.d/.hack|success|{"suspicious": true, "sequence": 7113}
2025-03-21T16:30:15Z|4024|EXECUTE|/tmp/backdoor.bin|success|{}
2025-03-21T16:30:42Z|9002|WRITE|/home/user/.ssh/id_rsa|success|{"size": 441834}
2025-03-21T16:31:04Z|1003|RENAME|/etc/hosts|failure|{}
2025-03-21T16:31:26Z|4005|READ|/var/log/syslog|success|{}
2025-03-21T16:31:27Z|7000|DELETE|/home/user/.ssh/id_rsa|failure|{}
2025-03-21T16:31:33Z|4005|EXECUTE|/var/log/syslog|failure|{}
2025-03-21T16:31:58Z|1004|READ|/home/user/.ssh/id_rsa|success|{}
2025-03-21T16:32:07Z|7004|RENAME|/tmp/backdoor.bin|success|{}
2025-03-21T16:32:18Z|1001|ATTRIBUTE|/home/user/documents/report.doc|success|{}
2025-03-21T16:32:27Z|9000|EXECUTE|/etc/passwd|success|{}
2025-03-21T16:32:51Z|9102|RENAME|/etc/cron.d/.hack|success|{}
2025-03-21T16:32:57Z|2|READ|/home/user/.ssh/id_rsa|success|{}
2025-03-21T16:33:25Z|9203|DELETE|/etc/cron.d/.hack|failure|{}
2025-03-21T16:33:52Z|2|EXECUTE|/home/user/.ssh/id_rsa|success|{}
2025-03-21T16:34:02Z|1017|RENAME|/etc/passwd|success|{}
2025-03-21T16:34:04Z|6007|EXECUTE|/home/user/.ssh/id_rsa|success|{}
2025-03-21T16:34:09Z|5000|EXECUTE|/etc/hosts|success|{}
2025-03-21T16:34:33Z|9100|EXECUTE|/var/log/auth.log|success|{}
2025-03-21T16:34:55Z|4005|READ|/etc/cron.d/.hack|success|{"suspicious": true, "sequence": 7132}
2025-03-21T16:35:24Z|4019|RENAME|/etc/cron.d/.hack|failure|{}
2025-03-21T16:35:51Z|5001|DELETE|/var/www/.shell.php|success|{}
2025-03-21T16:35:59Z|9000|ATTRIBUTE|/home/user/.ssh/id_rsa|success|{}
2025-03-21T16:36:09Z|1008|READ|/var/log/syslog|success|{}
2025-03-21T16:36:29Z|9002|EXECUTE|/home/user/documents/report.doc|success|{}
2025-03-21T16:36:37Z|9002|RENAME|/var/www/.shell.php|success|{}
2025-03-21T16:36:54Z|5006|EXECUTE|/var/www/.shell.php|success|{}
2025-03-21T16:37:04Z|9103|WRITE|/tmp/backdoor.bin|success|{"suspicious": true, "sequence": 7140}
2025-03-21T16:37:31Z|9103|READ|/etc/cron.d/.hack|success|{"suspicious": true, "sequence": 7141}
2025-03-21T16:37:49Z|6000|RENAME|/home/user/.ssh/id_rsa|success|{}
2025-03-21T16:38:05Z|9201|EXECUTE|/tmp/.hidden_script|success|{}
2025-03-21T16:38:35Z|1|EXECUTE|/home/user/documents/report.doc|success|{}
2025-03-21T16:38:48Z|4010|ATTRIBUTE|/etc/passwd|success|{}
2025-03-21T16:39:01Z|6001|DELETE|/etc/shadow|success|{}
2025-03-21T16:39:04Z|4008|WRITE|/var/www/.shell.php|success|{"suspicious": true, "sequence": 7147}
2025-03-21T16:39:10Z|6007|ATTRIBUTE|/home/user/.ssh/id_rsa|failure|{}
2025-03-21T16:39:34Z|5001|WRITE|/tmp/.hidden_script|success|{"suspicious": true, "sequence": 7149}
2025-03-21T16:39:36Z|9204|READ|/var/log/auth.log|success|{}
2025-03-21T16:39:46Z|5009|RENAME|/etc/cron.d/.hack|success|{}
2025-03-21T16:40:12Z|7003|ATTRIBUTE|/tmp/.hidden_script|success|{}
2025-03-21T16:40:41Z|9002|EXECUTE|/home/user/.ssh/id_rsa|success|{}
2025-03-21T16:41:11Z|5012|READ|/tmp/test.txt|success|{}
2025-03-21T16:41:16Z|1006|ATTRIBUTE|/var/www/.shell.php|success|{}
2025-03-21T16:41:38Z|1006|WRITE|/tmp/test.txt|success|{"size": 735720}
2025-03-21T16:41:59Z|9103|RENAME|/var/log/syslog|success|{}
2025-03-21T16:42:09Z|1012|RENAME|/home/user/documents/report.doc|success|{}
2025-03-21T16:42:11Z|6007|RENAME|/dev/shm/.malware|failure|{}
2025-03-21T16:42:41Z|7000|RENAME|/home/user/documents/report.doc|success|{}
2025-03-21T16:43:01Z|7003|EXECUTE|/home/user/documents/report.doc|success|{}
2025-03-21T16:43:28Z|9003|DELETE|/etc/hosts|success|{}
2025-03-21T16:43:55Z|1019|READ|/etc/shadow|success|{}
2025-03-21T16:44:19Z|2|WRITE|/home/user/documents/report.doc|failure|{"size": 1030532}
2025-03-21T16:44:26Z|9004|READ|/etc/cron.d/.hack|success|{"suspicious": true, "sequence": 7165}
2025-03-21T16:44:51Z|9101|ATTRIBUTE|/tmp/test.txt|success|{}
2025-03-21T16:44:59Z|7002|WRITE|/home/user/documents/report.doc|success|{"size": 156170}
2025-03-21T16:45:02Z|9003|ATTRIBUTE|/etc/shadow|success|{}
2025-03-21T16:45:03Z|6006|DELETE|/tmp/test.txt|success|{}
2025-03-21T16:45:20Z|5008|RENAME|/var/www/.shell.php|success|{}
2025-03-21T16:45:49Z|9102|READ|/dev/shm/.malware|failure|{"suspicious": true, "sequence": 7171}
2025-03-21T16:45:55Z|1|READ|/var/log/syslog|failure|{}
2025-03-21T16:46:19Z|5006|ATTRIBUTE|/home/user/documents/report.doc|success|{}
2025-03-21T16:46:44Z|9104|WRITE|/tmp/.hidden_script|success|{"suspicious": true, "sequence": 7174}
2025-03-21T16:46:55Z|9101|READ|/etc/cron.d/.hack|success|{"suspicious": true, "sequence": 7175}
2025-03-21T16:47:06Z|9100|READ|/tmp/test.txt|success|{}
2025-03-21T16:47:32Z|9002|READ|/tmp/test.txt|success|{}
2025-03-21T16:47:46Z|1|EXECUTE|/etc/passwd|failure|{}
2025-03-21T16:47:59Z|7000|ATTRIBUTE|/tmp/.hidden_script|success|{}
2025-03-21T16:48:12Z|7004|READ|/tmp/test.txt|success|{}
2025-03-21T16:48:29Z|9201|ATTRIBUTE|/etc/shadow|success|{}
2025-03-21T16:48:46Z|9100|READ|/var/log/syslog|failure|{}
2025-03-21T16:49:01Z|9200|READ|/etc/hosts|failure|{}
2025-03-21T16:49:06Z|6004|ATTRIBUTE|/etc/hosts|success|{}
2025-03-21T16:49:11Z|6005|DELETE|/var/log/syslog|success|{}
2025-03-21T16:49:32Z|6006|RENAME|/home/user/.ssh/id_rsa|success|{}
2025-03-21T16:49:54Z|1013|READ|/home/user/documents/report.doc|success|{}
2025-03-21T16:50:02Z|7002|DELETE|/etc/cron.d/.hack|success|{}
2025-03-21T16:50:05Z|9003|WRITE|/home/user/.ssh/id_rsa|success|{"size": 105050}
2025-03-21T16:50:17Z|2|EXECUTE|/tmp/backdoor.bin|failure|{}
2025-03-21T16:50:40Z|6001|DELETE|/etc/cron.d/.hack|failure|{}
2025-03-21T16:50:46Z|9104|ATTRIBUTE|/var/log/syslog|success|{}
2025-03-21T16:51:15Z|6009|RENAME|/tmp/backdoor.bin|failure|{}
2025-03-21T16:51:37Z|4013|RENAME|/etc/hosts|success|{}
2025-03-21T16:51:42Z|4007|RENAME|/dev/shm/.malware|success|{}
2025-03-21T16:51:55Z|1013|DELETE|/etc/shadow|success|{}
2025-03-21T16:52:16Z|1016|WRITE|/etc/hosts|success|{"size": 521290}
2025-03-21T16:52:18Z|4010|EXECUTE|/tmp/backdoor.bin|success|{}
2025-03-21T16:52:28Z|7000|READ|/var/log/auth.log|success|{}
2025-03-21T16:52:58Z|9000|WRITE|/etc/shadow|success|{"size": 91367}
2025-03-21T16:53:05Z|5|WRITE|/dev/shm/.malware|success|{"suspicious": true, "sequence": 7201}
2025-03-21T16:53:27Z|1004|WRITE|/tmp/test.txt|success|{"size": 201442}
2025-03-21T16:53:51Z|9200|DELETE|/tmp/test.txt|success|{}
2025-03-21T16:54:12Z|1006|DELETE|/home/user/documents/report.doc|failure|{}
2025-03-21T16:54:23Z|4027|EXECUTE|/var/log/syslog|success|{}
2025-03-21T16:54:30Z|9200|ATTRIBUTE|/etc/passwd|success|{}
2025-03-21T16:55:00Z|9100|EXECUTE|/etc/hosts|success|{}
2025-03-21T16:55:30Z|9203|ATTRIBUTE|/var/www/.shell.php|success|{}
2025-03-21T16:55:32Z|7002|ATTRIBUTE|/tmp/test.txt|success|{}
2025-03-21T16:55:51Z|9202|RENAME|/tmp/backdoor.bin|success|{}
2025-03-21T16:56:16Z|7004|EXECUTE|/var/log/syslog|success|{}
2025-03-21T16:56:24Z|7003|READ|/var/log/syslog|success|{}
2025-03-21T16:56:30Z|6001|EXECUTE|/var/log/syslog|success|{}
2025-03-21T16:56:38Z|5001|ATTRIBUTE|/tmp/.hidden_script|success|{}
2025-03-21T16:56:45Z|9103|WRITE|/etc/cron.d/.hack|success|{"suspicious": true, "sequence": 7215}
2025-03-21T16:56:51Z|4028|WRITE|/var/log/syslog|success|{"size": 1014210}
2025-03-21T16:57:04Z|6003|WRITE|/var/log/syslog|success|{"size": 771651}
2025-03-21T16:57:19Z|5013|ATTRIBUTE|/etc/cron.d/.hack|success|{}
2025-03-21T16:57:37Z|9202|RENAME|/tmp/backdoor.bin|success|{}
2025-03-21T16:57:49Z|6006|EXECUTE|/etc/cron.d/.hack|success|{}
2025-03-21T16:57:59Z|9202|READ|/dev/shm/.malware|success|{"suspicious": true, "sequence": 7221}
2025-03-21T16:58:20Z|9201|RENAME|/etc/cron.d/.hack|success|{}
2025-03-21T16:58:25Z|6009|RENAME|/home/user/documents/report.doc|success|{}
2025-03-21T16:58:49Z|6005|DELETE|/var/log/auth.log|success|{}
2025-03-21T16:59:17Z|6000|ATTRIBUTE|/var/log/auth.log|success|{}
2025-03-21T16:59:39Z|6006|RENAME|/home/user/documents/report.doc|success|{}
2025-03-21T16:59:58Z|2|RENAME|/tmp/test.txt|success|{}
2025-03-21T17:00:05Z|4028|EXECUTE|/var/www/.shell.php|success|{}
2025-03-21T17:00:26Z|5009|WRITE|/tmp/test.txt|failure|{"size": 361291}
2025-03-21T17:00:30Z|9102|RENAME|/etc/hosts|success|{}
2025-03-21T17:00:37Z|4007|DELETE|/etc/cron.d/.hack|success|{}
2025-03-21T17:01:02Z|7001|WRITE|/etc/passwd|success|{"size": 700322}
2025-03-21T17:01:10Z|7003|DELETE|/var/www/.shell.php|success|{}
2025-03-21T17:01:31Z|4026|EXECUTE|/home/user/documents/report.doc|success|{}
2025-03-21T17:01:52Z|1006|READ|/tmp/test.txt|success|{}
2025-03-21T17:01:56Z|9201|READ|/etc/shadow|failure|{}
2025-03-21T17:01:57Z|1004|RENAME|/home/user/.ssh/id_rsa|success|{}
2025-03-21T17:02:06Z|4026|ATTRIBUTE|/var/log/syslog|success|{}
2025-03-21T17:02:31Z|9000|DELETE|/dev/shm/.malware|success|{}
2025-03-21T17:02:38Z|6000|READ|/home/user/.ssh/id_rsa|success|{}
2025-03-21T17:02:43Z|6007|ATTRIBUTE|/tmp/test.txt|success|{}
2025-03-21T17:02:52Z|7000|RENAME|/etc/cron.d/.hack|success|{}
2025-03-21T17:02:59Z|5012|ATTRIBUTE|/etc/shadow|success|{}
2025-03-21T17:03:26Z|6008|ATTRIBUTE|/var/log/syslog|failure|{}
2025-03-21T17:03:32Z|9100|READ|/var/www/.shell.php|success|{"suspicious": true, "sequence": 7245}
2025-03-21T17:03:34Z|7002|READ|/home/user/.ssh/id_rsa|failure|{}
2025-03-21T17:04:02Z|9000|DELETE|/tmp/test.txt|success|{}
2025-03-21T17:04:03Z|1006|READ|/etc/cron.d/.hack|success|{"suspicious": true, "sequence": 7248}
2025-03-21T17:04:27Z|5003|EXECUTE|/etc/shadow|success|{}
2025-03-21T17:04:34Z|9204|EXECUTE|/var/www/.shell.php|success|{}
2025-03-21T17:04:57Z|9104|DELETE|/etc/hosts|success|{}
2025-03-21T17:05:17Z|5|EXECUTE|/home/user/documents/report.doc|success|{}
2025-03-21T17:05:20Z|1008|WRITE|/tmp/test.txt|success|{"size": 475831}
2025-03-21T17:05:46Z|9004|READ|/etc/shadow|failure|{}
2025-03-21T17:06:16Z|7001|READ|/tmp/test.txt|success|{}
2025-03-21T17:06:38Z|4020|READ|/tmp/.hidden_script|success|{"suspicious": true, "sequence": 7256}
2025-03-21T17:07:04Z|9202|EXECUTE|/var/log/auth.log|success|{}
2025-03-21T17:07:09Z|1005|EXECUTE|/etc/hosts|success|{}
2025-03-21T17:07:21Z|7002|ATTRIBUTE|/var/log/syslog|success|{}
2025-03-21T17:07:38Z|9003|RENAME|/tmp/backdoor.bin|success|{}
2025-03-21T17:08:04Z|4010|EXECUTE|/etc/cron.d/.hack|success|{}
2025-03-21T17:08:19Z|5008|DELETE|/etc/shadow|success|{}
2025-03-21T17:08:20Z|1012|ATTRIBUTE|/var/www/.shell.php|success|{}
2025-03-21T17:08:31Z|9201|WRITE|/home/user/.ssh/id_rsa|success|{"size": 902528}
2025-03-21T17:08:33Z|1001|ATTRIBUTE|/home/user/documents/report.doc|success|{}
2025-03-21T17:08:36Z|4017|WRITE|/tmp/test.txt|failure|{"size": 492218}
2025-03-21T17:08:45Z|9100|RENAME|/var/log/syslog|success|{}
2025-03-21T17:09:07Z|9000|DELETE|/etc/shadow|success|{}
2025-03-21T17:09:15Z|9101|ATTRIBUTE|/home/user/documents/report.doc|success|{}
2025-03-21T17:09:29Z|6008|WRITE|/etc/shadow|success|{"size": 520189}
2025-03-21T17:09:30Z|3|RENAME|/home/user/documents/report.doc|success|{}
2025-03-21T17:09:58Z|9200|READ|/tmp/backdoor.bin|success|{"suspicious": true, "sequence": 7272}
2025-03-21T17:10:28Z|5003|DELETE|/var/log/auth.log|success|{}
2025-03-21T17:10:50Z|9004|ATTRIBUTE|/etc/cron.d/.hack|success|{}
2025-03-21T17:11:03Z|9100|EXECUTE|/var/www/.shell.php|success|{}
2025-03-21T17:11:20Z|4023|READ|/dev/shm/.malware|success|{"suspicious": true, "sequence": 7276}
2025-03-21T17:11:47Z|4017|WRITE|/var/www/.shell.php|success|{"suspicious": true, "sequence": 7277}
2025-03-21T17:11:48Z|9104|DELETE|/tmp/backdoor.bin|success|{}
2025-03-21T17:12:02Z|7003|ATTRIBUTE|/etc/hosts|success|{}
2025-03-21T17:12:17Z|7003|EXECUTE|/home/user/.ssh/id_rsa|success|{}
2025-03-21T17:12:35Z|5|WRITE|/etc/passwd|failure|{"size": 663024}
2025-03-21T17:12:43Z|9003|DELETE|/etc/passwd|success|{}
2025-03-21T17:13:11Z|5010|READ|/home/user/documents/report.doc|failure|{}
2025-03-21T17:13:38Z|9000|READ|/etc/passwd|success|{}
2025-03-21T17:13:47Z|7003|WRITE|/etc/passwd|failure|{"size": 374527}
2025-03-21T17:14:08Z|9001|RENAME|/etc/shadow|success|{}
2025-03-21T17:14:09Z|9204|RENAME|/tmp/test.txt|success|{}
2025-03-21T17:14:31Z|9001|RENAME|/etc/passwd|failure|{}
2025-03-21T17:14:36Z|6007|WRITE|/var/log/auth.log|success|{"size": 133334}
2025-03-21T17:14:59Z|9102|ATTRIBUTE|/home/user/documents/report.doc|success|{}
2025-03-21T17:15:02Z|1005|DELETE|/etc/passwd|success|{}
2025-03-21T17:15:32Z|6003|READ|/tmp/test.txt|success|{}
2025-03-21T17:15:41Z|4015|EXECUTE|/home/user/.ssh/id_rsa|success|{}
2025-03-21T17:15:44Z|9102|EXECUTE|/etc/cron.d/.hack|success|{}
2025-03-21T17:16:00Z|6002|WRITE|/tmp/test.txt|success|{"size": 529809}
2025-03-21T17:16:08Z|1007|READ|/home/user/.ssh/id_rsa|failure|{}
2025-03-21T17:16:19Z|4004|RENAME|/dev/shm/.malware|success|{}
2025-03-21T17:16:21Z|4|DELETE|/tmp/test.txt|success|{}
2025-03-21T17:16:29Z|1008|EXECUTE|/etc/cron.d/.hack|success|{}
2025-03-21T17:16:57Z|9000|WRITE|/var/log/auth.log|failure|{"size": 69547}
2025-03-21T17:17:05Z|9003|ATTRIBUTE|/var/log/syslog|success|{}
2025-03-21T17:17:07Z|6003|RENAME|/etc/passwd|success|{}
2025-03-21T17:17:11Z|4023|READ|/home/user/documents/report.doc|success|{}
2025-03-21T17:17:30Z|6004|EXECUTE|/var/www/.shell.php|success|{}
2025-03-21T17:17:58Z|9001|WRITE|/var/www/.shell.php|success|{"suspicious": true, "sequence": 7305}
2025-03-21T17:18:17Z|6000|EXECUTE|/var/log/auth.log|success|{}
2025-03-21T17:18:35Z|4023|RENAME|/tmp/.hidden_script|success|{}
2025-03-21T17:18:50Z|9001|WRITE|/home/user/documents/report.doc|success|{"size": 229932}
2025-03-21T17:19:10Z|1016|RENAME|/etc/hosts|success|{}
2025-03-21T17:19:38Z|7002|EXECUTE|/var/www/.shell.php|success|{}
2025-03-21T17:19:40Z|9103|EXECUTE|/var/log/auth.log|success|{}
2025-03-21T17:19:49Z|5001|READ|/etc/cron.d/.hack|success|{"suspicious": true, "sequence": 7312}
2025-03-21T17:20:02Z|5006|READ|/etc/passwd|success|{}
2025-03-21T17:20:31Z|6009|DELETE|/tmp/test.txt|success|{}
2025-03-21T17:20:56Z|9102|ATTRIBUTE|/var/log/auth.log|success|{}
2025-03-21T17:21:23Z|7004|RENAME|/tmp/test.txt|success|{}
2025-03-21T17:21:42Z|7000|DELETE|/tmp/.hidden_script|success|{}
2025-03-21T17:21:45Z|9001|ATTRIBUTE|/etc/hosts|success|{}
2025-03-21T17:21:53Z|9102|DELETE|/tmp/test.txt|failure|{}
2025-03-21T17:22:17Z|9001|WRITE|/tmp/.hidden_script|success|{"suspicious": true, "sequence": 7320}
2025-03-21T17:22:22Z|3|RENAME|/etc/cron.d/.hack|success|{}
2025-03-21T17:22:29Z|5014|DELETE|/tmp/backdoor.bin|success|{}
2025-03-21T17:22:30Z|4026|EXECUTE|/dev/shm/.malware|success|{}
2025-03-21T17:22:51Z|6009|EXECUTE|/home/user/documents/report.doc|success|{}
2025-03-21T17:23:00Z|9200|EXECUTE|/dev/shm/.malware|failure|{}
2025-03-21T17:23:06Z|9001|DELETE|/etc/passwd|success|{}
2025-03-21T17:23:12Z|4|READ|/dev/shm/.malware|success|{"suspicious": true, "sequence": 7327}
2025-03-21T17:23:19Z|1006|ATTRIBUTE|/home/user/.ssh/id_rsa|success|{}
2025-03-21T17:23:24Z|1015|WRITE|/etc/cron.d/.hack|success|{"suspicious": true, "sequence": 7329}
2025-03-21T17:23:36Z|2|EXECUTE|/etc/passwd|success|{}
2025-03-21T17:23:48Z|7004|EXECUTE|/etc/hosts|success|{}
2025-03-21T17:24:11Z|1000|EXECUTE|/home/user/documents/report.doc|success|{}
2025-03-21T17:24:23Z|1|ATTRIBUTE|/var/log/auth.log|success|{}
2025-03-21T17:24:48Z|1005|EXECUTE|/tmp/backdoor.bin|failure|{}
2025-03-21T17:25:03Z|5008|WRITE|/home/user/.ssh/id_rsa|success|{"size": 108310}
2025-03-21T17:25:11Z|3|READ|/etc/shadow|success|{}
2025-03-21T17:25:39Z|7000|ATTRIBUTE|/tmp/backdoor.bin|success|{}
2025-03-21T17:26:08Z|9003|RENAME|/etc/cron.d/.hack|success|{}
2025-03-21T17:26:12Z|1004|EXECUTE|/etc/cron.d/.hack|success|{}
2025-03-21T17:26:20Z|9002|WRITE|/var/log/auth.log|success|{"size": 270453}
2025-03-21T17:26:37Z|5010|READ|/var/log/syslog|success|{}
2025-03-21T17:26:58Z|9204|READ|/var/www/.shell.php|success|{"suspicious": true, "sequence": 7342}
2025-03-21T17:27:24Z|5009|EXECUTE|/etc/shadow|success|{}
2025-03-21T17:27:30Z|9001|EXECUTE|/tmp/test.txt|success|{}
2025-03-21T17:27:51Z|5012|WRITE|/home/user/documents/report.doc|success|{"size": 200113}
2025-03-21T17:28:13Z|9204|ATTRIBUTE|/etc/hosts|success|{}
2025-03-21T17:28:36Z|9002|READ|/etc/cron.d/.hack|success|{"suspicious": true, "sequence": 7347}
2025-03-21T17:28:40Z|4003|READ|/dev/shm/.malware|success|{"suspicious": true, "sequence": 7348}
2025-03-21T17:28:51Z|1005|WRITE|/etc/passwd|success|{"size": 915603}
2025-03-21T17:29:18Z|3|DELETE|/etc/shadow|success|{}
2025-03-21T17:29:34Z|7000|WRITE|/var/log/auth.log|success|{"size": 458269}
2025-03-21T17:29:50Z|6005|RENAME|/etc/hosts|success|{}
2025-03-21T17:29:59Z|9104|RENAME|/home/user/.ssh/id_rsa|success|{}
2025-03-21T17:30:11Z|6000|DELETE|/var/log/auth.log|success|{}
2025-03-21T17:30:13Z|6007|RENAME|/etc/cron.d/.hack|success|{}
2025-03-21T17:30:41Z|9001|READ|/etc/shadow|success|{}
2025-03-21T17:31:04Z|4010|READ|/var/log/syslog|success|{}
2025-03-21T17:31:34Z|3|EXECUTE|/home/user/.ssh/id_rsa|success|{}
2025-03-21T17:31:39Z|4027|WRITE|/var/log/syslog|success|{"size": 267945}
2025-03-21T17:31:47Z|9201|WRITE|/tmp/.hidden_script|success|{"suspicious": true, "sequence": 7360}
2025-03-21T17:32:16Z|9000|ATTRIBUTE|/tmp/test.txt|success|{}
2025-03-21T17:32:20Z|1000|WRITE|/etc/passwd|success|{"size": 227726}
2025-03-21T17:32:22Z|9103|EXECUTE|/etc/passwd|success|{}
2025-03-21T17:32:43Z|9102|ATTRIBUTE|/dev/shm/.malware|failure|{}
2025-03-21T17:33:11Z|4023|WRITE|/tmp/test.txt|success|{"size": 450653}
2025-03-21T17:33:15Z|9000|EXECUTE|/etc/cron.d/.hack|success|{}
2025-03-21T17:33:42Z|9101|ATTRIBUTE|/etc/passwd|success|{}
2025-03-21T17:34:11Z|7000|READ|/var/log/auth.log|success|{}
2025-03-21T17:34:37Z|9104|DELETE|/var/www/.shell.php|success|{}
2025-03-21T17:34:54Z|4013|DELETE|/etc/shadow|success|{}
2025-03-21T17:35:02Z|6008|WRITE|/home/user/documents/report.doc|success|{"size": 22762}
2025-03-21T17:35:03Z|5012|ATTRIBUTE|/var/log/auth.log|success|{}
2025-03-21T17:35:26Z|1018|ATTRIBUTE|/var/log/auth.log|success|{}
2025-03-21T17:35:38Z|9201|DELETE|/etc/cron.d/.hack|success|{}
2025-03-21T17:35:43Z|1017|RENAME|/tmp/test.txt|success|{}
2025-03-21T17:36:09Z|1004|ATTRIBUTE|/tmp/.hidden_script|success|{}
2025-03-21T17:36:14Z|7002|EXECUTE|/var/www/.shell.php|success|{}
2025-03-21T17:36:17Z|1010|WRITE|/tmp/backdoor.bin|failure|{"suspicious": true, "sequence": 7378}
2025-03-21T17:36:32Z|5004|RENAME|/dev/shm/.malware|success|{}
2025-03-21T17:36:40Z|9102|EXECUTE|/var/log/syslog|success|{}
2025-03-21T17:37:03Z|2|DELETE|/etc/shadow|success|{}
2025-03-21T17:37:24Z|9000|READ|/tmp/backdoor.bin|success|{"suspicious": true, "sequence": 7382}
2025-03-21T17:37:43Z|1016|RENAME|/var/log/auth.log|success|{}
2025-03-21T17:37:45Z|5011|WRITE|/tmp/backdoor.bin|success|{"suspicious": true, "sequence": 7384}
2025-03-21T17:38:05Z|9001|WRITE|/tmp/.hidden_script|success|{"suspicious": true, "sequence": 7385}
2025-03-21T17:38:28Z|1014|EXECUTE|/etc/hosts|success|{}
2025-03-21T17:38:36Z|9002|RENAME|/tmp/backdoor.bin|success|{}
2025-03-21T17:38:54Z|7003|EXECUTE|/etc/hosts|success|{}
2025-03-21T17:39:21Z|4019|RENAME|/var/www/.shell.php|success|{}
2025-03-21T17:39:50Z|9004|EXECUTE|/tmp/backdoor.bin|success|{}
2025-03-21T17:39:53Z|4026|READ|/etc/cron.d/.hack|success|{"suspicious": true, "sequence": 7391}
2025-03-21T17:39:55Z|6006|READ|/tmp/backdoor.bin|success|{"suspicious": true, "sequence": 7392}
2025-03-21T17:40:00Z|6007|EXECUTE|/etc/hosts|success|{}
2025-03-21T17:40:05Z|9201|READ|/var/log/syslog|success|{}
2025-03-21T17:40:20Z|9103|READ|/var/www/.shell.php|success|{"suspicious": true, "sequence": 7395}
2025-03-21T17:40:36Z|1003|DELETE|/tmp/test.txt|success|{}
2025-03-21T17:40:53Z|5000|EXECUTE|/etc/cron.d/.hack|success|{}
2025-03-21T17:41:18Z|9102|DELETE|/home/user/documents/report.doc|success|{}
2025-03-21T17:41:45Z|3|ATTRIBUTE|/home/user/documents/report.doc|failure|{}
2025-03-21T17:42:10Z|1006|DELETE|/tmp/backdoor.bin|success|{}
2025-03-21T17:42:27Z|5010|EXECUTE|/etc/shadow|success|{}
2025-03-21T17:42:52Z|9002|WRITE|/var/www/.shell.php|success|{"suspicious": true, "sequence": 7402}
2025-03-21T17:43:00Z|9201|READ|/etc/passwd|success|{}
2025-03-21T17:43:14Z|9002|READ|/var/www/.shell.php|success|{"suspicious": true, "sequence": 7404}
2025-03-21T17:43:16Z|9203|READ|/tmp/test.txt|success|{}
2025-03-21T17:43:23Z|6009|RENAME|/var/log/syslog|success|{}
2025-03-21T17:43:41Z|4029|READ|/var/log/auth.log|failure|{}
2025-03-21T17:44:07Z|9100|RENAME|/var/log/syslog|success|{}
2025-03-21T17:44:16Z|9202|RENAME|/home/user/documents/report.doc|success|{}
2025-03-21T17:44:22Z|5|READ|/etc/passwd|success|{}
2025-03-21T17:44:46Z|1009|RENAME|/tmp/backdoor.bin|success|{}
2025-03-21T17:45:01Z|9103|READ|/etc/cron.d/.hack|success|{"suspicious": true, "sequence": 7412}
2025-03-21T17:45:14Z|5012|READ|/home/user/.ssh/id_rsa|success|{}
2025-03-21T17:45:33Z|2|RENAME|/home/user/.ssh/id_rsa|success|{}
2025-03-21T17:45:38Z|9101|EXECUTE|/home/user/documents/report.doc|success|{}
2025-03-21T17:45:47Z|9003|EXECUTE|/var/log/auth.log|success|{}
2025-03-21T17:45:49Z|6009|EXECUTE|/etc/shadow|failure|{}
2025-03-21T17:46:17Z|9101|RENAME|/tmp/test.txt|success|{}
2025-03-21T17:46:28Z|9203|WRITE|/var/log/auth.log|success|{"size": 248063}
2025-03-21T17:46:41Z|4005|DELETE|/tmp/.hidden_script|success|{}
2025-03-21T17:46:48Z|4|ATTRIBUTE|/dev/shm/.malware|success|{}
2025-03-21T17:47:03Z|1006|RENAME|/dev/shm/.malware|success|{}
2025-03-21T17:47:23Z|4009|READ|/etc/shadow|success|{}
2025-03-21T17:47:32Z|9202|READ|/tmp/test.txt|failure|{}
2025-03-21T17:48:01Z|4021|WRITE|/etc/passwd|success|{"size": 858979}
2025-03-21T17:48:11Z|7001|DELETE|/etc/cron.d/.hack|success|{}
2025-03-21T17:48:13Z|9003|EXECUTE|/tmp/backdoor.bin|success|{}
2025-03-21T17:48:37Z|9103|DELETE|/home/user/documents/report.doc|success|{}
2025-03-21T17:48:47Z|9100|READ|/tmp/backdoor.bin|success|{"suspicious": true, "sequence": 7429}
2025-03-21T17:49:14Z|7004|ATTRIBUTE|/etc/cron.d/.hack|success|{}
2025-03-21T17:49:15Z|4021|READ|/tmp/.hidden_script|success|{"suspicious": true, "sequence": 7431}
2025-03-21T17:49:21Z|9200|READ|/etc/hosts|success|{}
2025-03-21T17:49:31Z|7003|WRITE|/etc/hosts|success|{"size": 57794}
2025-03-21T17:49:45Z|7003|WRITE|/tmp/.hidden_script|success|{"suspicious": true, "sequence": 7434}
2025-03-21T17:50:13Z|9104|RENAME|/etc/hosts|success|{}
2025-03-21T17:50:26Z|9102|EXECUTE|/home/user/.ssh/id_rsa|success|{}
2025-03-21T17:50:36Z|1005|READ|/dev/shm/.malware|success|{"suspicious": true, "sequence": 7437}
2025-03-21T17:50:37Z|9203|WRITE|/etc/hosts|success|{"size": 821761}
2025-03-21T17:50:44Z|3|ATTRIBUTE|/home/user/documents/report.doc|success|{}
2025-03-21T17:51:14Z|9103|EXECUTE|/home/user/documents/report.doc|success|{}
2025-03-21T17:51:16Z|4024|ATTRIBUTE|/etc/cron.d/.hack|success|{}
2025-03-21T17:51:44Z|9200|READ|/var/log/auth.log|success|{}
2025-03-21T17:51:49Z|5009|RENAME|/var/www/.shell.php|success|{}
2025-03-21T17:52:13Z|4020|RENAME|/home/user/.ssh/id_rsa|success|{}
2025-03-21T17:52:37Z|9103|DELETE|/etc/shadow|success|{}
2025-03-21T17:52:47Z|9203|EXECUTE|/tmp/test.txt|success|{}
2025-03-21T17:52:56Z|9200|WRITE|/var/log/syslog|success|{"size": 105391}
2025-03-21T17:53:24Z|4|ATTRIBUTE|/tmp/test.txt|failure|{}
2025-03-21T17:53:39Z|9004|WRITE|/var/log/auth.log|success|{"size": 823344}
2025-03-21T17:54:05Z|9200|ATTRIBUTE|/var/log/syslog|success|{}
2025-03-21T17:54:17Z|6006|ATTRIBUTE|/home/user/.ssh/id_rsa|success|{}
2025-03-21T17:54:35Z|5006|EXECUTE|/etc/passwd|failure|{}
2025-03-21T17:55:01Z|9001|EXECUTE|/home/user/documents/report.doc|success|{}
2025-03-21T17:55:17Z|9003|DELETE|/etc/passwd|success|{}
2025-03-21T17:55:24Z|9100|EXECUTE|/etc/hosts|success|{}
2025-03-21T17:55:54Z|1015|DELETE|/etc/passwd|success|{}
2025-03-21T17:56:12Z|9004|DELETE|/var/log/syslog|failure|{}
2025-03-21T17:56:26Z|7004|ATTRIBUTE|/tmp/test.txt|success|{}
2025-03-21T17:56:31Z|6001|WRITE|/etc/cron.d/.hack|success|{"suspicious": true, "sequence": 7459}
2025-03-21T17:56:39Z|5|EXECUTE|/tmp/test.txt|failure|{}
2025-03-21T17:56:49Z|9101|WRITE|/home/user/.ssh/id_rsa|failure|{"size": 115936}
2025-03-21T17:57:00Z|9102|WRITE|/var/log/syslog|success|{"size": 165818}
2025-03-21T17:57:22Z|5|WRITE|/var/www/.shell.php|failure|{"suspicious": true, "sequence": 7463}
2025-03-21T17:57:48Z|1016|WRITE|/tmp/test.txt|success|{"size": 380717}
2025-03-21T17:57:51Z|6004|RENAME|/tmp/test.txt|success|{}
2025-03-21T17:58:19Z|1|RENAME|/etc/cron.d/.hack|success|{}
2025-03-21T17:58:36Z|7000|EXECUTE|/tmp/test.txt|success|{}
2025-03-21T17:59:03Z|9101|WRITE|/var/www/.shell.php|success|{"suspicious": true, "sequence": 7468}
2025-03-21T17:59:14Z|9200|RENAME|/tmp/backdoor.bin|success|{}
2025-03-21T17:59:17Z|9102|ATTRIBUTE|/var/www/.shell.php|failure|{}
2025-03-21T17:59:44Z|9004|DELETE|/dev/shm/.malware|success|{}
2025-03-21T17:59:49Z|7003|ATTRIBUTE|/etc/cron.d/.hack|success|{}
2025-03-21T18:00:06Z|1|ATTRIBUTE|/tmp/backdoor.bin|success|{}
2025-03-21T18:00:35Z|6008|DELETE|/tmp/.hidden_script|success|{}
2025-03-21T18:00:59Z|7001|RENAME|/home/user/documents/report.doc|success|{}
2025-03-21T18:01:29Z|6009|ATTRIBUTE|/var/log/syslog|success|{}
2025-03-21T18:01:52Z|6008|ATTRIBUTE|/dev/shm/.malware|success|{}
2025-03-21T18:02:16Z|4005|RENAME|/tmp/backdoor.bin|success|{}
2025-03-21T18:02:34Z|1004|WRITE|/tmp/backdoor.bin|success|{"suspicious": true, "sequence": 7479}
2025-03-21T18:02:35Z|4012|RENAME|/var/log/syslog|success|{}
2025-03-21T18:02:52Z|9000|EXECUTE|/var/log/syslog|success|{}
2025-03-21T18:03:14Z|1014|DELETE|/tmp/backdoor.bin|success|{}
2025-03-21T18:03:22Z|9201|READ|/etc/cron.d/.hack|success|{"suspicious": true, "sequence": 7483}
2025-03-21T18:03:31Z|4022|WRITE|/home/user/.ssh/id_rsa|success|{"size": 886660}
2025-03-21T18:03:39Z|5|RENAME|/etc/cron.d/.hack|success|{}
2025-03-21T18:03:59Z|6009|EXECUTE|/tmp/.hidden_script|success|{}
2025-03-21T18:04:15Z|9104|WRITE|/var/www/.shell.php|failure|{"suspicious": true, "sequence": 7487}
2025-03-21T18:04:41Z|5|RENAME|/etc/cron.d/.hack|success|{}
2025-03-21T18:04:54Z|9101|WRITE|/tmp/backdoor.bin|success|{"suspicious": true, "sequence": 7489}
2025-03-21T18:04:57Z|9101|READ|/etc/shadow|success|{}
2025-03-21T18:05:12Z|7003|ATTRIBUTE|/tmp/backdoor.bin|success|{}
2025-03-21T18:05:30Z|7002|ATTRIBUTE|/tmp/backdoor.bin|failure|{}
2025-03-21T18:05:36Z|5009|RENAME|/tmp/backdoor.bin|success|{}
2025-03-21T18:05:52Z|2|RENAME|/tmp/.hidden_script|success|{}
2025-03-21T18:06:05Z|9100|EXECUTE|/var/log/syslog|success|{}
2025-03-21T18:06:29Z|1|RENAME|/etc/cron.d/.hack|failure|{}
2025-03-21T18:06:35Z|6008|RENAME|/home/user/documents/report.doc|success|{}
2025-03-21T18:07:05Z|1010|ATTRIBUTE|/etc/cron.d/.hack|success|{}
2025-03-21T18:07:06Z|9104|EXECUTE|/tmp/backdoor.bin|success|{}
2025-03-21T18:07:18Z|1015|EXECUTE|/dev/shm/.malware|success|{}
2025-03-21T18:07:30Z|9101|RENAME|/var/log/auth.log|success|{}
2025-03-21T18:07:36Z|6006|EXECUTE|/tmp/backdoor.bin|success|{}
2025-03-21T18:07:53Z|4004|DELETE|/home/user/.ssh/id_rsa|success|{}
2025-03-21T18:08:21Z|9204|EXECUTE|/etc/hosts|success|{}
2025-03-21T18:08:33Z|7003|RENAME|/tmp/.hidden_script|failure|{}
2025-03-21T18:08:35Z|9201|WRITE|/etc/hosts|success|{"size": 14736}
2025-03-21T18:08:55Z|1|ATTRIBUTE|/etc/passwd|success|{}
2025-03-21T18:08:58Z|9200|READ|/tmp/.hidden_script|success|{"suspicious": true, "sequence": 7508}
2025-03-21T18:09:10Z|4016|READ|/etc/hosts|success|{}
2025-03-21T18:09:22Z|6008|READ|/home/user/documents/report.doc|success|{}
2025-03-21T18:09:23Z|5013|READ|/var/log/auth.log|success|{}
2025-03-21T18:09:31Z|1013|EXECUTE|/etc/cron.d/.hack|success|{}
2025-03-21T18:09:44Z|7001|EXECUTE|/etc/shadow|success|{}
2025-03-21T18:10:14Z|7002|EXECUTE|/etc/hosts|success|{}
2025-03-21T18:10:24Z|7004|WRITE|/etc/passwd|success|{"size": 694459}
2025-03-21T18:10:42Z|9204|ATTRIBUTE|/home/user/.ssh/id_rsa|success|{}
2025-03-21T18:10:44Z|5009|RENAME|/home/user/.ssh/id_rsa|success|{}
2025-03-21T18:10:49Z|7002|READ|/etc/passwd|success|{}
2025-03-21T18:11:13Z|9202|ATTRIBUTE|/var/log/syslog|success|{}
2025-03-21T18:11:36Z|9203|WRITE|/var/www/.shell.php|success|{"suspicious": true, "sequence": 7520}
2025-03-21T18:12:04Z|4010|DELETE|/home/user/documents/report.doc|success|{}
2025-03-21T18:12:09Z|4010|RENAME|/var/log/syslog|success|{}
2025-03-21T18:12:14Z|5006|EXECUTE|/var/log/syslog|success|{}
2025-03-21T18:12:41Z|9204|ATTRIBUTE|/tmp/backdoor.bin|success|{}
2025-03-21T18:12:58Z|9002|ATTRIBUTE|/dev/shm/.malware|success|{}
2025-03-21T18:13:08Z|7003|RENAME|/etc/cron.d/.hack|success|{}
2025-03-21T18:13:15Z|1012|WRITE|/tmp/backdoor.bin|success|{"suspicious": true, "sequence": 7527}
2025-03-21T18:13:43Z|1019|ATTRIBUTE|/var/www/.shell.php|failure|{}
2025-03-21T18:14:11Z|5006|DELETE|/tmp/backdoor.bin|success|{}
2025-03-21T18:14:28Z|7000|WRITE|/var/www/.shell.php|success|{"suspicious": true, "sequence": 7530}
2025-03-21T18:14:48Z|7001|READ|/etc/shadow|success|{}
2025-03-21T18:15:10Z|9203|READ|/tmp/backdoor.bin|success|{"suspicious": true, "sequence": 7532}
2025-03-21T18:15:31Z|6008|RENAME|/var/log/syslog|success|{}
2025-03-21T18:15:43Z|9000|RENAME|/var/www/.shell.php|success|{}
2025-03-21T18:16:08Z|9001|WRITE|/var/www/.shell.php|success|{"suspicious": true, "sequence": 7535}
2025-03-21T18:16:18Z|5013|EXECUTE|/etc/shadow|success|{}
2025-03-21T18:16:22Z|6004|DELETE|/var/log/auth.log|success|{}
2025-03-21T18:16:48Z|6002|WRITE|/tmp/backdoor.bin|failure|{"suspicious": true, "sequence": 7538}
2025-03-21T18:17:04Z|9202|DELETE|/etc/shadow|success|{}
2025-03-21T18:17:06Z|6008|EXECUTE|/etc/passwd|success|{}
2025-03-21T18:17:11Z|5003|EXECUTE|/etc/passwd|success|{}
2025-03-21T18:17:12Z|4026|EXECUTE|/tmp/test.txt|success|{}
2025-03-21T18:17:30Z|9004|READ|/home/user/.ssh/id_rsa|success|{}
2025-03-21T18:17:50Z|9104|ATTRIBUTE|/etc/shadow|failure|{}
2025-03-21T18:18:15Z|1007|READ|/etc/passwd|success|{}
2025-03-21T18:18:20Z|4019|DELETE|/var/www/.shell.php|success|{}
2025-03-21T18:18:27Z|6007|RENAME|/tmp/backdoor.bin|success|{}
2025-03-21T18:18:57Z|1|WRITE|/etc/shadow|success|{"size": 278324}
2025-03-21T18:19:10Z|6002|ATTRIBUTE|/tmp/test.txt|success|{}
2025-03-21T18:19:31Z|1004|DELETE|/etc/hosts|success|{}
2025-03-21T18:19:41Z|7003|EXECUTE|/etc/passwd|success|{}
2025-03-21T18:20:00Z|9204|WRITE|/tmp/backdoor.bin|success|{"suspicious": true, "sequence": 7552}
2025-03-21T18:20:08Z|9002|WRITE|/var/log/auth.log|success|{"size": 762967}
2025-03-21T18:20:28Z|3|WRITE|/etc/shadow|success|{"size": 613399}
2025-03-21T18:20:42Z|1|READ|/tmp/.hidden_script|success|{"suspicious": true, "sequence": 7555}
2025-03-21T18:21:00Z|9104|ATTRIBUTE|/tmp/test.txt|failure|{}
2025-03-21T18:21:28Z|9103|EXECUTE|/etc/hosts|failure|{}
2025-03-21T18:21:43Z|1001|READ|/etc/passwd|success|{}
2025-03-21T18:21:46Z|1007|DELETE|/dev/shm/.malware|success|{}
2025-03-21T18:21:48Z|9204|EXECUTE|/var/log/auth.log|success|{}
2025-03-21T18:22:03Z|5010|EXECUTE|/tmp/test.txt|success|{}
2025-03-21T18:22:28Z|1000|WRITE|/tmp/test.txt|success|{"size": 216256}
2025-03-21T18:22:29Z|6000|RENAME|/tmp/backdoor.bin|success|{}
2025-03-21T18:22:46Z|7001|ATTRIBUTE|/var/www/.shell.php|success|{}
2025-03-21T18:23:04Z|6000|EXECUTE|/etc/hosts|success|{}
2025-03-21T18:23:21Z|9104|DELETE|/tmp/test.txt|success|{}
2025-03-21T18:23:44Z|9004|RENAME|/var/log/syslog|failure|{}
2025-03-21T18:24:11Z|7004|DELETE|/tmp/backdoor.bin|success|{}
2025-03-21T18:24:25Z|5010|RENAME|/etc/hosts|success|{}
2025-03-21T18:24:40Z|5014|ATTRIBUTE|/home/user/documents/report.doc|success|{}
2025-03-21T18:25:03Z|7002|ATTRIBUTE|/tmp/test.txt|failure|{}
2025-03-21T18:25:28Z|4|RENAME|/var/log/auth.log|failure|{}
2025-03-21T18:25:42Z|6002|EXECUTE|/var/log/syslog|success|{}
2025-03-21T18:25:49Z|1015|DELETE|/etc/hosts|success|{}
2025-03-21T18:26:17Z|6008|WRITE|/etc/shadow|success|{"size": 633003}
2025-03-21T18:26:32Z|1|ATTRIBUTE|/dev/shm/.malware|success|{}
2025-03-21T18:26:36Z|6000|ATTRIBUTE|/etc/shadow|failure|{}
2025-03-21T18:27:04Z|4004|RENAME|/etc/shadow|success|{}
2025-03-21T18:27:05Z|4028|DELETE|/var/log/auth.log|failure|{}
2025-03-21T18:27:22Z|7003|DELETE|/etc/shadow|success|{}
2025-03-21T18:27:25Z|1008|DELETE|/etc/shadow|success|{}
2025-03-21T18:27:29Z|9200|RENAME|/tmp/test.txt|success|{}
2025-03-21T18:27:38Z|2|EXECUTE|/home/user/documents/report.doc|success|{}
2025-03-21T18:28:01Z|5|ATTRIBUTE|/var/log/auth.log|success|{}
2025-03-21T18:28:14Z|4021|EXECUTE|/tmp/backdoor.bin|success|{}
2025-03-21T18:28:43Z|1002|EXECUTE|/tmp/test.txt|success|{}
2025-03-21T18:29:10Z|9103|EXECUTE|/tmp/.hidden_script|failure|{}
2025-03-21T18:29:22Z|4006|EXECUTE|/etc/hosts|success|{}
2025-03-21T18:29:40Z|5010|WRITE|/dev/shm/.malware|success|{"suspicious": true, "sequence": 7589}
2025-03-21T18:29:44Z|4014|ATTRIBUTE|/home/user/.ssh/id_rsa|success|{}
2025-03-21T18:29:56Z|3|DELETE|/home/user/.ssh/id_rsa|success|{}
2025-03-21T18:30:19Z|1008|EXECUTE|/etc/cron.d/.hack|success|{}
2025-03-21T18:30:28Z|6003|RENAME|/var/log/syslog|success|{}
2025-03-21T18:30:45Z|1016|RENAME|/home/user/documents/report.doc|success|{}
2025-03-21T18:31:05Z|9001|EXECUTE|/home/user/documents/report.doc|success|{}
2025-03-21T18:31:10Z|6005|DELETE|/tmp/test.txt|failure|{}
2025-03-21T18:31:15Z|7002|EXECUTE|/dev/shm/.malware|success|{}
2025-03-21T18:31:34Z|4|WRITE|/var/log/syslog|success|{"size": 196150}
2025-03-21T18:31:48Z|4024|DELETE|/etc/passwd|success|{}
2025-03-21T18:32:06Z|9103|EXECUTE|/var/log/auth.log|success|{}
2025-03-21T18:32:34Z|9202|EXECUTE|/tmp/backdoor.bin|failure|{}
2025-03-21T18:32:56Z|6002|ATTRIBUTE|/tmp/backdoor.bin|success|{}
2025-03-21T18:33:26Z|5|ATTRIBUTE|/tmp/.hidden_script|success|{}
2025-03-21T18:33:49Z|9204|RENAME|/tmp/.hidden_script|success|{}
2025-03-21T18:34:11Z|4002|WRITE|/etc/hosts|success|{"size": 240559}
2025-03-21T18:34:38Z|6006|WRITE|/dev/shm/.malware|success|{"suspicious": true, "sequence": 7606}
2025-03-21T18:35:05Z|9002|WRITE|/var/log/syslog|success|{"size": 208808}
2025-03-21T18:35:16Z|4025|DELETE|/etc/hosts|success|{}
2025-03-21T18:35:46Z|9200|READ|/tmp/backdoor.bin|success|{"suspicious": true, "sequence": 7609}
2025-03-21T18:35:55Z|4|DELETE|/etc/cron.d/.hack|success|{}
2025-03-21T18:36:16Z|4023|DELETE|/etc/passwd|success|{}
2025-03-21T18:36:19Z|5004|WRITE|/etc/hosts|success|{"size": 885965}
2025-03-21T18:36:35Z|9200|READ|/home/user/documents/report.doc|success|{}
2025-03-21T18:36:47Z|9004|DELETE|/etc/shadow|success|{}
2025-03-21T18:37:14Z|7000|WRITE|/etc/hosts|success|{"size": 602608}
2025-03-21T18:37:38Z|6006|WRITE|/var/log/syslog|success|{"size": 113301}
2025-03-21T18:37:46Z|7001|RENAME|/dev/shm/.malware|failure|{}
2025-03-21T18:38:01Z|5005|ATTRIBUTE|/tmp/test.txt|success|{}
2025-03-21T18:38:06Z|4029|DELETE|/tmp/.hidden_script|success|{}
2025-03-21T18:38:19Z|5|EXECUTE|/var/log/syslog|success|{}
2025-03-21T18:38:33Z|6001|WRITE|/etc/shadow|success|{"size": 436325}
2025-03-21T18:38:59Z|4001|RENAME|/home/user/.ssh/id_rsa|success|{}
2025-03-21T18:39:14Z|9200|WRITE|/tmp/backdoor.bin|success|{"suspicious": true, "sequence": 7623}
2025-03-21T18:39:28Z|9101|DELETE|/home/user/.ssh/id_rsa|success|{}
2025-03-21T18:39:39Z|1010|DELETE|/home/user/.ssh/id_rsa|success|{}
2025-03-21T18:40:06Z|7004|READ|/etc/cron.d/.hack|success|{"suspicious": true, "sequence": 7626}
2025-03-21T18:40:20Z|5010|READ|/var/www/.shell.php|success|{"suspicious": true, "sequence": 7627}
2025-03-21T18:40:47Z|9000|ATTRIBUTE|/home/user/.ssh/id_rsa|success|{}
2025-03-21T18:41:09Z|9100|ATTRIBUTE|/etc/cron.d/.hack|success|{}
2025-03-21T18:41:22Z|9104|EXECUTE|/etc/shadow|success|{}
2025-03-21T18:41:45Z|7001|READ|/tmp/test.txt|failure|{}
2025-03-21T18:41:58Z|9104|EXECUTE|/etc/passwd|success|{}
2025-03-21T18:42:08Z|6004|ATTRIBUTE|/etc/hosts|failure|{}
2025-03-21T18:42:29Z|5013|RENAME|/etc/shadow|success|{}
2025-03-21T18:42:53Z|9200|ATTRIBUTE|/etc/hosts|success|{}
2025-03-21T18:42:56Z|4007|RENAME|/etc/cron.d/.hack|success|{}
2025-03-21T18:43:24Z|9100|DELETE|/etc/hosts|failure|{}
2025-03-21T18:43:49Z|9102|RENAME|/tmp/backdoor.bin|success|{}
2025-03-21T18:44:03Z|1001|EXECUTE|/dev/shm/.malware|success|{}
2025-03-21T18:44:08Z|9104|WRITE|/home/user/documents/report.doc|success|{"size": 706856}
2025-03-21T18:44:13Z|1013|WRITE|/etc/passwd|success|{"size": 326978}
2025-03-21T18:44:20Z|5002|EXECUTE|/tmp/test.txt|success|{}
2025-03-21T18:44:38Z|1|DELETE|/var/log/syslog|success|{}
2025-03-21T18:44:44Z|6000|RENAME|/var/log/auth.log|success|{}
2025-03-21T18:45:06Z|4|DELETE|/var/log/auth.log|success|{}
2025-03-21T18:45:32Z|9004|EXECUTE|/var/www/.shell.php|success|{}
2025-03-21T18:45:40Z|7001|DELETE|/home/user/documents/report.doc|success|{}
2025-03-21T18:45:49Z|7003|WRITE|/var/www/.shell.php|success|{"suspicious": true, "sequence": 7648}
2025-03-21T18:46:19Z|5001|RENAME|/tmp/backdoor.bin|success|{}
2025-03-21T18:46:27Z|6000|DELETE|/etc/cron.d/.hack|success|{}
2025-03-21T18:46:47Z|9003|WRITE|/etc/shadow|success|{"size": 926992}
2025-03-21T18:46:49Z|9101|WRITE|/var/log/syslog|success|{"size": 848528}
2025-03-21T18:47:16Z|9102|WRITE|/home/user/.ssh/id_rsa|failure|{"size": 677446}
2025-03-21T18:47:46Z|9202|READ|/var/log/syslog|success|{}
2025-03-21T18:48:00Z|9004|ATTRIBUTE|/var/log/auth.log|failure|{}
2025-03-21T18:48:21Z|1005|RENAME|/var/www/.shell.php|success|{}
2025-03-21T18:48:45Z|4023|WRITE|/etc/shadow|success|{"size": 586664}
2025-03-21T18:49:05Z|1003|RENAME|/dev/shm/.malware|success|{}
2025-03-21T18:49:24Z|9004|RENAME|/etc/passwd|success|{}
2025-03-21T18:49:39Z|6002|READ|/etc/shadow|success|{}
2025-03-21T18:50:04Z|9103|WRITE|/tmp/.hidden_script|success|{"suspicious": true, "sequence": 7661}
2025-03-21T18:50:22Z|5000|DELETE|/var/log/syslog|failure|{}
2025-03-21T18:50:27Z|9200|ATTRIBUTE|/tmp/.hidden_script|success|{}
2025-03-21T18:50:42Z|1014|EXECUTE|/home/user/documents/report.doc|success|{}
2025-03-21T18:50:52Z|6007|EXECUTE|/tmp/test.txt|success|{}
2025-03-21T18:50:54Z|6001|ATTRIBUTE|/etc/cron.d/.hack|success|{}
2025-03-21T18:51:17Z|7000|RENAME|/etc/shadow|success|{}
2025-03-21T18:51:46Z|1016|DELETE|/var/www/.shell.php|success|{}
2025-03-21T18:51:55Z|9000|READ|/var/www/.shell.php|success|{"suspicious": true, "sequence": 7669}
2025-03-21T18:52:06Z|4|RENAME|/etc/hosts|success|{}
2025-03-21T18:52:13Z|9202|EXECUTE|/tmp/backdoor.bin|success|{}
2025-03-21T18:52:37Z|5001|WRITE|/etc/passwd|failure|{"size": 15256}
2025-03-21T18:52:55Z|9204|READ|/var/www/.shell.php|success|{"suspicious": true, "sequence": 7673}
2025-03-21T18:53:17Z|9102|EXECUTE|/tmp/.hidden_script|success|{}
2025-03-21T18:53:41Z|9003|RENAME|/var/www/.shell.php|success|{}
2025-03-21T18:53:45Z|9203|READ|/var/log/syslog|success|{}
2025-03-21T18:53:59Z|1010|ATTRIBUTE|/var/log/syslog|success|{}
2025-03-21T18:54:13Z|4|RENAME|/var/www/.shell.php|success|{}
2025-03-21T18:54:39Z|1014|EXECUTE|/dev/shm/.malware|success|{}
2025-03-21T18:55:01Z|6005|READ|/tmp/test.txt|success|{}
2025-03-21T18:55:21Z|6001|ATTRIBUTE|/home/user/documents/report.doc|failure|{}
2025-03-21T18:55:24Z|7002|READ|/home/user/.ssh/id_rsa|success|{}
2025-03-21T18:55:33Z|6003|RENAME|/dev/shm/.malware|success|{}
2025-03-21T18:55:40Z|9101|DELETE|/tmp/.hidden_script|success|{}
2025-03-21T18:55:59Z|6007|WRITE|/etc/hosts|success|{"size": 96287}
2025-03-21T18:56:26Z|9203|READ|/var/log/auth.log|success|{}
2025-03-21T18:56:31Z|6001|EXECUTE|/var/log/auth.log|success|{}
2025-03-21T18:56:56Z|1|READ|/tmp/.hidden_script|success|{"suspicious": true, "sequence": 7688}
2025-03-21T18:57:26Z|6000|WRITE|/etc/passwd|success|{"size": 614803}
2025-03-21T18:57:37Z|4017|RENAME|/home/user/.ssh/id_rsa|success|{}
2025-03-21T18:57:52Z|4000|EXECUTE|/home/user/.ssh/id_rsa|success|{}
2025-03-21T18:57:53Z|9203|WRITE|/dev/shm/.malware|success|{"suspicious": true, "sequence": 7692}
2025-03-21T18:58:17Z|7000|DELETE|/var/log/auth.log|success|{}
2025-03-21T18:58:25Z|5003|READ|/etc/hosts|success|{}
2025-03-21T18:58:36Z|1015|ATTRIBUTE|/home/user/documents/report.doc|success|{}
2025-03-21T18:58:56Z|6000|EXECUTE|/home/user/.ssh/id_rsa|success|{}
2025-03-21T18:59:22Z|9003|WRITE|/etc/hosts|failure|{"size": 375366}
2025-03-21T18:59:31Z|1019|READ|/home/user/.ssh/id_rsa|success|{}
2025-03-21T18:59:53Z|4008|EXECUTE|/var/log/syslog|success|{}
2025-03-21T19:00:17Z|9202|READ|/tmp/.hidden_script|success|{"suspicious": true, "sequence": 7700}
2025-03-21T19:00:33Z|5011|ATTRIBUTE|/tmp/backdoor.bin|failure|{}
2025-03-21T19:00:50Z|5|RENAME|/etc/shadow|success|{}
2025-03-21T19:01:02Z|4001|DELETE|/etc/passwd|success|{}
2025-03-21T19:01:05Z|9002|DELETE|/etc/cron.d/.hack|failure|{}
2025-03-21T19:01:21Z|9101|ATTRIBUTE|/tmp/.hidden_script|success|{}
2025-03-21T19:01:30Z|9001|DELETE|/var/log/syslog|success|{}
2025-03-21T19:01:39Z|7004|ATTRIBUTE|/etc/hosts|success|{}
2025-03-21T19:01:58Z|1008|RENAME|/home/user/.ssh/id_rsa|success|{}
2025-03-21T19:02:07Z|9203|EXECUTE|/var/log/syslog|success|{}
2025-03-21T19:02:22Z|9201|DELETE|/etc/shadow|success|{}
2025-03-21T19:02:24Z|4015|DELETE|/home/user/documents/report.doc|failure|{}
2025-03-21T19:02:41Z|4024|READ|/tmp/backdoor.bin|success|{"suspicious": true, "sequence": 7712}
2025-03-21T19:02:54Z|9100|READ|/var/log/auth.log|success|{}
2025-03-21T19:03:12Z|5|WRITE|/dev/shm/.malware|success|{"suspicious": true, "sequence": 7714}
2025-03-21T19:03:17Z|7003|EXECUTE|/etc/hosts|success|{}
2025-03-21T19:03:34Z|4|WRITE|/home/user/.ssh/id_rsa|success|{"size": 518785}
2025-03-21T19:04:01Z|1|WRITE|/etc/passwd|success|{"size": 961289}
2025-03-21T19:04:20Z|1019|ATTRIBUTE|/tmp/.hidden_script|success|{}
2025-03-21T19:04:24Z|9104|READ|/var/log/auth.log|failure|{}
2025-03-21T19:04:35Z|1|DELETE|/tmp/test.txt|success|{}
2025-03-21T19:04:55Z|5001|DELETE|/tmp/test.txt|success|{}
2025-03-21T19:05:21Z|9202|WRITE|/etc/passwd|success|{"size": 536158}
2025-03-21T19:05:49Z|4028|ATTRIBUTE|/etc/cron.d/.hack|success|{}
2025-03-21T19:06:16Z|5005|READ|/home/user/documents/report.doc|success|{}
2025-03-21T19:06:33Z|1004|EXECUTE|/tmp/.hidden_script|success|{}
2025-03-21T19:06:59Z|2|DELETE|/etc/shadow|success|{}
2025-03-21T19:07:08Z|1015|EXECUTE|/etc/passwd|success|{}
2025-03-21T19:07:28Z|7003|READ|/tmp/backdoor.bin|success|{"suspicious": true, "sequence": 7728}
2025-03-21T19:07:55Z|6005|EXECUTE|/etc/passwd|failure|{}
2025-03-21T19:08:19Z|9101|EXECUTE|/var/www/.shell.php|success|{}
2025-03-21T19:08:25Z|5008|EXECUTE|/tmp/backdoor.bin|success|{}
2025-03-21T19:08:26Z|9000|RENAME|/dev/shm/.malware|success|{}
2025-03-21T19:08:45Z|6003|RENAME|/tmp/backdoor.bin|success|{}
2025-03-21T19:08:53Z|1003|DELETE|/home/user/documents/report.doc|failure|{}
2025-03-21T19:09:08Z|9001|DELETE|/var/www/.shell.php|success|{}
2025-03-21T19:09:20Z|1015|WRITE|/home/user/documents/report.doc|success|{"size": 291908}
2025-03-21T19:09:37Z|1009|DELETE|/tmp/backdoor.bin|success|{}
2025-03-21T19:09:45Z|5005|EXECUTE|/var/www/.shell.php|success|{}
2025-03-21T19:09:49Z|1011|DELETE|/home/user/.ssh/id_rsa|success|{}
2025-03-21T19:10:17Z|9201|RENAME|/tmp/backdoor.bin|success|{}
2025-03-21T19:10:20Z|6008|RENAME|/var/log/syslog|success|{}
2025-03-21T19:10:47Z|7001|ATTRIBUTE|/var/log/auth.log|success|{}
2025-03-21T19:11:10Z|4|WRITE|/tmp/backdoor.bin|success|{"suspicious": true, "sequence": 7743}
2025-03-21T19:11:25Z|9002|READ|/etc/shadow|success|{}
2025-03-21T19:11:43Z|9201|DELETE|/etc/passwd|success|{}
2025-03-21T19:11:52Z|1|WRITE|/tmp/test.txt|success|{"size": 388059}
2025-03-21T19:11:56Z|3|ATTRIBUTE|/etc/passwd|success|{}
2025-03-21T19:12:12Z|9202|READ|/var/www/.shell.php|success|{"suspicious": true, "sequence": 7748}
2025-03-21T19:12:24Z|9100|EXECUTE|/dev/shm/.malware|success|{}
2025-03-21T19:12:46Z|7000|RENAME|/etc/cron.d/.hack|success|{}
2025-03-21T19:13:04Z|7001|READ|/etc/hosts|success|{}
2025-03-21T19:13:24Z|6007|DELETE|/etc/hosts|success|{}
2025-03-21T19:13:29Z|5011|READ|/var/www/.shell.php|success|{"suspicious": true, "sequence": 7753}
2025-03-21T19:13:48Z|4025|READ|/home/user/.ssh/id_rsa|success|{}
2025-03-21T19:14:03Z|9101|ATTRIBUTE|/home/user/.ssh/id_rsa|success|{}
2025-03-21T19:14:15Z|2|READ|/etc/cron.d/.hack|success|{"suspicious": true, "sequence": 7756}
2025-03-21T19:14:41Z|4020|READ|/var/www/.shell.php|success|{"suspicious": true, "sequence": 7757}
2025-03-21T19:14:56Z|9101|ATTRIBUTE|/home/user/.ssh/id_rsa|success|{}
2025-03-21T19:15:15Z|6007|EXECUTE|/etc/shadow|success|{}
2025-03-21T19:15:30Z|6008|ATTRIBUTE|/var/log/auth.log|success|{}
2025-03-21T19:15:48Z|3|EXECUTE|/tmp/test.txt|success|{}
2025-03-21T19:15:59Z|7002|EXECUTE|/home/user/.ssh/id_rsa|success|{}
2025-03-21T19:16:13Z|7000|DELETE|/etc/passwd|success|{}
2025-03-21T19:16:31Z|9002|READ|/etc/hosts|success|{}
2025-03-21T19:16:36Z|5|READ|/etc/passwd|success|{}
2025-03-21T19:16:45Z|6009|READ|/var/log/syslog|success|{}
2025-03-21T19:17:09Z|7003|DELETE|/dev/shm/.malware|success|{}
2025-03-21T19:17:39Z|1004|EXECUTE|/tmp/backdoor.bin|success|{}
2025-03-21T19:17:48Z|5011|DELETE|/home/user/documents/report.doc|success|{}
2025-03-21T19:18:04Z|9004|DELETE|/var/www/.shell.php|success|{}
2025-03-21T19:18:06Z|6007|WRITE|/var/log/syslog|success|{"size": 570088}
2025-03-21T19:18:09Z|1010|ATTRIBUTE|/var/www/.shell.php|success|{}
2025-03-21T19:18:36Z|3|EXECUTE|/etc/hosts|success|{}
2025-03-21T19:19:03Z|5000|DELETE|/dev/shm/.malware|success|{}
2025-03-21T19:19:29Z|9204|WRITE|/var/www/.shell.php|success|{"suspicious": true, "sequence": 7775}
2025-03-21T19:19:35Z|9201|ATTRIBUTE|/home/user/documents/report.doc|success|{}
2025-03-21T19:19:45Z|9101|WRITE|/etc/passwd|success|{"size": 488160}
2025-03-21T19:20:07Z|9104|EXECUTE|/etc/cron.d/.hack|success|{}
2025-03-21T19:20:20Z|7000|EXECUTE|/var/log/auth.log|success|{}
2025-03-21T19:20:27Z|9202|DELETE|/home/user/.ssh/id_rsa|success|{}
2025-03-21T19:20:44Z|5012|READ|/tmp/backdoor.bin|success|{"suspicious": true, "sequence": 7781}
2025-03-21T19:20:50Z|4|DELETE|/home/user/documents/report.doc|success|{}
2025-03-21T19:21:01Z|7003|DELETE|/tmp/.hidden_script|success|{}
2025-03-21T19:21:13Z|9102|DELETE|/var/www/.shell.php|success|{}
2025-03-21T19:21:31Z|9201|EXECUTE|/tmp/test.txt|success|{}
2025-03-21T19:21:38Z|9204|EXECUTE|/tmp/.hidden_script|success|{}
2025-03-21T19:21:49Z|6006|DELETE|/etc/passwd|failure|{}
2025-03-21T19:22:15Z|7003|WRITE|/home/user/documents/report.doc|success|{"size": 429686}
2025-03-21T19:22:31Z|1012|ATTRIBUTE|/var/www/.shell.php|success|{}
2025-03-21T19:22:56Z|5|DELETE|/etc/shadow|success|{}
2025-03-21T19:23:01Z|5003|DELETE|/tmp/.hidden_script|success|{}
2025-03-21T19:23:26Z|7004|READ|/etc/cron.d/.hack|success|{"suspicious": true, "sequence": 7792}
2025-03-21T19:23:40Z|4002|WRITE|/etc/hosts|success|{"size": 720475}
2025-03-21T19:23:50Z|1004|READ|/etc/shadow|success|{}
2025-03-21T19:24:19Z|9102|WRITE|/tmp/.hidden_script|success|{"suspicious": true, "sequence": 7795}
2025-03-21T19:24:35Z|5000|READ|/etc/passwd|success|{}
2025-03-21T19:24:50Z|1009|EXECUTE|/tmp/test.txt|success|{}
2025-03-21T19:25:09Z|1017|DELETE|/home/user/.ssh/id_rsa|success|{}
2025-03-21T19:25:15Z|1014|READ|/tmp/backdoor.bin|success|{"suspicious": true, "sequence": 7799}
2025-03-21T19:25:25Z|5000|EXECUTE|/etc/cron.d/.hack|success|{}
2025-03-21T19:25:47Z|7000|RENAME|/var/log/auth.log|success|{}
2025-03-21T19:26:09Z|9104|WRITE|/var/www/.shell.php|success|{"suspicious": true, "sequence": 7802}
2025-03-21T19:26:24Z|9003|EXECUTE|/tmp/.hidden_script|success|{}
2025-03-21T19:26:27Z|9103|WRITE|/etc/hosts|success|{"size": 689206}
2025-03-21T19:26:45Z|9003|EXECUTE|/etc/cron.d/.hack|success|{}
2025-03-21T19:27:01Z|6009|ATTRIBUTE|/etc/hosts|success|{}
2025-03-21T19:27:26Z|9204|RENAME|/var/log/syslog|success|{}
2025-03-21T19:27:42Z|6004|WRITE|/tmp/.hidden_script|success|{"suspicious": true, "sequence": 7808}
2025-03-21T19:27:56Z|5000|RENAME|/home/user/.ssh/id_rsa|success|{}
2025-03-21T19:27:59Z|4002|WRITE|/etc/cron.d/.hack|success|{"suspicious": true, "sequence": 7810}
2025-03-21T19:28:29Z|2|WRITE|/etc/shadow|success|{"size": 980729}
2025-03-21T19:28:42Z|4010|RENAME|/home/user/documents/report.doc|success|{}
2025-03-21T19:29:03Z|9102|EXECUTE|/var/log/syslog|success|{}
2025-03-21T19:29:31Z|4021|WRITE|/home/user/documents/report.doc|success|{"size": 906371}
2025-03-21T19:29:37Z|3|DELETE|/dev/shm/.malware|success|{}
2025-03-21T19:29:54Z|6001|DELETE|/var/www/.shell.php|success|{}
2025-03-21T19:30:10Z|4|WRITE|/tmp/.hidden_script|success|{"suspicious": true, "sequence": 7817}
2025-03-21T19:30:31Z|1009|ATTRIBUTE|/home/user/.ssh/id_rsa|success|{}
2025-03-21T19:30:52Z|7004|RENAME|/etc/shadow|success|{}
2025-03-21T19:31:22Z|6003|EXECUTE|/etc/shadow|success|{}
2025-03-21T19:31:46Z|4005|RENAME|/etc/hosts|success|{}
2025-03-21T19:31:53Z|4009|EXECUTE|/tmp/test.txt|failure|{}
2025-03-21T19:32:10Z|9101|READ|/tmp/.hidden_script|success|{"suspicious": true, "sequence": 7823}
2025-03-21T19:32:27Z|1003|READ|/var/www/.shell.php|success|{"suspicious": true, "sequence": 7824}
2025-03-21T19:32:48Z|3|WRITE|/home/user/documents/report.doc|success|{"size": 261886}
2025-03-21T19:32:59Z|9002|DELETE|/etc/hosts|success|{}
2025-03-21T19:33:13Z|7000|WRITE|/etc/shadow|success|{"size": 603030}
2025-03-21T19:33:35Z|6001|RENAME|/tmp/backdoor.bin|success|{}
2025-03-21T19:33:40Z|1000|ATTRIBUTE|/var/www/.shell.php|success|{}
2025-03-21T19:33:49Z|1003|ATTRIBUTE|/tmp/backdoor.bin|success|{}
2025-03-21T19:34:14Z|5014|READ|/tmp/.hidden_script|failure|{"suspicious": true, "sequence": 7831}
2025-03-21T19:34:24Z|4007|EXECUTE|/etc/cron.d/.hack|success|{}
2025-03-21T19:34:39Z|9203|DELETE|/tmp/.hidden_script|success|{}
2025-03-21T19:34:49Z|9102|EXECUTE|/etc/cron.d/.hack|success|{}
2025-03-21T19:34:56Z|6003|EXECUTE|/etc/hosts|success|{}
2025-03-21T19:35:13Z|1008|RENAME|/tmp/backdoor.bin|success|{}
2025-03-21T19:35:28Z|9104|EXECUTE|/home/user/.ssh/id_rsa|success|{}
2025-03-21T19:35:35Z|9103|READ|/home/user/documents/report.doc|success|{}
2025-03-21T19:35:44Z|1|DELETE|/var/log/auth.log|success|{}
2025-03-21T19:36:13Z|4016|ATTRIBUTE|/etc/cron.d/.hack|success|{}
2025-03-21T19:36:37Z|9000|DELETE|/var/log/auth.log|success|{}
2025-03-21T19:36:40Z|1005|ATTRIBUTE|/dev/shm/.malware|success|{}
2025-03-21T19:36:58Z|5000|READ|/var/www/.shell.php|success|{"suspicious": true, "sequence": 7843}
2025-03-21T19:37:03Z|5012|WRITE|/tmp/.hidden_script|success|{"suspicious": true, "sequence": 7844}
2025-03-21T19:37:08Z|9102|READ|/etc/passwd|failure|{}
2025-03-21T19:37:30Z|1014|READ|/dev/shm/.malware|success|{"suspicious": true, "sequence": 7846}
2025-03-21T19:37:31Z|6000|READ|/tmp/backdoor.bin|success|{"suspicious": true, "sequence": 7847}
2025-03-21T19:37:48Z|9102|READ|/var/log/syslog|success|{}
2025-03-21T19:37:51Z|9201|ATTRIBUTE|/etc/shadow|success|{}
2025-03-21T19:38:00Z|7000|EXECUTE|/var/log/auth.log|success|{}
2025-03-21T19:38:01Z|1015|WRITE|/var/www/.shell.php|failure|{"suspicious": true, "sequence": 7851}
2025-03-21T19:38:02Z|5010|WRITE|/etc/cron.d/.hack|success|{"suspicious": true, "sequence": 7852}
2025-03-21T19:38:06Z|4003|ATTRIBUTE|/var/www/.shell.php|success|{}
2025-03-21T19:38:36Z|9102|ATTRIBUTE|/dev/shm/.malware|success|{}
2025-03-21T19:38:43Z|9001|DELETE|/tmp/backdoor.bin|success|{}
2025-03-21T19:39:03Z|9102|READ|/home/user/.ssh/id_rsa|success|{}
2025-03-21T19:39:12Z|5|WRITE|/home/user/documents/report.doc|success|{"size": 891337}
2025-03-21T19:39:24Z|5002|EXECUTE|/tmp/backdoor.bin|success|{}
2025-03-21T19:39:27Z|4014|DELETE|/tmp/test.txt|success|{}
2025-03-21T19:39:44Z|4027|EXECUTE|/var/www/.shell.php|success|{}
2025-03-21T19:39:45Z|5004|ATTRIBUTE|/var/log/auth.log|success|{}
2025-03-21T19:40:14Z|2|READ|/var/www/.shell.php|success|{"suspicious": true, "sequence": 7862}
2025-03-21T19:40:37Z|5005|EXECUTE|/tmp/backdoor.bin|success|{}
2025-03-21T19:40:41Z|5001|READ|/var/log/auth.log|success|{}
2025-03-21T19:40:46Z|7001|READ|/home/user/.ssh/id_rsa|success|{}
2025-03-21T19:41:13Z|4017|READ|/var/log/auth.log|success|{}
2025-03-21T19:41:34Z|5000|WRITE|/tmp/test.txt|success|{"size": 245335}
2025-03-21T19:41:44Z|7000|RENAME|/tmp/.hidden_script|success|{}
2025-03-21T19:41:55Z|1007|WRITE|/var/log/syslog|success|{"size": 44621}
2025-03-21T19:42:24Z|4|EXECUTE|/etc/hosts|success|{}
2025-03-21T19:42:26Z|5000|READ|/etc/cron.d/.hack|success|{"suspicious": true, "sequence": 7871}
2025-03-21T19:42:34Z|9003|EXECUTE|/etc/passwd|success|{}
2025-03-21T19:42:51Z|5006|WRITE|/var/log/syslog|success|{"size": 427704}
2025-03-21T19:43:18Z|5014|EXECUTE|/etc/hosts|success|{}
2025-03-21T19:43:21Z|4018|EXECUTE|/var/log/syslog|success|{}
2025-03-21T19:43:39Z|9200|DELETE|/var/log/syslog|success|{}
2025-03-21T19:43:43Z|9000|DELETE|/etc/shadow|failure|{}
2025-03-21T19:43:56Z|5|RENAME|/home/user/.ssh/id_rsa|success|{}
2025-03-21T19:44:10Z|6000|RENAME|/tmp/test.txt|success|{}
2025-03-21T19:44:17Z|5|READ|/home/user/documents/report.doc|success|{}
2025-03-21T19:44:31Z|9104|READ|/dev/shm/.malware|success|{"suspicious": true, "sequence": 7881}
2025-03-21T19:44:59Z|7004|RENAME|/etc/cron.d/.hack|success|{}
2025-03-21T19:45:03Z|7000|DELETE|/etc/cron.d/.hack|success|{}
2025-03-21T19:45:26Z|9202|DELETE|/tmp/backdoor.bin|success|{}
2025-03-21T19:45:45Z|6008|WRITE|/home/user/.ssh/id_rsa|success|{"size": 773719}
2025-03-21T19:45:53Z|4004|EXECUTE|/etc/passwd|success|{}
2025-03-21T19:46:07Z|7004|RENAME|/var/log/auth.log|success|{}
2025-03-21T19:46:36Z|4019|EXECUTE|/tmp/test.txt|failure|{}
2025-03-21T19:46:42Z|4016|WRITE|/var/log/auth.log|success|{"size": 721387}
2025-03-21T19:47:00Z|4016|READ|/var/www/.shell.php|success|{"suspicious": true, "sequence": 7890}
2025-03-21T19:47:09Z|9004|READ|/home/user/.ssh/id_rsa|success|{}
2025-03-21T19:47:14Z|4016|RENAME|/var/www/.shell.php|success|{}
2025-03-21T19:47:43Z|4001|WRITE|/dev/shm/.malware|success|{"suspicious": true, "sequence": 7893}
2025-03-21T19:47:47Z|1018|READ|/etc/cron.d/.hack|success|{"suspicious": true, "sequence": 7894}
2025-03-21T19:48:10Z|4014|EXECUTE|/etc/passwd|success|{}
2025-03-21T19:48:18Z|9104|WRITE|/tmp/test.txt|success|{"size": 80787}
2025-03-21T19:48:44Z|2|EXECUTE|/tmp/backdoor.bin|success|{}
2025-03-21T19:49:05Z|4006|EXECUTE|/var/log/auth.log|success|{}
2025-03-21T19:49:35Z|9101|ATTRIBUTE|/tmp/.hidden_script|success|{}
2025-03-21T19:50:01Z|9201|WRITE|/dev/shm/.malware|success|{"suspicious": true, "sequence": 7900}
2025-03-21T19:50:18Z|4020|ATTRIBUTE|/var/log/auth.log|success|{}
2025-03-21T19:50:41Z|5007|DELETE|/var/log/syslog|success|{}
2025-03-21T19:50:42Z|7001|WRITE|/etc/hosts|success|{"size": 416003}
2025-03-21T19:51:08Z|4|RENAME|/tmp/.hidden_script|success|{}
2025-03-21T19:51:37Z|7000|ATTRIBUTE|/etc/passwd|failure|{}
2025-03-21T19:51:58Z|9000|WRITE|/tmp/.hidden_script|success|{"suspicious": true, "sequence": 7906}
2025-03-21T19:52:21Z|1016|RENAME|/etc/passwd|success|{}
2025-03-21T19:52:35Z|9003|WRITE|/home/user/.ssh/id_rsa|success|{"size": 914178}
2025-03-21T19:52:36Z|5013|READ|/home/user/documents/report.doc|success|{}
2025-03-21T19:53:04Z|7004|DELETE|/home/user/.ssh/id_rsa|failure|{}
2025-03-21T19:53:20Z|4003|EXECUTE|/var/log/syslog|success|{}
2025-03-21T19:53:22Z|6008|EXECUTE|/etc/hosts|success|{}
2025-03-21T19:53:32Z|1007|DELETE|/home/user/documents/report.doc|success|{}
2025-03-21T19:53:37Z|5014|ATTRIBUTE|/home/user/documents/report.doc|success|{}
2025-03-21T19:53:44Z|4020|EXECUTE|/etc/passwd|success|{}
2025-03-21T19:54:13Z|9103|EXECUTE|/var/log/syslog|success|{}
2025-03-21T19:54:16Z|4010|RENAME|/home/user/documents/report.doc|success|{}
2025-03-21T19:54:34Z|5003|WRITE|/var/www/.shell.php|success|{"suspicious": true, "sequence": 7918}
2025-03-21T19:54:40Z|3|ATTRIBUTE|/etc/hosts|failure|{}
2025-03-21T19:54:59Z|9203|WRITE|/var/log/syslog|success|{"size": 915341}
2025-03-21T19:55:04Z|6003|READ|/home/user/.ssh/id_rsa|success|{}
2025-03-21T19:55:12Z|3|WRITE|/etc/shadow|success|{"size": 3496}
2025-03-21T19:55:40Z|9103|WRITE|/etc/hosts|success|{"size": 769455}
2025-03-21T19:55:49Z|7002|RENAME|/home/user/documents/report.doc|success|{}
2025-03-21T19:56:13Z|7002|EXECUTE|/etc/cron.d/.hack|success|{}
2025-03-21T19:56:30Z|6003|EXECUTE|/tmp/backdoor.bin|success|{}
2025-03-21T19:56:34Z|6003|EXECUTE|/etc/passwd|success|{}
2025-03-21T19:57:03Z|5011|WRITE|/home/user/.ssh/id_rsa|success|{"size": 862298}
2025-03-21T19:57:19Z|1001|READ|/var/log/syslog|success|{}
2025-03-21T19:57:29Z|9202|RENAME|/var/www/.shell.php|success|{}
2025-03-21T19:57:40Z|7000|DELETE|/tmp/.hidden_script|failure|{}
2025-03-21T19:58:00Z|1001|ATTRIBUTE|/etc/passwd|success|{}
2025-03-21T19:58:09Z|9104|DELETE|/dev/shm/.malware|success|{}
2025-03-21T19:58:18Z|1|DELETE|/home/user/documents/report.doc|failure|{}
2025-03-21T19:58:22Z|9000|EXECUTE|/var/log/auth.log|success|{}
2025-03-21T19:58:25Z|6008|EXECUTE|/var/log/auth.log|success|{}
2025-03-21T19:58:37Z|9000|READ|/tmp/.hidden_script|success|{"suspicious": true, "sequence": 7937}
2025-03-21T19:58:40Z|9103|EXECUTE|/etc/cron.d/.hack|success|{}
2025-03-21T19:59:03Z|7003|ATTRIBUTE|/etc/hosts|success|{}
2025-03-21T19:59:05Z|9101|EXECUTE|/etc/cron.d/.hack|success|{}
2025-03-21T19:59:35Z|4020|ATTRIBUTE|/home/user/.ssh/id_rsa|failure|{}
2025-03-21T19:59:36Z|9103|ATTRIBUTE|/etc/passwd|success|{}
2025-03-21T19:59:46Z|4000|EXECUTE|/tmp/.hidden_script|success|{}
2025-03-21T19:59:55Z|5009|EXECUTE|/home/user/.ssh/id_rsa|success|{}
2025-03-21T20:00:06Z|7003|READ|/var/www/.shell.php|success|{"suspicious": true, "sequence": 7945}
2025-03-21T20:00:21Z|9104|ATTRIBUTE|/etc/passwd|success|{}
2025-03-21T20:00:50Z|6006|DELETE|/var/log/syslog|success|{}
2025-03-21T20:00:59Z|6008|READ|/home/user/.ssh/id_rsa|success|{}
2025-03-21T20:01:13Z|2|DELETE|/home/user/documents/report.doc|success|{}
2025-03-21T20:01:17Z|4013|READ|/etc/passwd|success|{}
2025-03-21T20:01:18Z|7000|WRITE|/home/user/documents/report.doc|success|{"size": 880240}
2025-03-21T20:01:19Z|4029|EXECUTE|/tmp/backdoor.bin|success|{}
2025-03-21T20:01:37Z|4|DELETE|/home/user/.ssh/id_rsa|success|{}
2025-03-21T20:01:55Z|9201|RENAME|/home/user/.ssh/id_rsa|failure|{}
2025-03-21T20:02:22Z|5007|WRITE|/tmp/test.txt|success|{"size": 125871}
2025-03-21T20:02:47Z|1017|READ|/tmp/.hidden_script|success|{"suspicious": true, "sequence": 7956}
2025-03-21T20:03:15Z|4|RENAME|/home/user/documents/report.doc|success|{}
2025-03-21T20:03:35Z|1008|RENAME|/home/user/.ssh/id_rsa|success|{}
2025-03-21T20:03:42Z|9204|DELETE|/etc/shadow|success|{}
2025-03-21T20:04:01Z|9102|ATTRIBUTE|/var/www/.shell.php|success|{}
2025-03-21T20:04:06Z|9002|ATTRIBUTE|/home/user/.ssh/id_rsa|success|{}
2025-03-21T20:04:09Z|9101|DELETE|/tmp/test.txt|success|{}
2025-03-21T20:04:18Z|9004|ATTRIBUTE|/home/user/documents/report.doc|success|{}
2025-03-21T20:04:44Z|9202|WRITE|/dev/shm/.malware|failure|{"suspicious": true, "sequence": 7964}
2025-03-21T20:05:07Z|1016|READ|/var/www/.shell.php|success|{"suspicious": true, "sequence": 7965}
2025-03-21T20:05:16Z|5011|EXECUTE|/etc/cron.d/.hack|success|{}
2025-03-21T20:05:40Z|3|EXECUTE|/tmp/test.txt|success|{}
2025-03-21T20:05:53Z|6004|WRITE|/etc/hosts|failure|{"size": 674806}
2025-03-21T20:06:05Z|9204|RENAME|/var/log/syslog|success|{}
2025-03-21T20:06:35Z|9003|RENAME|/etc/cron.d/.hack|success|{}
2025-03-21T20:07:02Z|5002|WRITE|/dev/shm/.malware|success|{"suspicious": true, "sequence": 7971}
2025-03-21T20:07:28Z|4018|DELETE|/etc/cron.d/.hack|success|{}
2025-03-21T20:07:54Z|7003|ATTRIBUTE|/home/user/documents/report.doc|success|{}
2025-03-21T20:08:09Z|4001|RENAME|/etc/shadow|success|{}
2025-03-21T20:08:20Z|1019|READ|/tmp/backdoor.bin|success|{"suspicious": true, "sequence": 7975}
2025-03-21T20:08:28Z|7000|WRITE|/tmp/test.txt|success|{"size": 495338}
2025-03-21T20:08:56Z|5009|WRITE|/etc/hosts|failure|{"size": 775118}
2025-03-21T20:09:03Z|9001|ATTRIBUTE|/etc/passwd|success|{}
2025-03-21T20:09:16Z|9003|EXECUTE|/var/log/syslog|success|{}
2025-03-21T20:09:36Z|1010|WRITE|/etc/cron.d/.hack|success|{"suspicious": true, "sequence": 7980}
2025-03-21T20:10:05Z|7003|DELETE|/home/user/.ssh/id_rsa|success|{}
2025-03-21T20:10:20Z|5005|DELETE|/var/log/syslog|success|{}
2025-03-21T20:10:28Z|4007|RENAME|/var/www/.shell.php|success|{}
2025-03-21T20:10:31Z|5009|WRITE|/tmp/.hidden_script|success|{"suspicious": true, "sequence": 7984}
2025-03-21T20:10:54Z|5|RENAME|/var/www/.shell.php|success|{}
2025-03-21T20:11:06Z|7003|WRITE|/etc/hosts|success|{"size": 979937}
2025-03-21T20:11:26Z|9201|READ|/dev/shm/.malware|success|{"suspicious": true, "sequence": 7987}
2025-03-21T20:11:29Z|9103|RENAME|/tmp/backdoor.bin|success|{}
2025-03-21T20:11:56Z|6005|DELETE|/etc/hosts|success|{}
2025-03-21T20:12:18Z|4005|RENAME|/tmp/.hidden_script|success|{}
2025-03-21T20:12:20Z|9100|RENAME|/tmp/test.txt|success|{}
2025-03-21T20:12:44Z|3|WRITE|/home/user/documents/report.doc|success|{"size": 382638}
2025-03-21T20:12:54Z|9100|RENAME|/var/log/auth.log|success|{}
2025-03-21T20:12:59Z|1006|ATTRIBUTE|/tmp/backdoor.bin|success|{}
2025-03-21T20:13:18Z|9100|EXECUTE|/tmp/.hidden_script|success|{}
2025-03-21T20:13:31Z|9202|READ|/etc/hosts|success|{}
2025-03-21T20:13:57Z|3|RENAME|/home/user/documents/report.doc|success|{}
2025-03-21T20:14:21Z|2|WRITE|/var/log/syslog|success|{"size": 725526}
2025-03-21T20:14:24Z|9204|RENAME|/tmp/backdoor.bin|success|{}
2025-03-21T20:14:50Z|6003|READ|/var/log/syslog|failure|{}
2025-03-21T20:14:58Z|1018|ATTRIBUTE|/tmp/.hidden_script|success|{}
2025-03-21T20:15:28Z|6009|ATTRIBUTE|/var/www/.shell.php|success|{}
2025-03-21T20:15:37Z|7002|WRITE|/tmp/test.txt|failure|{"size": 981258}
2025-03-21T20:15:56Z|4|EXECUTE|/dev/shm/.malware|success|{}
2025-03-21T20:16:09Z|9200|RENAME|/var/log/syslog|success|{}
2025-03-21T20:16:30Z|7002|RENAME|/etc/hosts|success|{}
2025-03-21T20:16:45Z|5013|ATTRIBUTE|/tmp/.hidden_script|failure|{}
2025-03-21T20:16:53Z|1|WRITE|/var/log/auth.log|success|{"size": 1035441}
2025-03-21T20:16:56Z|5009|ATTRIBUTE|/etc/cron.d/.hack|success|{}
2025-03-21T20:16:57Z|7003|READ|/dev/shm/.malware|success|{"suspicious": true, "sequence": 8010}
2025-03-21T20:17:13Z|6000|WRITE|/tmp/.hidden_script|success|{"suspicious": true, "sequence": 8011}
2025-03-21T20:17:22Z|4008|WRITE|/etc/shadow|failure|{"size": 469480}
2025-03-21T20:17:47Z|7001|DELETE|/etc/hosts|success|{}
2025-03-21T20:17:50Z|9203|EXECUTE|/dev/shm/.malware|success|{}
2025-03-21T20:18:19Z|7003|WRITE|/var/log/syslog|success|{"size": 535795}
2025-03-21T20:18:39Z|4|READ|/home/user/.ssh/id_rsa|success|{}
2025-03-21T20:18:55Z|4003|READ|/etc/hosts|success|{}
2025-03-21T20:18:56Z|1013|EXECUTE|/etc/shadow|success|{}
2025-03-21T20:19:20Z|9100|ATTRIBUTE|/tmp/backdoor.bin|success|{}
2025-03-21T20:19:24Z|7000|RENAME|/etc/hosts|success|{}
2025-03-21T20:19:51Z|4003|EXECUTE|/tmp/test.txt|success|{}
2025-03-21T20:20:05Z|1|WRITE|/tmp/.hidden_script|success|{"suspicious": true, "sequence": 8022}
2025-03-21T20:20:20Z|1012|RENAME|/etc/hosts|success|{}
2025-03-21T20:20:32Z|1011|WRITE|/home/user/documents/report.doc|success|{"size": 786381}
2025-03-21T20:20:37Z|1017|RENAME|/tmp/test.txt|failure|{}
2025-03-21T20:20:50Z|9102|READ|/var/log/syslog|success|{}
2025-03-21T20:20:51Z|9100|READ|/etc/shadow|failure|{}
2025-03-21T20:21:04Z|6004|EXECUTE|/var/www/.shell.php|success|{}
2025-03-21T20:21:20Z|1001|ATTRIBUTE|/home/user/.ssh/id_rsa|success|{}
2025-03-21T20:21:39Z|1003|DELETE|/var/log/syslog|failure|{}
2025-03-21T20:21:53Z|5|DELETE|/etc/cron.d/.hack|success|{}
2025-03-21T20:22:20Z|1014|ATTRIBUTE|/tmp/.hidden_script|success|{}
2025-03-21T20:22:39Z|9103|READ|/var/log/auth.log|success|{}
2025-03-21T20:22:43Z|5010|DELETE|/home/user/.ssh/id_rsa|success|{}
2025-03-21T20:22:53Z|1|WRITE|/tmp/backdoor.bin|success|{"suspicious": true, "sequence": 8035}
2025-03-21T20:22:56Z|1016|RENAME|/etc/hosts|success|{}
2025-03-21T20:23:21Z|5013|ATTRIBUTE|/home/user/.ssh/id_rsa|failure|{}
2025-03-21T20:23:48Z|9003|EXECUTE|/etc/hosts|success|{}
2025-03-21T20:24:11Z|9001|ATTRIBUTE|/etc/shadow|success|{}
2025-03-21T20:24:14Z|7001|READ|/etc/hosts|success|{}
2025-03-21T20:24:33Z|1018|RENAME|/tmp/.hidden_script|success|{}
2025-03-21T20:24:58Z|1001|WRITE|/etc/cron.d/.hack|failure|{"suspicious": true, "sequence": 8042}
2025-03-21T20:25:07Z|9204|RENAME|/tmp/.hidden_script|success|{}
2025-03-21T20:25:22Z|1005|READ|/home/user/.ssh/id_rsa|success|{}
2025-03-21T20:25:47Z|7001|READ|/tmp/.hidden_script|success|{"suspicious": true, "sequence": 8045}
2025-03-21T20:26:02Z|5|WRITE|/home/user/.ssh/id_rsa|success|{"size": 572241}
2025-03-21T20:26:19Z|9201|DELETE|/dev/shm/.malware|success|{}
2025-03-21T20:26:31Z|5005|ATTRIBUTE|/etc/hosts|success|{}
2025-03-21T20:26:39Z|1005|RENAME|/tmp/backdoor.bin|success|{}
2025-03-21T20:27:00Z|1004|DELETE|/etc/hosts|success|{}
2025-03-21T20:27:13Z|4009|EXECUTE|/home/user/documents/report.doc|success|{}
2025-03-21T20:27:31Z|6003|READ|/etc/hosts|success|{}
2025-03-21T20:27:34Z|9201|ATTRIBUTE|/var/log/auth.log|success|{}
2025-03-21T20:27:47Z|9204|READ|/var/www/.shell.php|success|{"suspicious": true, "sequence": 8054}
2025-03-21T20:28:17Z|9001|DELETE|/tmp/.hidden_script|success|{}
2025-03-21T20:28:35Z|5006|ATTRIBUTE|/etc/cron.d/.hack|success|{}
2025-03-21T20:28:38Z|9101|DELETE|/etc/cron.d/.hack|success|{}
2025-03-21T20:28:44Z|9100|EXECUTE|/var/www/.shell.php|success|{}
2025-03-21T20:28:56Z|4|WRITE|/home/user/documents/report.doc|failure|{"size": 528944}
2025-03-21T20:29:10Z|1001|EXECUTE|/dev/shm/.malware|success|{}
2025-03-21T20:29:17Z|9100|RENAME|/etc/hosts|success|{}
2025-03-21T20:29:34Z|6004|READ|/tmp/backdoor.bin|success|{"suspicious": true, "sequence": 8062}
2025-03-21T20:29:52Z|4007|DELETE|/etc/cron.d/.hack|success|{}
2025-03-21T20:30:08Z|5003|WRITE|/etc/cron.d/.hack|success|{"suspicious": true, "sequence": 8064}
2025-03-21T20:30:13Z|1|DELETE|/var/log/auth.log|success|{}
2025-03-21T20:30:19Z|7001|ATTRIBUTE|/dev/shm/.malware|success|{}
2025-03-21T20:30:33Z|4023|DELETE|/tmp/.hidden_script|success|{}
2025-03-21T20:30:43Z|1006|DELETE|/tmp/test.txt|success|{}
2025-03-21T20:31:11Z|9000|READ|/etc/hosts|success|{}
2025-03-21T20:31:35Z|7000|WRITE|/tmp/backdoor.bin|success|{"suspicious": true, "sequence": 8070}
2025-03-21T20:31:59Z|2|EXECUTE|/dev/shm/.malware|success|{}
2025-03-21T20:32:09Z|1007|READ|/var/log/auth.log|failure|{}
2025-03-21T20:32:16Z|6005|ATTRIBUTE|/var/log/syslog|success|{}
2025-03-21T20:32:40Z|5005|RENAME|/dev/shm/.malware|success|{}
2025-03-21T20:33:00Z|4018|ATTRIBUTE|/etc/shadow|success|{}
2025-03-21T20:33:21Z|7004|DELETE|/tmp/test.txt|failure|{}
2025-03-21T20:33:46Z|9202|WRITE|/var/log/syslog|success|{"size": 379304}
2025-03-21T20:33:58Z|5004|WRITE|/home/user/documents/report.doc|success|{"size": 799318}
2025-03-21T20:34:18Z|2|READ|/etc/hosts|success|{}
2025-03-21T20:34:37Z|9001|DELETE|/tmp/backdoor.bin|success|{}
2025-03-21T20:35:02Z|7004|READ|/home/user/documents/report.doc|success|{}
2025-03-21T20:35:29Z|5011|RENAME|/tmp/backdoor.bin|failure|{}
2025-03-21T20:35:41Z|7002|EXECUTE|/etc/hosts|success|{}
2025-03-21T20:35:43Z|2|RENAME|/tmp/.hidden_script|success|{}
2025-03-21T20:36:06Z|5010|READ|/etc/passwd|success|{}
2025-03-21T20:36:30Z|9202|RENAME|/etc/passwd|success|{}
2025-03-21T20:36:37Z|1018|EXECUTE|/var/log/syslog|failure|{}
2025-03-21T20:36:59Z|9204|ATTRIBUTE|/var/log/auth.log|success|{}
2025-03-21T20:37:08Z|4016|DELETE|/home/user/documents/report.doc|success|{}
2025-03-21T20:37:11Z|9100|DELETE|/etc/cron.d/.hack|success|{}
2025-03-21T20:37:21Z|7003|EXECUTE|/var/log/syslog|success|{}
2025-03-21T20:37:22Z|1013|WRITE|/var/log/auth.log|success|{"size": 417865}
2025-03-21T20:37:36Z|6000|DELETE|/var/www/.shell.php|failure|{}
2025-03-21T20:37:37Z|4|EXECUTE|/tmp/.hidden_script|success|{}
2025-03-21T20:37:52Z|9202|WRITE|/home/user/documents/report.doc|failure|{"size": 397173}
2025-03-21T20:38:03Z|5006|DELETE|/home/user/documents/report.doc|success|{}
2025-03-21T20:38:19Z|1002|ATTRIBUTE|/tmp/backdoor.bin|success|{}
2025-03-21T20:38:42Z|1|ATTRIBUTE|/home/user/.ssh/id_rsa|success|{}
2025-03-21T20:38:52Z|9201|READ|/etc/shadow|success|{}
2025-03-21T20:39:03Z|7001|EXECUTE|/dev/shm/.malware|success|{}
2025-03-21T20:39:17Z|6003|READ|/home/user/documents/report.doc|success|{}
2025-03-21T20:39:33Z|1012|ATTRIBUTE|/tmp/backdoor.bin|success|{}
2025-03-21T20:39:35Z|5011|RENAME|/var/log/syslog|success|{}
2025-03-21T20:39:54Z|9101|READ|/home/user/.ssh/id_rsa|success|{}
2025-03-21T20:40:06Z|9000|RENAME|/home/user/.ssh/id_rsa|success|{}
2025-03-21T20:40:21Z|1014|RENAME|/etc/cron.d/.hack|success|{}
2025-03-21T20:40:48Z|9104|DELETE|/var/log/auth.log|success|{}
2025-03-21T20:41:04Z|9200|DELETE|/etc/passwd|failure|{}
2025-03-21T20:41:30Z|6003|EXECUTE|/var/log/auth.log|success|{}
2025-03-21T20:41:58Z|3|DELETE|/var/log/auth.log|success|{}
2025-03-21T20:42:14Z|9100|READ|/etc/shadow|success|{}
2025-03-21T20:42:40Z|5008|ATTRIBUTE|/dev/shm/.malware|success|{}
2025-03-21T20:43:04Z|1011|RENAME|/dev/shm/.malware|success|{}
2025-03-21T20:43:34Z|7000|DELETE|/etc/hosts|success|{}
2025-03-21T20:43:49Z|6003|ATTRIBUTE|/tmp/.hidden_script|success|{}
2025-03-21T20:44:16Z|9202|ATTRIBUTE|/tmp/test.txt|success|{}
2025-03-21T20:44:24Z|1011|READ|/etc/passwd|success|{}
2025-03-21T20:44:44Z|9102|READ|/tmp/test.txt|success|{}
2025-03-21T20:44:56Z|9101|RENAME|/home/user/documents/report.doc|success|{}
2025-03-21T20:45:23Z|9004|DELETE|/tmp/test.txt|success|{}
2025-03-21T20:45:33Z|9103|RENAME|/home/user/documents/report.doc|success|{}
2025-03-21T20:45:40Z|5006|WRITE|/var/log/syslog|success|{"size": 491768}
2025-03-21T20:45:51Z|1000|RENAME|/etc/hosts|success|{}
2025-03-21T20:46:01Z|4026|WRITE|/var/www/.shell.php|success|{"suspicious": true, "sequence": 8124}
2025-03-21T20:46:14Z|9100|WRITE|/etc/shadow|success|{"size": 128897}
2025-03-21T20:46:17Z|5012|EXECUTE|/etc/shadow|success|{}
2025-03-21T20:46:26Z|9101|WRITE|/etc/passwd|success|{"size": 392628}
2025-03-21T20:46:49Z|9001|WRITE|/tmp/backdoor.bin|success|{"suspicious": true, "sequence": 8128}
2025-03-21T20:47:03Z|9002|DELETE|/tmp/.hidden_script|success|{}
2025-03-21T20:47:29Z|7001|ATTRIBUTE|/etc/hosts|success|{}
2025-03-21T20:47:34Z|7004|WRITE|/dev/shm/.malware|success|{"suspicious": true, "sequence": 8131}
2025-03-21T20:48:01Z|4012|RENAME|/etc/cron.d/.hack|success|{}
2025-03-21T20:48:27Z|9101|RENAME|/tmp/test.txt|success|{}
2025-03-21T20:48:46Z|9200|RENAME|/etc/shadow|success|{}
2025-03-21T20:49:14Z|6000|WRITE|/home/user/documents/report.doc|success|{"size": 544364}
2025-03-21T20:49:37Z|7003|EXECUTE|/tmp/backdoor.bin|success|{}
2025-03-21T20:49:39Z|1016|ATTRIBUTE|/var/www/.shell.php|success|{}
2025-03-21T20:49:54Z|3|READ|/home/user/documents/report.doc|success|{}
2025-03-21T20:50:12Z|5009|RENAME|/home/user/.ssh/id_rsa|success|{}
2025-03-21T20:50:19Z|5009|EXECUTE|/var/www/.shell.php|success|{}
2025-03-21T20:50:49Z|4016|RENAME|/tmp/backdoor.bin|success|{}
2025-03-21T20:51:15Z|9002|ATTRIBUTE|/var/log/syslog|failure|{}
2025-03-21T20:51:36Z|9000|RENAME|/etc/hosts|success|{}
2025-03-21T20:51:44Z|3|WRITE|/home/user/documents/report.doc|success|{"size": 534561}
2025-03-21T20:52:10Z|5007|RENAME|/home/user/.ssh/id_rsa|success|{}
2025-03-21T20:52:27Z|3|EXECUTE|/etc/cron.d/.hack|success|{}
2025-03-21T20:52:33Z|9201|READ|/var/www/.shell.php|success|{"suspicious": true, "sequence": 8147}
2025-03-21T20:52:34Z|9002|WRITE|/etc/cron.d/.hack|success|{"suspicious": true, "sequence": 8148}
2025-03-21T20:52:37Z|6006|ATTRIBUTE|/tmp/backdoor.bin|success|{}
2025-03-21T20:52:52Z|9100|WRITE|/etc/shadow|success|{"size": 923730}
2025-03-21T20:52:57Z|9002|ATTRIBUTE|/etc/shadow|success|{}
2025-03-21T20:53:24Z|1011|RENAME|/etc/passwd|success|{}
2025-03-21T20:53:37Z|1000|DELETE|/etc/cron.d/.hack|success|{}
2025-03-21T20:53:45Z|7001|EXECUTE|/var/log/syslog|failure|{}
2025-03-21T20:54:13Z|9204|ATTRIBUTE|/tmp/backdoor.bin|success|{}
2025-03-21T20:54:16Z|1014|RENAME|/etc/cron.d/.hack|success|{}
2025-03-21T20:54:41Z|1002|WRITE|/etc/passwd|success|{"size": 36043}
2025-03-21T20:54:52Z|9103|ATTRIBUTE|/tmp/backdoor.bin|failure|{}
2025-03-21T20:55:06Z|4|READ|/var/log/syslog|success|{}
2025-03-21T20:55:25Z|7004|RENAME|/var/log/syslog|success|{}
2025-03-21T20:55:50Z|4016|RENAME|/tmp/test.txt|failure|{}
2025-03-21T20:55:52Z|9003|EXECUTE|/dev/shm/.malware|success|{}
2025-03-21T20:56:10Z|9103|WRITE|/home/user/documents/report.doc|success|{"size": 546224}
2025-03-21T20:56:37Z|1007|RENAME|/home/user/.ssh/id_rsa|success|{}
2025-03-21T20:57:02Z|5009|EXECUTE|/etc/hosts|success|{}
2025-03-21T20:57:24Z|4009|WRITE|/etc/cron.d/.hack|success|{"suspicious": true, "sequence": 8166}
2025-03-21T20:57:49Z|6000|WRITE|/var/log/syslog|success|{"size": 886421}
2025-03-21T20:58:14Z|5005|READ|/etc/hosts|success|{}
2025-03-21T20:58:25Z|4029|EXECUTE|/tmp/test.txt|success|{}
2025-03-21T20:58:39Z|1016|DELETE|/tmp/backdoor.bin|success|{}
2025-03-21T20:58:40Z|6008|WRITE|/tmp/backdoor.bin|success|{"suspicious": true, "sequence": 8171}
2025-03-21T20:58:53Z|3|EXECUTE|/tmp/.hidden_script|success|{}
2025-03-21T20:59:19Z|9002|DELETE|/etc/shadow|success|{}
2025-03-21T20:59:25Z|9104|DELETE|/etc/cron.d/.hack|success|{}
2025-03-21T20:59:41Z|9201|READ|/home/user/.ssh/id_rsa|success|{}
2025-03-21T20:59:46Z|9003|EXECUTE|/var/log/syslog|failure|{}
2025-03-21T20:59:57Z|9103|WRITE|/dev/shm/.malware|success|{"suspicious": true, "sequence": 8177}
2025-03-21T21:00:22Z|9103|RENAME|/home/user/.ssh/id_rsa|success|{}
2025-03-21T21:00:36Z|4020|READ|/home/user/documents/report.doc|success|{}
2025-03-21T21:00:45Z|9201|RENAME|/home/user/documents/report.doc|success|{}
2025-03-21T21:00:57Z|4027|WRITE|/var/log/syslog|success|{"size": 198386}
2025-03-21T21:01:20Z|6001|RENAME|/var/log/syslog|success|{}
2025-03-21T21:01:40Z|9202|READ|/tmp/.hidden_script|success|{"suspicious": true, "sequence": 8183}
2025-03-21T21:01:53Z|1003|READ|/tmp/backdoor.bin|success|{"suspicious": true, "sequence": 8184}
2025-03-21T21:02:22Z|5|READ|/etc/passwd|success|{}
2025-03-21T21:02:32Z|4014|RENAME|/tmp/backdoor.bin|success|{}
2025-03-21T21:02:56Z|9201|EXECUTE|/etc/shadow|failure|{}
2025-03-21T21:03:09Z|4024|RENAME|/var/www/.shell.php|success|{}
2025-03-21T21:03:21Z|5|WRITE|/home/user/.ssh/id_rsa|success|{"size": 443763}
2025-03-21T21:03:47Z|5|ATTRIBUTE|/home/user/documents/report.doc|success|{}
2025-03-21T21:03:55Z|4024|ATTRIBUTE|/var/log/auth.log|success|{}
2025-03-21T21:04:08Z|4|WRITE|/etc/hosts|success|{"size": 11363}
2025-03-21T21:04:17Z|5006|EXECUTE|/var/www/.shell.php|failure|{}
2025-03-21T21:04:20Z|1014|EXECUTE|/tmp/test.txt|success|{}
2025-03-21T21:04:26Z|9004|READ|/etc/shadow|success|{}
2025-03-21T21:04:41Z|5000|READ|/var/log/syslog|success|{}
2025-03-21T21:05:01Z|9001|RENAME|/var/log/auth.log|success|{}
2025-03-21T21:05:31Z|4|EXECUTE|/home/user/documents/report.doc|success|{}
2025-03-21T21:05:33Z|7001|WRITE|/etc/hosts|success|{"size": 359431}
2025-03-21T21:05:51Z|9203|EXECUTE|/var/www/.shell.php|success|{}
2025-03-21T21:06:19Z|7003|READ|/tmp/test.txt|success|{}
2025-03-21T21:06:31Z|9201|READ|/home/user/.ssh/id_rsa|success|{}
2025-03-21T21:06:58Z|6002|ATTRIBUTE|/var/www/.shell.php|success|{}
2025-03-21T21:07:05Z|7004|ATTRIBUTE|/etc/cron.d/.hack|success|{}
2025-03-21T21:07:22Z|4|EXECUTE|/home/user/.ssh/id_rsa|success|{}
2025-03-21T21:07:40Z|9100|RENAME|/etc/hosts|success|{}
2025-03-21T21:07:42Z|5003|EXECUTE|/tmp/test.txt|success|{}
2025-03-21T21:07:59Z|9003|WRITE|/etc/hosts|success|{"size": 622309}
2025-03-21T21:08:13Z|5000|RENAME|/tmp/backdoor.bin|success|{}
2025-03-21T21:08:23Z|4009|READ|/etc/shadow|success|{}
2025-03-21T21:08:24Z|9202|RENAME|/dev/shm/.malware|success|{}
2025-03-21T21:08:43Z|5|ATTRIBUTE|/etc/passwd|success|{}
2025-03-21T21:09:04Z|7002|RENAME|/home/user/documents/report.doc|failure|{}
2025-03-21T21:09:11Z|9204|EXECUTE|/etc/shadow|success|{}
2025-03-21T21:09:23Z|9004|EXECUTE|/etc/cron.d/.hack|success|{}
2025-03-21T21:09:46Z|7002|RENAME|/var/log/syslog|success|{}
2025-03-21T21:10:12Z|7003|RENAME|/var/log/auth.log|success|{}
2025-03-21T21:10:22Z|9101|WRITE|/var/log/auth.log|success|{"size": 148897}
2025-03-21T21:10:50Z|9001|READ|/etc/cron.d/.hack|success|{"suspicious": true, "sequence": 8219}
2025-03-21T21:11:12Z|6005|WRITE|/var/www/.shell.php|failure|{"suspicious": true, "sequence": 8220}
2025-03-21T21:11:21Z|4024|ATTRIBUTE|/home/user/.ssh/id_rsa|success|{}
2025-03-21T21:11:42Z|9104|WRITE|/home/user/documents/report.doc|success|{"size": 331861}
2025-03-21T21:12:06Z|9004|ATTRIBUTE|/etc/passwd|success|{}
2025-03-21T21:12:24Z|7003|WRITE|/tmp/backdoor.bin|success|{"suspicious": true, "sequence": 8224}
2025-03-21T21:12:35Z|2|RENAME|/tmp/backdoor.bin|success|{}
2025-03-21T21:12:52Z|4018|READ|/tmp/backdoor.bin|success|{"suspicious": true, "sequence": 8226}
2025-03-21T21:13:17Z|9102|RENAME|/etc/shadow|success|{}
2025-03-21T21:13:33Z|3|DELETE|/tmp/test.txt|success|{}
2025-03-21T21:13:58Z|4023|EXECUTE|/tmp/backdoor.bin|success|{}
2025-03-21T21:14:10Z|4002|ATTRIBUTE|/home/user/documents/report.doc|success|{}
2025-03-21T21:14:30Z|3|EXECUTE|/tmp/test.txt|success|{}
2025-03-21T21:14:36Z|7002|ATTRIBUTE|/tmp/backdoor.bin|success|{}
2025-03-21T21:15:05Z|9001|EXECUTE|/etc/shadow|success|{}
2025-03-21T21:15:15Z|5011|DELETE|/tmp/test.txt|success|{}
2025-03-21T21:15:24Z|1005|ATTRIBUTE|/var/log/auth.log|success|{}
2025-03-21T21:15:54Z|9000|EXECUTE|/tmp/.hidden_script|success|{}
2025-03-21T21:16:20Z|1|ATTRIBUTE|/tmp/.hidden_script|success|{}
2025-03-21T21:16:40Z|1003|READ|/tmp/test.txt|success|{}
2025-03-21T21:16:49Z|9202|ATTRIBUTE|/var/log/auth.log|success|{}
2025-03-21T21:16:51Z|1013|WRITE|/etc/shadow|success|{"size": 651023}
2025-03-21T21:16:59Z|1|EXECUTE|/var/log/auth.log|success|{}
2025-03-21T21:17:11Z|5002|RENAME|/etc/cron.d/.hack|success|{}
2025-03-21T21:17:19Z|9100|DELETE|/tmp/test.txt|failure|{}
2025-03-21T21:17:35Z|5002|RENAME|/etc/hosts|failure|{}
2025-03-21T21:17:57Z|5012|READ|/etc/cron.d/.hack|success|{"suspicious": true, "sequence": 8245}
2025-03-21T21:18:04Z|4002|RENAME|/home/user/documents/report.doc|success|{}
2025-03-21T21:18:22Z|9103|ATTRIBUTE|/etc/hosts|failure|{}
2025-03-21T21:18:43Z|5013|EXECUTE|/etc/hosts|success|{}
2025-03-21T21:19:03Z|9200|READ|/var/www/.shell.php|success|{"suspicious": true, "sequence": 8249}
2025-03-21T21:19:06Z|5011|WRITE|/dev/shm/.malware|success|{"suspicious": true, "sequence": 8250}
2025-03-21T21:19:22Z|9004|ATTRIBUTE|/etc/shadow|success|{}
2025-03-21T21:19:23Z|2|WRITE|/var/www/.shell.php|success|{"suspicious": true, "sequence": 8252}
2025-03-21T21:19:52Z|9102|DELETE|/home/user/.ssh/id_rsa|success|{}
2025-03-21T21:20:04Z|9101|EXECUTE|/var/log/syslog|success|{}
2025-03-21T21:20:18Z|9201|READ|/var/log/auth.log|success|{}
2025-03-21T21:20:34Z|9003|ATTRIBUTE|/dev/shm/.malware|success|{}
2025-03-21T21:21:01Z|4|EXECUTE|/home/user/documents/report.doc|failure|{}
2025-03-21T21:21:25Z|5014|RENAME|/etc/cron.d/.hack|failure|{}
2025-03-21T21:21:27Z|4027|WRITE|/etc/shadow|success|{"size": 953358}
2025-03-21T21:21:31Z|9002|RENAME|/tmp/backdoor.bin|success|{}
2025-03-21T21:21:53Z|9203|RENAME|/var/log/auth.log|success|{}
2025-03-21T21:22:17Z|9001|EXECUTE|/etc/hosts|success|{}
2025-03-21T21:22:22Z|9100|EXECUTE|/etc/shadow|success|{}
2025-03-21T21:22:26Z|5|READ|/etc/hosts|success|{}
2025-03-21T21:22:44Z|1002|RENAME|/var/log/syslog|success|{}
2025-03-21T21:22:46Z|6006|EXECUTE|/tmp/.hidden_script|success|{}
2025-03-21T21:23:16Z|4010|EXECUTE|/tmp/test.txt|success|{}
2025-03-21T21:23:41Z|9103|ATTRIBUTE|/home/user/documents/report.doc|success|{}
2025-03-21T21:23:44Z|6000|READ|/home/user/documents/report.doc|success|{}
2025-03-21T21:23:54Z|7000|ATTRIBUTE|/var/log/auth.log|success|{}
2025-03-21T21:24:07Z|9002|ATTRIBUTE|/etc/passwd|success|{}
2025-03-21T21:24:10Z|9201|RENAME|/tmp/backdoor.bin|success|{}
2025-03-21T21:24:25Z|3|RENAME|/etc/passwd|success|{}
2025-03-21T21:24:50Z|9100|DELETE|/var/www/.shell.php|success|{}
2025-03-21T21:25:02Z|1009|WRITE|/etc/cron.d/.hack|success|{"suspicious": true, "sequence": 8275}
2025-03-21T21:25:25Z|9200|EXECUTE|/home/user/.ssh/id_rsa|failure|{}
2025-03-21T21:25:26Z|1003|ATTRIBUTE|/var/log/auth.log|success|{}
2025-03-21T21:25:43Z|9101|WRITE|/tmp/.hidden_script|success|{"suspicious": true, "sequence": 8278}
2025-03-21T21:25:50Z|7004|EXECUTE|/etc/shadow|success|{}
2025-03-21T21:25:52Z|4029|EXECUTE|/etc/passwd|success|{}
2025-03-21T21:25:56Z|5005|RENAME|/var/log/auth.log|success|{}
2025-03-21T21:26:16Z|9103|WRITE|/tmp/test.txt|success|{"size": 835355}
2025-03-21T21:26:44Z|6000|ATTRIBUTE|/var/www/.shell.php|success|{}
2025-03-21T21:26:52Z|9000|DELETE|/etc/cron.d/.hack|success|{}
2025-03-21T21:27:21Z|5005|EXECUTE|/home/user/.ssh/id_rsa|success|{}
2025-03-21T21:27:26Z|5|READ|/tmp/test.txt|success|{}
2025-03-21T21:27:29Z|6008|DELETE|/var/www/.shell.php|success|{}
2025-03-21T21:27:48Z|2|READ|/etc/cron.d/.hack|success|{"suspicious": true, "sequence": 8288}
2025-03-21T21:28:13Z|9000|RENAME|/home/user/documents/report.doc|success|{}
2025-03-21T21:28:15Z|6008|READ|/var/log/auth.log|success|{}
2025-03-21T21:28:22Z|1010|DELETE|/var/log/auth.log|success|{}
2025-03-21T21:28:29Z|5014|WRITE|/var/log/auth.log|success|{"size": 835799}
2025-03-21T21:28:52Z|2|WRITE|/home/user/.ssh/id_rsa|failure|{"size": 934187}
2025-03-21T21:29:20Z|1|WRITE|/home/user/.ssh/id_rsa|success|{"size": 102526}
2025-03-21T21:29:26Z|6004|ATTRIBUTE|/var/log/auth.log|success|{}
2025-03-21T21:29:41Z|5005|ATTRIBUTE|/var/log/syslog|success|{}
2025-03-21T21:30:06Z|7000|READ|/var/log/syslog|success|{}
2025-03-21T21:30:21Z|4015|DELETE|/dev/shm/.malware|failure|{}
2025-03-21T21:30:30Z|7000|READ|/etc/passwd|success|{}
2025-03-21T21:30:53Z|6006|ATTRIBUTE|/var/log/syslog|success|{}
2025-03-21T21:31:07Z|4027|READ|/tmp/test.txt|failure|{}
2025-03-21T21:31:25Z|5003|WRITE|/tmp/test.txt|failure|{"size": 128361}
2025-03-21T21:31:34Z|6000|EXECUTE|/etc/shadow|failure|{}
2025-03-21T21:31:38Z|1007|DELETE|/home/user/documents/report.doc|success|{}
2025-03-21T21:32:04Z|9104|RENAME|/etc/cron.d/.hack|success|{}
2025-03-21T21:32:17Z|9103|READ|/etc/shadow|success|{}
2025-03-21T21:32:19Z|9102|DELETE|/var/log/syslog|success|{}
2025-03-21T21:32:42Z|6008|DELETE|/etc/shadow|success|{}
2025-03-21T21:33:12Z|9201|READ|/etc/hosts|success|{}
2025-03-21T21:33:28Z|5012|DELETE|/tmp/backdoor.bin|success|{}
2025-03-21T21:33:44Z|6001|EXECUTE|/home/user/documents/report.doc|success|{}
2025-03-21T21:34:09Z|5003|WRITE|/home/user/documents/report.doc|success|{"size": 710450}
2025-03-21T21:34:31Z|9003|ATTRIBUTE|/tmp/backdoor.bin|success|{}
2025-03-21T21:34:56Z|6003|RENAME|/etc/passwd|success|{}
2025-03-21T21:35:26Z|6000|WRITE|/tmp/backdoor.bin|failure|{"suspicious": true, "sequence": 8315}
2025-03-21T21:35:49Z|7003|DELETE|/home/user/.ssh/id_rsa|success|{}
2025-03-21T21:36:13Z|4025|EXECUTE|/etc/cron.d/.hack|success|{}
2025-03-21T21:36:36Z|5|DELETE|/etc/shadow|success|{}
2025-03-21T21:36:59Z|5010|READ|/tmp/backdoor.bin|success|{"suspicious": true, "sequence": 8319}
2025-03-21T21:37:21Z|5004|ATTRIBUTE|/dev/shm/.malware|success|{}
2025-03-21T21:37:29Z|5011|EXECUTE|/etc/passwd|failure|{}
2025-03-21T21:37:53Z|5013|ATTRIBUTE|/var/log/auth.log|success|{}
2025-03-21T21:38:03Z|1005|ATTRIBUTE|/etc/hosts|success|{}
2025-03-21T21:38:14Z|9002|READ|/tmp/.hidden_script|success|{"suspicious": true, "sequence": 8324}
2025-03-21T21:38:15Z|1001|EXECUTE|/var/log/syslog|success|{}
2025-03-21T21:38:43Z|1007|RENAME|/home/user/documents/report.doc|success|{}
2025-03-21T21:38:55Z|5002|READ|/etc/shadow|success|{}
2025-03-21T21:39:03Z|9201|EXECUTE|/etc/passwd|success|{}
2025-03-21T21:39:06Z|9202|ATTRIBUTE|/tmp/backdoor.bin|success|{}
2025-03-21T21:39:16Z|9101|RENAME|/home/user/documents/report.doc|success|{}
2025-03-21T21:39:36Z|7001|RENAME|/home/user/documents/report.doc|success|{}
2025-03-21T21:40:02Z|6002|EXECUTE|/home/user/.ssh/id_rsa|success|{}
2025-03-21T21:40:20Z|4024|WRITE|/tmp/test.txt|success|{"size": 618898}
2025-03-21T21:40:41Z|5|EXECUTE|/tmp/test.txt|success|{}
2025-03-21T21:40:54Z|4029|ATTRIBUTE|/var/www/.shell.php|failure|{}
2025-03-21T21:40:56Z|9200|READ|/etc/passwd|success|{}
2025-03-21T21:41:19Z|9203|DELETE|/var/log/syslog|success|{}
2025-03-21T21:41:27Z|1|DELETE|/etc/hosts|success|{}
2025-03-21T21:41:36Z|7004|READ|/home/user/.ssh/id_rsa|failure|{}
2025-03-21T21:41:40Z|9202|WRITE|/etc/shadow|success|{"size": 381746}
2025-03-21T21:41:52Z|9200|EXECUTE|/dev/shm/.malware|success|{}
2025-03-21T21:42:22Z|4012|DELETE|/etc/hosts|success|{}
2025-03-21T21:42:31Z|5010|WRITE|/home/user/.ssh/id_rsa|failure|{"size": 32382}
2025-03-21T21:42:44Z|9002|ATTRIBUTE|/var/log/auth.log|success|{}
2025-03-21T21:43:11Z|3|WRITE|/etc/cron.d/.hack|success|{"suspicious": true, "sequence": 8345}
2025-03-21T21:43:12Z|9102|WRITE|/tmp/.hidden_script|success|{"suspicious": true, "sequence": 8346}
2025-03-21T21:43:25Z|9002|DELETE|/etc/shadow|success|{}
2025-03-21T21:43:40Z|6001|RENAME|/tmp/.hidden_script|failure|{}
2025-03-21T21:44:08Z|9102|ATTRIBUTE|/tmp/test.txt|success|{}
2025-03-21T21:44:23Z|4|RENAME|/etc/shadow|failure|{}
2025-03-21T21:44:40Z|7004|RENAME|/etc/cron.d/.hack|success|{}
2025-03-21T21:45:03Z|7004|ATTRIBUTE|/etc/hosts|success|{}
2025-03-21T21:45:32Z|9003|READ|/tmp/test.txt|success|{}
2025-03-21T21:45:54Z|1|WRITE|/var/www/.shell.php|success|{"suspicious": true, "sequence": 8354}
2025-03-21T21:46:17Z|9001|ATTRIBUTE|/home/user/.ssh/id_rsa|success|{}
2025-03-21T21:46:29Z|6002|ATTRIBUTE|/var/www/.shell.php|success|{}
2025-03-21T21:46:49Z|5013|READ|/home/user/documents/report.doc|success|{}
2025-03-21T21:46:59Z|7002|RENAME|/dev/shm/.malware|success|{}
2025-03-21T21:47:15Z|5009|EXECUTE|/var/log/syslog|failure|{}
2025-03-21T21:47:34Z|2|RENAME|/var/log/syslog|success|{}
2025-03-21T21:47:47Z|9202|WRITE|/var/log/auth.log|success|{"size": 288756}
2025-03-21T21:48:02Z|6002|EXECUTE|/etc/cron.d/.hack|success|{}
2025-03-21T21:48:05Z|7004|ATTRIBUTE|/etc/cron.d/.hack|success|{}
2025-03-21T21:48:14Z|9001|WRITE|/tmp/test.txt|success|{"size": 931556}
2025-03-21T21:48:42Z|9200|EXECUTE|/etc/cron.d/.hack|success|{}
2025-03-21T21:48:51Z|7002|EXECUTE|/tmp/backdoor.bin|success|{}
2025-03-21T21:49:01Z|5004|ATTRIBUTE|/tmp/backdoor.bin|success|{}
2025-03-21T21:49:21Z|5|RENAME|/var/log/syslog|failure|{}
2025-03-21T21:49:31Z|4025|READ|/etc/passwd|success|{}
2025-03-21T21:49:45Z|9202|RENAME|/tmp/test.txt|success|{}
2025-03-21T21:50:11Z|1001|WRITE|/etc/hosts|success|{"size": 800259}
2025-03-21T21:50:21Z|9204|EXECUTE|/etc/cron.d/.hack|success|{}
2025-03-21T21:50:31Z|6006|WRITE|/dev/shm/.malware|success|{"suspicious": true, "sequence": 8373}
2025-03-21T21:50:54Z|5013|DELETE|/var/www/.shell.php|success|{}
2025-03-21T21:51:23Z|7004|WRITE|/tmp/.hidden_script|success|{"suspicious": true, "sequence": 8375}
2025-03-21T21:51:28Z|1|READ|/etc/cron.d/.hack|failure|{"suspicious": true, "sequence": 8376}
2025-03-21T21:51:33Z|4027|EXECUTE|/etc/cron.d/.hack|success|{}
2025-03-21T21:51:39Z|1002|EXECUTE|/etc/hosts|success|{}
2025-03-21T21:51:48Z|9104|DELETE|/etc/cron.d/.hack|success|{}
2025-03-21T21:52:14Z|1003|DELETE|/etc/hosts|success|{}
2025-03-21T21:52:39Z|6000|RENAME|/dev/shm/.malware|success|{}
2025-03-21T21:53:09Z|6000|READ|/tmp/.hidden_script|failure|{"suspicious": true, "sequence": 8382}
2025-03-21T21:53:13Z|9102|EXECUTE|/tmp/backdoor.bin|success|{}
2025-03-21T21:53:36Z|4003|EXECUTE|/tmp/test.txt|success|{}
2025-03-21T21:53:59Z|5006|WRITE|/dev/shm/.malware|success|{"suspicious": true, "sequence": 8385}
2025-03-21T21:54:07Z|6007|ATTRIBUTE|/tmp/backdoor.bin|success|{}
2025-03-21T21:54:30Z|9002|ATTRIBUTE|/var/log/auth.log|success|{}
2025-03-21T21:54:50Z|9003|WRITE|/dev/shm/.malware|failure|{"suspicious": true, "sequence": 8388}
2025-03-21T21:55:03Z|6000|EXECUTE|/home/user/documents/report.doc|success|{}
2025-03-21T21:55:06Z|5011|ATTRIBUTE|/dev/shm/.malware|success|{}
2025-03-21T21:55:19Z|4|ATTRIBUTE|/etc/hosts|success|{}
2025-03-21T21:55:36Z|9001|EXECUTE|/var/log/auth.log|success|{}
2025-03-21T21:55:56Z|4010|READ|/etc/cron.d/.hack|success|{"suspicious": true, "sequence": 8393}
2025-03-21T21:55:57Z|7001|READ|/var/log/syslog|success|{}
2025-03-21T21:56:27Z|7004|RENAME|/var/log/auth.log|success|{}
2025-03-21T21:56:35Z|9004|WRITE|/var/log/auth.log|success|{"size": 992941}
2025-03-21T21:56:50Z|1009|WRITE|/home/user/documents/report.doc|success|{"size": 641457}
2025-03-21T21:57:10Z|9102|ATTRIBUTE|/tmp/.hidden_script|success|{}
2025-03-21T21:57:38Z|6007|RENAME|/dev/shm/.malware|success|{}
2025-03-21T21:57:53Z|9002|READ|/etc/cron.d/.hack|success|{"suspicious": true, "sequence": 8400}
2025-03-21T21:58:20Z|9000|DELETE|/var/log/auth.log|success|{}
2025-03-21T21:58:28Z|1|EXECUTE|/var/log/syslog|success|{}
2025-03-21T21:58:54Z|4001|READ|/etc/shadow|success|{}
2025-03-21T21:59:10Z|1|RENAME|/home/user/documents/report.doc|success|{}
2025-03-21T21:59:25Z|1|ATTRIBUTE|/etc/shadow|success|{}
2025-03-21T21:59:38Z|6004|WRITE|/etc/cron.d/.hack|success|{"suspicious": true, "sequence": 8406}
2025-03-21T21:59:47Z|5|EXECUTE|/home/user/.ssh/id_rsa|failure|{}
2025-03-21T22:00:03Z|1013|DELETE|/etc/passwd|success|{}
2025-03-21T22:00:25Z|9102|READ|/tmp/.hidden_script|success|{"suspicious": true, "sequence": 8409}
2025-03-21T22:00:30Z|1012|ATTRIBUTE|/home/user/documents/report.doc|success|{}
2025-03-21T22:00:40Z|9101|ATTRIBUTE|/etc/shadow|failure|{}
2025-03-21T22:01:07Z|1019|READ|/etc/hosts|success|{}
2025-03-21T22:01:26Z|9100|WRITE|/etc/cron.d/.hack|success|{"suspicious": true, "sequence": 8413}
2025-03-21T22:01:55Z|5011|DELETE|/etc/cron.d/.hack|failure|{}
2025-03-21T22:01:57Z|4021|RENAME|/dev/shm/.malware|success|{}
2025-03-21T22:02:21Z|7001|ATTRIBUTE|/etc/shadow|success|{}
2025-03-21T22:02:49Z|9004|WRITE|/etc/cron.d/.hack|failure|{"suspicious": true, "sequence": 8417}
2025-03-21T22:02:50Z|6008|EXECUTE|/etc/shadow|failure|{}
2025-03-21T22:03:08Z|4027|EXECUTE|/tmp/.hidden_script|success|{}
2025-03-21T22:03:18Z|6000|WRITE|/etc/passwd|success|{"size": 2780}
2025-03-21T22:03:33Z|7003|WRITE|/etc/hosts|success|{"size": 2832}
2025-03-21T22:03:47Z|4000|EXECUTE|/etc/hosts|success|{}
2025-03-21T22:03:48Z|1008|ATTRIBUTE|/var/log/syslog|success|{}
2025-03-21T22:03:49Z|2|ATTRIBUTE|/home/user/documents/report.doc|success|{}
2025-03-21T22:03:50Z|7001|EXECUTE|/dev/shm/.malware|success|{}
2025-03-21T22:04:15Z|7000|ATTRIBUTE|/tmp/.hidden_script|success|{}
2025-03-21T22:04:17Z|5014|READ|/dev/shm/.malware|success|{"suspicious": true, "sequence": 8427}
2025-03-21T22:04:41Z|9103|ATTRIBUTE|/etc/shadow|failure|{}
2025-03-21T22:04:45Z|6001|EXECUTE|/home/user/documents/report.doc|success|{}
2025-03-21T22:05:10Z|9003|DELETE|/var/www/.shell.php|success|{}
2025-03-21T22:05:27Z|4013|EXECUTE|/etc/passwd|success|{}
2025-03-21T22:05:37Z|4007|EXECUTE|/tmp/.hidden_script|success|{}
2025-03-21T22:05:38Z|5012|READ|/home/user/documents/report.doc|success|{}
2025-03-21T22:05:46Z|5005|EXECUTE|/var/log/syslog|success|{}
2025-03-21T22:05:54Z|9002|DELETE|/var/www/.shell.php|success|{}
2025-03-21T22:06:09Z|5|ATTRIBUTE|/tmp/.hidden_script|success|{}
2025-03-21T22:06:11Z|6006|ATTRIBUTE|/var/www/.shell.php|failure|{}
2025-03-21T22:06:27Z|9001|EXECUTE|/home/user/.ssh/id_rsa|success|{}
2025-03-21T22:06:46Z|6002|DELETE|/home/user/.ssh/id_rsa|success|{}
2025-03-21T22:07:01Z|6009|READ|/etc/shadow|success|{}
2025-03-21T22:07:20Z|9003|RENAME|/home/user/.ssh/id_rsa|success|{}
2025-03-21T22:07:45Z|4012|RENAME|/tmp/.hidden_script|success|{}
2025-03-21T22:08:13Z|7004|WRITE|/etc/passwd|success|{"size": 184632}
2025-03-21T22:08:35Z|9002|RENAME|/var/log/syslog|success|{}
2025-03-21T22:08:45Z|4008|DELETE|/etc/hosts|success|{}
2025-03-21T22:08:46Z|5010|RENAME|/var/log/syslog|success|{}
2025-03-21T22:09:01Z|4020|RENAME|/etc/passwd|success|{}
2025-03-21T22:09:12Z|9001|WRITE|/etc/passwd|success|{"size": 937000}
2025-03-21T22:09:33Z|4003|EXECUTE|/home/user/documents/report.doc|success|{}
2025-03-21T22:09:45Z|4005|RENAME|/tmp/.hidden_script|success|{}
2025-03-21T22:10:03Z|1002|ATTRIBUTE|/tmp/test.txt|success|{}
2025-03-21T22:10:24Z|5003|READ|/dev/shm/.malware|success|{"suspicious": true, "sequence": 8452}
2025-03-21T22:10:39Z|1015|ATTRIBUTE|/etc/hosts|success|{}
2025-03-21T22:10:57Z|9003|READ|/tmp/.hidden_script|success|{"suspicious": true, "sequence": 8454}
2025-03-21T22:11:06Z|9202|EXECUTE|/etc/passwd|success|{}
2025-03-21T22:11:23Z|5|EXECUTE|/tmp/test.txt|success|{}
2025-03-21T22:11:28Z|7003|ATTRIBUTE|/etc/hosts|success|{}
2025-03-21T22:11:58Z|4018|WRITE|/home/user/documents/report.doc|success|{"size": 430604}
2025-03-21T22:11:59Z|7004|WRITE|/home/user/.ssh/id_rsa|success|{"size": 972023}
2025-03-21T22:12:19Z|7002|EXECUTE|/etc/hosts|success|{}
2025-03-21T22:12:47Z|9100|EXECUTE|/tmp/.hidden_script|success|{}
2025-03-21T22:13:02Z|9103|ATTRIBUTE|/etc/passwd|success|{}
2025-03-21T22:13:16Z|7004|DELETE|/home/user/.ssh/id_rsa|success|{}
2025-03-21T22:13:43Z|3|EXECUTE|/home/user/documents/report.doc|success|{}
2025-03-21T22:14:02Z|7002|READ|/var/log/auth.log|success|{}
2025-03-21T22:14:24Z|1005|DELETE|/etc/shadow|success|{}
2025-03-21T22:14:42Z|9002|EXECUTE|/tmp/backdoor.bin|success|{}
2025-03-21T22:14:48Z|1005|READ|/etc/passwd|success|{}
2025-03-21T22:14:50Z|7002|READ|/var/log/auth.log|success|{}
2025-03-21T22:15:04Z|7003|READ|/tmp/test.txt|success|{}
2025-03-21T22:15:26Z|7001|RENAME|/var/log/auth.log|success|{}
2025-03-21T22:15:42Z|1013|EXECUTE|/tmp/test.txt|success|{}
2025-03-21T22:16:05Z|9102|READ|/home/user/documents/report.doc|success|{}
2025-03-21T22:16:32Z|7004|ATTRIBUTE|/etc/hosts|success|{}
2025-03-21T22:16:45Z|1006|EXECUTE|/var/www/.shell.php|success|{}
2025-03-21T22:16:55Z|9101|READ|/home/user/.ssh/id_rsa|success|{}
2025-03-21T22:17:10Z|1001|READ|/tmp/backdoor.bin|success|{"suspicious": true, "sequence": 8477}
2025-03-21T22:17:21Z|1016|WRITE|/etc/passwd|success|{"size": 630898}
2025-03-21T22:17:40Z|4020|DELETE|/var/www/.shell.php|failure|{}
2025-03-21T22:18:00Z|9003|WRITE|/tmp/test.txt|success|{"size": 180937}
2025-03-21T22:18:18Z|9101|DELETE|/var/www/.shell.php|success|{}
2025-03-21T22:18:40Z|7000|READ|/etc/cron.d/.hack|success|{"suspicious": true, "sequence": 8482}
2025-03-21T22:18:56Z|4019|DELETE|/tmp/test.txt|success|{}
2025-03-21T22:19:03Z|9203|RENAME|/etc/shadow|success|{}
2025-03-21T22:19:06Z|6007|RENAME|/etc/passwd|success|{}
2025-03-21T22:19:25Z|9003|ATTRIBUTE|/var/log/auth.log|failure|{}
2025-03-21T22:19:26Z|4001|ATTRIBUTE|/dev/shm/.malware|success|{}
2025-03-21T22:19:48Z|4024|DELETE|/etc/shadow|success|{}
2025-03-21T22:19:59Z|1015|EXECUTE|/var/log/auth.log|success|{}
2025-03-21T22:20:20Z|9104|READ|/tmp/.hidden_script|success|{"suspicious": true, "sequence": 8490}
2025-03-21T22:20:41Z|9104|WRITE|/etc/hosts|success|{"size": 761858}
2025-03-21T22:20:59Z|9103|ATTRIBUTE|/tmp/.hidden_script|success|{}
2025-03-21T22:21:29Z|1007|EXECUTE|/home/user/.ssh/id_rsa|success|{}
2025-03-21T22:21:45Z|1012|ATTRIBUTE|/var/log/syslog|success|{}
2025-03-21T22:22:10Z|1019|EXECUTE|/tmp/test.txt|success|{}
2025-03-21T22:22:23Z|7000|RENAME|/tmp/backdoor.bin|success|{}
2025-03-21T22:22:47Z|9001|RENAME|/tmp/.hidden_script|success|{}
2025-03-21T22:22:59Z|7003|ATTRIBUTE|/home/user/.ssh/id_rsa|failure|{}
2025-03-21T22:23:26Z|9203|READ|/etc/shadow|success|{}
2025-03-21T22:23:45Z|9201|EXECUTE|/etc/shadow|success|{}
2025-03-21T22:24:04Z|9200|ATTRIBUTE|/etc/cron.d/.hack|success|{}
2025-03-21T22:24:20Z|9103|ATTRIBUTE|/home/user/documents/report.doc|success|{}
2025-03-21T22:24:41Z|9003|EXECUTE|/tmp/test.txt|success|{}
2025-03-21T22:25:08Z|9103|WRITE|/home/user/documents/report.doc|success|{"size": 662834}
2025-03-21T22:25:38Z|9203|RENAME|/tmp/backdoor.bin|success|{}
2025-03-21T22:25:53Z|5004|DELETE|/etc/cron.d/.hack|failure|{}
2025-03-21T22:26:08Z|5012|DELETE|/tmp/.hidden_script|success|{}
2025-03-21T22:26:25Z|7000|RENAME|/home/user/documents/report.doc|success|{}
2025-03-21T22:26:37Z|6009|RENAME|/home/user/.ssh/id_rsa|success|{}
2025-03-21T22:26:52Z|5002|WRITE|/var/log/auth.log|success|{"size": 341066}
2025-03-21T22:26:56Z|5002|EXECUTE|/var/log/auth.log|success|{}
2025-03-21T22:27:05Z|9102|RENAME|/var/log/syslog|success|{}
2025-03-21T22:27:33Z|1010|RENAME|/etc/hosts|success|{}
2025-03-21T22:27:49Z|6002|DELETE|/etc/passwd|success|{}
2025-03-21T22:27:53Z|1016|READ|/tmp/test.txt|failure|{}
2025-03-21T22:28:20Z|9001|DELETE|/var/log/syslog|failure|{}
2025-03-21T22:28:23Z|6009|ATTRIBUTE|/home/user/documents/report.doc|success|{}
2025-03-21T22:28:28Z|5014|DELETE|/etc/passwd|success|{}
2025-03-21T22:28:48Z|9202|READ|/etc/cron.d/.hack|success|{"suspicious": true, "sequence": 8519}
2025-03-21T22:29:04Z|1008|READ|/dev/shm/.malware|success|{"suspicious": true, "sequence": 8520}
2025-03-21T22:29:06Z|9002|ATTRIBUTE|/tmp/test.txt|success|{}
2025-03-21T22:29:20Z|9101|RENAME|/var/log/syslog|success|{}
2025-03-21T22:29:46Z|9000|RENAME|/var/log/auth.log|success|{}
2025-03-21T22:30:12Z|6007|RENAME|/tmp/test.txt|success|{}
2025-03-21T22:30:23Z|9201|DELETE|/tmp/backdoor.bin|success|{}
2025-03-21T22:30:24Z|9204|DELETE|/tmp/backdoor.bin|success|{}
2025-03-21T22:30:45Z|9204|ATTRIBUTE|/etc/passwd|success|{}
2025-03-21T22:31:10Z|9104|EXECUTE|/tmp/.hidden_script|success|{}
2025-03-21T22:31:19Z|2|EXECUTE|/var/log/auth.log|success|{}
2025-03-21T22:31:35Z|9202|WRITE|/etc/shadow|success|{"size": 276895}
2025-03-21T22:31:47Z|6004|READ|/etc/cron.d/.hack|success|{"suspicious": true, "sequence": 8531}
2025-03-21T22:31:48Z|1004|DELETE|/tmp/backdoor.bin|success|{}
2025-03-21T22:32:14Z|5007|READ|/tmp/.hidden_script|success|{"suspicious": true, "sequence": 8533}
2025-03-21T22:32:37Z|1012|DELETE|/tmp/.hidden_script|success|{}
2025-03-21T22:33:07Z|3|RENAME|/home/user/.ssh/id_rsa|failure|{}
2025-03-21T22:33:37Z|9201|WRITE|/tmp/test.txt|success|{"size": 925482}
2025-03-21T22:34:04Z|6006|WRITE|/home/user/.ssh/id_rsa|success|{"size": 736703}
2025-03-21T22:34:31Z|9102|EXECUTE|/tmp/test.txt|success|{}
2025-03-21T22:34:42Z|9204|RENAME|/dev/shm/.malware|success|{}
2025-03-21T22:34:55Z|9002|ATTRIBUTE|/tmp/.hidden_script|failure|{}
2025-03-21T22:35:23Z|5008|ATTRIBUTE|/var/www/.shell.php|failure|{}
2025-03-21T22:35:28Z|9102|EXECUTE|/tmp/.hidden_script|success|{}
2025-03-21T22:35:32Z|9202|DELETE|/tmp/.hidden_script|success|{}
2025-03-21T22:35:53Z|9203|EXECUTE|/etc/shadow|success|{}
2025-03-21T22:36:17Z|5000|RENAME|/tmp/backdoor.bin|success|{}
2025-03-21T22:36:31Z|1019|READ|/home/user/.ssh/id_rsa|failure|{}
2025-03-21T22:36:46Z|5007|ATTRIBUTE|/home/user/documents/report.doc|success|{}
2025-03-21T22:37:08Z|9203|ATTRIBUTE|/var/www/.shell.php|success|{}
2025-03-21T22:37:31Z|5010|ATTRIBUTE|/var/log/syslog|success|{}
2025-03-21T22:37:48Z|9000|EXECUTE|/var/www/.shell.php|success|{}
2025-03-21T22:38:07Z|7004|DELETE|/etc/passwd|failure|{}
2025-03-21T22:38:14Z|6004|RENAME|/tmp/test.txt|success|{}
2025-03-21T22:38:36Z|2|DELETE|/etc/cron.d/.hack|success|{}
2025-03-21T22:38:42Z|1010|DELETE|/etc/hosts|success|{}
2025-03-21T22:38:52Z|5010|RENAME|/dev/shm/.malware|failure|{}
2025-03-21T22:39:10Z|7003|WRITE|/var/log/syslog|success|{"size": 922755}
2025-03-21T22:39:21Z|9203|RENAME|/etc/cron.d/.hack|success|{}
2025-03-21T22:39:23Z|5|ATTRIBUTE|/etc/passwd|success|{}
2025-03-21T22:39:53Z|9200|DELETE|/home/user/documents/report.doc|success|{}
2025-03-21T22:40:00Z|2|RENAME|/var/log/auth.log|success|{}
2025-03-21T22:40:08Z|9202|RENAME|/var/www/.shell.php|success|{}
2025-03-21T22:40:27Z|9004|ATTRIBUTE|/home/user/documents/report.doc|success|{}
2025-03-21T22:40:28Z|4016|ATTRIBUTE|/var/log/auth.log|success|{}
2025-03-21T22:40:54Z|6000|ATTRIBUTE|/home/user/documents/report.doc|success|{}
2025-03-21T22:41:21Z|6004|WRITE|/tmp/test.txt|success|{"size": 767883}
2025-03-21T22:41:36Z|5003|ATTRIBUTE|/home/user/.ssh/id_rsa|success|{}
2025-03-21T22:41:58Z|7002|DELETE|/var/log/syslog|success|{}
2025-03-21T22:42:27Z|4013|EXECUTE|/etc/cron.d/.hack|success|{}
2025-03-21T22:42:48Z|1004|WRITE|/tmp/backdoor.bin|success|{"suspicious": true, "sequence": 8569}
2025-03-21T22:43:10Z|5002|ATTRIBUTE|/home/user/documents/report.doc|failure|{}
2025-03-21T22:43:18Z|5013|DELETE|/etc/passwd|success|{}
2025-03-21T22:43:47Z|9001|DELETE|/var/log/auth.log|success|{}
2025-03-21T22:43:52Z|6008|EXECUTE|/tmp/test.txt|success|{}
2025-03-21T22:44:04Z|9002|ATTRIBUTE|/var/log/syslog|success|{}
2025-03-21T22:44:31Z|5|ATTRIBUTE|/etc/shadow|success|{}
2025-03-21T22:44:36Z|7001|WRITE|/etc/shadow|success|{"size": 956121}
2025-03-21T22:44:50Z|4003|READ|/var/www/.shell.php|success|{"suspicious": true, "sequence": 8577}
2025-03-21T22:45:09Z|4020|EXECUTE|/var/www/.shell.php|failure|{}
2025-03-21T22:45:12Z|9001|WRITE|/etc/shadow|success|{"size": 884257}
2025-03-21T22:45:26Z|2|EXECUTE|/tmp/backdoor.bin|success|{}
2025-03-21T22:45:55Z|5005|RENAME|/var/www/.shell.php|success|{}
2025-03-21T22:46:10Z|4029|RENAME|/home/user/.ssh/id_rsa|failure|{}
2025-03-21T22:46:37Z|6003|READ|/tmp/backdoor.bin|success|{"suspicious": true, "sequence": 8583}
2025-03-21T22:46:39Z|1000|ATTRIBUTE|/var/log/syslog|success|{}
2025-03-21T22:46:47Z|5|ATTRIBUTE|/var/www/.shell.php|success|{}
2025-03-21T22:47:08Z|9102|ATTRIBUTE|/dev/shm/.malware|failure|{}
2025-03-21T22:47:30Z|4|READ|/etc/cron.d/.hack|success|{"suspicious": true, "sequence": 8587}
2025-03-21T22:47:38Z|9002|RENAME|/tmp/.hidden_script|success|{}
2025-03-21T22:47:47Z|4017|ATTRIBUTE|/tmp/.hidden_script|success|{}
2025-03-21T22:47:57Z|1005|WRITE|/etc/hosts|success|{"size": 305315}
2025-03-21T22:48:22Z|1009|DELETE|/var/log/auth.log|success|{}
2025-03-21T22:48:42Z|5|RENAME|/etc/cron.d/.hack|success|{}
2025-03-21T22:48:44Z|5010|READ|/etc/shadow|success|{}
2025-03-21T22:49:14Z|9001|RENAME|/etc/shadow|success|{}
2025-03-21T22:49:20Z|1006|ATTRIBUTE|/var/www/.shell.php|success|{}
2025-03-21T22:49:38Z|4027|ATTRIBUTE|/etc/hosts|success|{}
2025-03-21T22:49:56Z|9003|EXECUTE|/etc/shadow|success|{}
2025-03-21T22:50:07Z|5010|DELETE|/etc/shadow|success|{}
2025-03-21T22:50:29Z|1009|READ|/etc/passwd|success|{}
2025-03-21T22:50:55Z|6002|EXECUTE|/home/user/documents/report.doc|success|{}
2025-03-21T22:51:09Z|9002|READ|/tmp/backdoor.bin|success|{"suspicious": true, "sequence": 8601}
2025-03-21T22:51:15Z|9203|ATTRIBUTE|/var/log/syslog|success|{}
2025-03-21T22:51:30Z|4005|WRITE|/etc/passwd|success|{"size": 360381}
2025-03-21T22:51:55Z|9100|EXECUTE|/tmp/backdoor.bin|success|{}
2025-03-21T22:52:03Z|9003|WRITE|/etc/passwd|success|{"size": 155072}
2025-03-21T22:52:24Z|2|EXECUTE|/home/user/documents/report.doc|success|{}
2025-03-21T22:52:47Z|9202|DELETE|/tmp/backdoor.bin|success|{}
2025-03-21T22:53:13Z|7001|EXECUTE|/tmp/test.txt|failure|{}
2025-03-21T22:53:23Z|1007|WRITE|/etc/shadow|success|{"size": 446123}
2025-03-21T22:53:43Z|4|EXECUTE|/tmp/test.txt|success|{}
2025-03-21T22:53:56Z|7001|EXECUTE|/etc/passwd|success|{}
2025-03-21T22:54:06Z|1019|DELETE|/etc/hosts|failure|{}
2025-03-21T22:54:13Z|7001|READ|/etc/hosts|success|{}
2025-03-21T22:54:40Z|4|RENAME|/tmp/.hidden_script|success|{}
2025-03-21T22:54:42Z|9004|ATTRIBUTE|/tmp/.hidden_script|success|{}
2025-03-21T22:55:12Z|5005|DELETE|/tmp/backdoor.bin|success|{}
2025-03-21T22:55:38Z|7004|EXECUTE|/dev/shm/.malware|success|{}
2025-03-21T22:55:55Z|1005|RENAME|/home/user/documents/report.doc|success|{}
2025-03-21T22:55:57Z|6008|READ|/home/user/documents/report.doc|success|{}
2025-03-21T22:56:04Z|4|EXECUTE|/tmp/backdoor.bin|success|{}
2025-03-21T22:56:08Z|6003|DELETE|/var/log/auth.log|success|{}
2025-03-21T22:56:09Z|5000|EXECUTE|/tmp/backdoor.bin|success|{}
2025-03-21T22:56:14Z|5001|WRITE|/var/log/syslog|success|{"size": 7177}
2025-03-21T22:56:40Z|7002|WRITE|/var/log/auth.log|success|{"size": 839806}
2025-03-21T22:57:02Z|5002|READ|/dev/shm/.malware|success|{"suspicious": true, "sequence": 8625}
2025-03-21T22:57:17Z|7003|ATTRIBUTE|/home/user/documents/report.doc|success|{}
2025-03-21T22:57:20Z|7002|DELETE|/var/log/auth.log|success|{}
2025-03-21T22:57:47Z|1017|ATTRIBUTE|/var/www/.shell.php|success|{}
2025-03-21T22:57:49Z|9101|WRITE|/etc/shadow|success|{"size": 1044380}
2025-03-21T22:58:11Z|9104|WRITE|/var/www/.shell.php|success|{"suspicious": true, "sequence": 8630}
2025-03-21T22:58:15Z|4|WRITE|/home/user/.ssh/id_rsa|success|{"size": 628621}
2025-03-21T22:58:27Z|6006|EXECUTE|/etc/cron.d/.hack|success|{}
2025-03-21T22:58:44Z|4016|WRITE|/tmp/.hidden_script|success|{"suspicious": true, "sequence": 8633}
2025-03-21T22:59:13Z|9103|EXECUTE|/dev/shm/.malware|success|{}
2025-03-21T22:59:43Z|9203|ATTRIBUTE|/home/user/.ssh/id_rsa|success|{}
2025-03-21T23:00:08Z|5011|DELETE|/var/log/auth.log|success|{}
2025-03-21T23:00:20Z|4021|RENAME|/home/user/documents/report.doc|success|{}
2025-03-21T23:00:22Z|9003|RENAME|/var/log/auth.log|success|{}
2025-03-21T23:00:34Z|7000|DELETE|/tmp/.hidden_script|success|{}
2025-03-21T23:00:39Z|9203|DELETE|/home/user/documents/report.doc|success|{}
2025-03-21T23:00:59Z|9002|ATTRIBUTE|/etc/cron.d/.hack|success|{}
2025-03-21T23:01:19Z|5002|ATTRIBUTE|/etc/hosts|success|{}
2025-03-21T23:01:33Z|9102|EXECUTE|/tmp/test.txt|success|{}
2025-03-21T23:01:37Z|5005|RENAME|/var/log/syslog|success|{}
2025-03-21T23:01:54Z|1002|WRITE|/home/user/.ssh/id_rsa|success|{"size": 1005358}
2025-03-21T23:01:56Z|9202|WRITE|/etc/shadow|success|{"size": 417917}
2025-03-21T23:02:18Z|7000|WRITE|/tmp/backdoor.bin|failure|{"suspicious": true, "sequence": 8647}
2025-03-21T23:02:30Z|9100|ATTRIBUTE|/home/user/documents/report.doc|success|{}
2025-03-21T23:02:54Z|5010|DELETE|/tmp/.hidden_script|success|{}
2025-03-21T23:03:02Z|4021|ATTRIBUTE|/etc/passwd|success|{}
2025-03-21T23:03:19Z|9201|WRITE|/home/user/.ssh/id_rsa|success|{"size": 426528}
2025-03-21T23:03:40Z|6001|READ|/etc/shadow|success|{}
2025-03-21T23:03:49Z|9000|ATTRIBUTE|/tmp/test.txt|failure|{}
2025-03-21T23:03:51Z|1|ATTRIBUTE|/etc/passwd|success|{}
2025-03-21T23:04:06Z|9202|EXECUTE|/tmp/backdoor.bin|success|{}
2025-03-21T23:04:20Z|6008|WRITE|/var/log/syslog|success|{"size": 912160}
2025-03-21T23:04:27Z|9001|DELETE|/etc/cron.d/.hack|success|{}
2025-03-21T23:04:40Z|6005|DELETE|/var/log/syslog|success|{}
2025-03-21T23:04:48Z|9100|WRITE|/var/log/auth.log|success|{"size": 303222}
2025-03-21T23:05:02Z|7003|WRITE|/etc/passwd|failure|{"size": 100254}
2025-03-21T23:05:31Z|4026|ATTRIBUTE|/home/user/.ssh/id_rsa|success|{}
2025-03-21T23:05:47Z|4027|ATTRIBUTE|/var/log/syslog|success|{}
2025-03-21T23:06:11Z|7001|RENAME|/home/user/.ssh/id_rsa|success|{}
2025-03-21T23:06:23Z|9000|RENAME|/home/user/documents/report.doc|success|{}
2025-03-21T23:06:48Z|1005|EXECUTE|/var/www/.shell.php|success|{}
2025-03-21T23:06:53Z|7004|WRITE|/dev/shm/.malware|success|{"suspicious": true, "sequence": 8666}
2025-03-21T23:07:16Z|4000|ATTRIBUTE|/tmp/.hidden_script|success|{}
2025-03-21T23:07:29Z|9104|RENAME|/tmp/test.txt|success|{}
2025-03-21T23:07:30Z|5|READ|/etc/hosts|success|{}
2025-03-21T23:07:58Z|1007|WRITE|/var/log/syslog|success|{"size": 314742}
2025-03-21T23:08:15Z|4026|DELETE|/var/log/syslog|success|{}
2025-03-21T23:08:30Z|5005|READ|/home/user/.ssh/id_rsa|success|{}
2025-03-21T23:08:56Z|1005|WRITE|/etc/passwd|success|{"size": 347144}
2025-03-21T23:09:23Z|9103|EXECUTE|/tmp/.hidden_script|success|{}
2025-03-21T23:09:30Z|6003|READ|/var/www/.shell.php|success|{"suspicious": true, "sequence": 8675}
2025-03-21T23:09:39Z|2|RENAME|/home/user/.ssh/id_rsa|success|{}
2025-03-21T23:10:03Z|4001|ATTRIBUTE|/etc/hosts|success|{}
2025-03-21T23:10:17Z|9102|READ|/var/www/.shell.php|success|{"suspicious": true, "sequence": 8678}
2025-03-21T23:10:31Z|5000|ATTRIBUTE|/etc/passwd|failure|{}
2025-03-21T23:10:36Z|7002|RENAME|/tmp/backdoor.bin|success|{}
2025-03-21T23:11:02Z|9203|READ|/etc/hosts|failure|{}
2025-03-21T23:11:14Z|6002|READ|/tmp/backdoor.bin|success|{"suspicious": true, "sequence": 8682}
2025-03-21T23:11:29Z|5003|RENAME|/etc/passwd|success|{}
2025-03-21T23:11:47Z|6007|READ|/dev/shm/.malware|success|{"suspicious": true, "sequence": 8684}
2025-03-21T23:11:50Z|4010|RENAME|/home/user/.ssh/id_rsa|success|{}
2025-03-21T23:11:51Z|7001|WRITE|/etc/cron.d/.hack|success|{"suspicious": true, "sequence": 8686}
2025-03-21T23:12:09Z|1008|WRITE|/var/www/.shell.php|success|{"suspicious": true, "sequence": 8687}
2025-03-21T23:12:34Z|1017|READ|/var/log/syslog|success|{}
2025-03-21T23:12:40Z|9103|ATTRIBUTE|/tmp/.hidden_script|success|{}
2025-03-21T23:12:49Z|1017|RENAME|/tmp/test.txt|success|{}
2025-03-21T23:13:03Z|7001|EXECUTE|/home/user/.ssh/id_rsa|success|{}
2025-03-21T23:13:25Z|7001|EXECUTE|/dev/shm/.malware|success|{}
2025-03-21T23:13:51Z|9203|WRITE|/tmp/backdoor.bin|success|{"suspicious": true, "sequence": 8693}
2025-03-21T23:14:16Z|9203|EXECUTE|/etc/passwd|success|{}
2025-03-21T23:14:43Z|4000|RENAME|/etc/passwd|success|{}
2025-03-21T23:15:03Z|7004|EXECUTE|/etc/passwd|success|{}
2025-03-21T23:15:15Z|9203|EXECUTE|/tmp/test.txt|success|{}
2025-03-21T23:15:23Z|9001|ATTRIBUTE|/var/log/syslog|success|{}
2025-03-21T23:15:46Z|1009|DELETE|/var/log/auth.log|failure|{}
2025-03-21T23:16:12Z|4001|ATTRIBUTE|/var/www/.shell.php|success|{}
2025-03-21T23:16:17Z|5|WRITE|/tmp/test.txt|success|{"size": 1026837}
2025-03-21T23:16:41Z|6000|DELETE|/etc/shadow|failure|{}
2025-03-21T23:17:09Z|9000|WRITE|/var/log/syslog|success|{"size": 982315}
2025-03-21T23:17:14Z|9000|WRITE|/tmp/backdoor.bin|success|{"suspicious": true, "sequence": 8704}
2025-03-21T23:17:30Z|4010|READ|/var/log/auth.log|success|{}
2025-03-21T23:17:50Z|4013|WRITE|/tmp/backdoor.bin|success|{"suspicious": true, "sequence": 8706}
2025-03-21T23:18:07Z|9003|RENAME|/etc/passwd|success|{}
2025-03-21T23:18:19Z|9104|READ|/var/log/auth.log|success|{}
2025-03-21T23:18:40Z|5005|RENAME|/etc/passwd|success|{}
2025-03-21T23:18:59Z|9203|EXECUTE|/var/log/auth.log|success|{}
2025-03-21T23:19:21Z|4|EXECUTE|/etc/passwd|success|{}
2025-03-21T23:19:25Z|5008|WRITE|/home/user/.ssh/id_rsa|success|{"size": 452091}
2025-03-21T23:19:47Z|6002|READ|/home/user/.ssh/id_rsa|success|{}
2025-03-21T23:20:07Z|6009|READ|/home/user/.ssh/id_rsa|success|{}
2025-03-21T23:20:20Z|3|WRITE|/var/www/.shell.php|success|{"suspicious": true, "sequence": 8715}
2025-03-21T23:20:43Z|5001|WRITE|/var/www/.shell.php|success|{"suspicious": true, "sequence": 8716}
2025-03-21T23:21:11Z|9201|WRITE|/etc/shadow|success|{"size": 709097}
2025-03-21T23:21:40Z|9002|RENAME|/etc/hosts|success|{}
2025-03-21T23:21:54Z|9201|ATTRIBUTE|/var/log/auth.log|success|{}
2025-03-21T23:22:18Z|9204|DELETE|/var/log/auth.log|success|{}
2025-03-21T23:22:21Z|9202|ATTRIBUTE|/etc/cron.d/.hack|success|{}
2025-03-21T23:22:41Z|4020|ATTRIBUTE|/var/log/syslog|success|{}
2025-03-21T23:22:47Z|9204|RENAME|/var/www/.shell.php|success|{}
2025-03-21T23:23:08Z|3|RENAME|/etc/hosts|failure|{}
2025-03-21T23:23:33Z|5013|ATTRIBUTE|/etc/passwd|success|{}
2025-03-21T23:23:41Z|1|READ|/var/www/.shell.php|success|{"suspicious": true, "sequence": 8726}
2025-03-21T23:23:55Z|4|ATTRIBUTE|/tmp/backdoor.bin|success|{}
2025-03-21T23:24:19Z|6007|DELETE|/home/user/.ssh/id_rsa|success|{}
2025-03-21T23:24:44Z|1011|RENAME|/tmp/test.txt|success|{}
2025-03-21T23:25:02Z|9102|ATTRIBUTE|/tmp/.hidden_script|success|{}
2025-03-21T23:25:05Z|7000|WRITE|/etc/shadow|success|{"size": 350271}
2025-03-21T23:25:12Z|5|EXECUTE|/etc/passwd|success|{}
2025-03-21T23:25:36Z|4001|RENAME|/dev/shm/.malware|success|{}
2025-03-21T23:25:43Z|1014|DELETE|/home/user/documents/report.doc|success|{}
2025-03-21T23:25:44Z|5003|EXECUTE|/etc/hosts|success|{}
2025-03-21T23:26:00Z|5010|ATTRIBUTE|/dev/shm/.malware|success|{}
2025-03-21T23:26:26Z|7000|DELETE|/tmp/backdoor.bin|success|{}
2025-03-21T23:26:52Z|1011|WRITE|/etc/passwd|failure|{"size": 167087}
2025-03-21T23:27:13Z|9102|EXECUTE|/tmp/test.txt|success|{}
2025-03-21T23:27:18Z|1014|DELETE|/var/log/syslog|success|{}
2025-03-21T23:27:45Z|9101|RENAME|/tmp/backdoor.bin|success|{}
2025-03-21T23:28:00Z|1|RENAME|/etc/cron.d/.hack|success|{}
2025-03-21T23:28:24Z|1013|DELETE|/home/user/.ssh/id_rsa|success|{}
2025-03-21T23:28:52Z|5011|READ|/var/log/syslog|success|{}
2025-03-21T23:28:59Z|1014|READ|/etc/cron.d/.hack|success|{"suspicious": true, "sequence": 8745}
2025-03-21T23:29:18Z|5|DELETE|/tmp/test.txt|success|{}
2025-03-21T23:29:45Z|9101|DELETE|/dev/shm/.malware|success|{}
2025-03-21T23:29:59Z|1|DELETE|/var/log/syslog|success|{}
2025-03-21T23:30:05Z|5011|ATTRIBUTE|/etc/hosts|success|{}
2025-03-21T23:30:11Z|1|READ|/etc/hosts|success|{}
2025-03-21T23:30:20Z|4026|ATTRIBUTE|/home/user/documents/report.doc|success|{}
2025-03-21T23:30:35Z|7004|DELETE|/var/www/.shell.php|success|{}
2025-03-21T23:31:03Z|1006|READ|/tmp/.hidden_script|success|{"suspicious": true, "sequence": 8753}
2025-03-21T23:31:31Z|7001|EXECUTE|/tmp/backdoor.bin|success|{}
2025-03-21T23:31:59Z|1017|DELETE|/var/log/syslog|success|{}
2025-03-21T23:32:29Z|1003|EXECUTE|/etc/shadow|success|{}
2025-03-21T23:32:33Z|5002|WRITE|/var/www/.shell.php|success|{"suspicious": true, "sequence": 8757}
2025-03-21T23:32:35Z|4012|DELETE|/dev/shm/.malware|success|{}
2025-03-21T23:32:47Z|2|WRITE|/tmp/backdoor.bin|success|{"suspicious": true, "sequence": 8759}
2025-03-21T23:33:13Z|1|EXECUTE|/var/log/syslog|success|{}
2025-03-21T23:33:30Z|9204|EXECUTE|/etc/hosts|success|{}
2025-03-21T23:33:38Z|6007|EXECUTE|/home/user/documents/report.doc|success|{}
2025-03-21T23:33:58Z|9101|READ|/var/log/syslog|success|{}
2025-03-21T23:34:21Z|1001|RENAME|/home/user/documents/report.doc|success|{}
2025-03-21T23:34:33Z|1005|DELETE|/tmp/test.txt|success|{}
2025-03-21T23:34:34Z|1016|EXECUTE|/tmp/.hidden_script|success|{}
2025-03-21T23:34:44Z|1|RENAME|/var/www/.shell.php|success|{}
2025-03-21T23:34:54Z|5012|DELETE|/etc/shadow|success|{}
2025-03-21T23:35:16Z|7004|ATTRIBUTE|/var/www/.shell.php|success|{}
2025-03-21T23:35:34Z|1002|DELETE|/etc/cron.d/.hack|success|{}
2025-03-21T23:36:04Z|9200|EXECUTE|/var/www/.shell.php|success|{}
2025-03-21T23:36:11Z|5013|WRITE|/var/log/syslog|success|{"size": 527999}
2025-03-21T23:36:19Z|3|READ|/home/user/.ssh/id_rsa|success|{}
2025-03-21T23:36:48Z|1002|READ|/etc/passwd|success|{}
2025-03-21T23:37:13Z|4000|DELETE|/etc/passwd|success|{}
2025-03-21T23:37:37Z|1005|WRITE|/var/log/syslog|success|{"size": 898823}
2025-03-21T23:37:47Z|6006|ATTRIBUTE|/etc/hosts|success|{}
2025-03-21T23:38:15Z|5|DELETE|/tmp/.hidden_script|success|{}
2025-03-21T23:38:24Z|7001|EXECUTE|/tmp/test.txt|success|{}
2025-03-21T23:38:33Z|6000|EXECUTE|/tmp/test.txt|success|{}
2025-03-21T23:38:45Z|4018|RENAME|/tmp/backdoor.bin|success|{}
2025-03-21T23:39:05Z|4011|RENAME|/etc/shadow|success|{}
2025-03-21T23:39:12Z|9004|RENAME|/etc/hosts|success|{}
2025-03-21T23:39:23Z|9004|EXECUTE|/home/user/documents/report.doc|success|{}
2025-03-21T23:39:37Z|9001|EXECUTE|/etc/cron.d/.hack|success|{}
2025-03-21T23:39:47Z|1008|WRITE|/etc/hosts|success|{"size": 250294}
2025-03-21T23:39:48Z|5|RENAME|/var/log/auth.log|failure|{}
2025-03-21T23:40:10Z|1014|READ|/var/log/syslog|success|{}
2025-03-21T23:40:24Z|9004|READ|/dev/shm/.malware|failure|{"suspicious": true, "sequence": 8789}
2025-03-21T23:40:28Z|1|WRITE|/home/user/.ssh/id_rsa|success|{"size": 399818}
2025-03-21T23:40:46Z|1|READ|/tmp/backdoor.bin|success|{"suspicious": true, "sequence": 8791}
2025-03-21T23:40:47Z|6004|READ|/tmp/.hidden_script|success|{"suspicious": true, "sequence": 8792}
2025-03-21T23:41:11Z|9201|WRITE|/dev/shm/.malware|success|{"suspicious": true, "sequence": 8793}
2025-03-21T23:41:21Z|2|DELETE|/etc/cron.d/.hack|failure|{}
2025-03-21T23:41:32Z|5006|DELETE|/tmp/backdoor.bin|success|{}
2025-03-21T23:42:02Z|4010|READ|/etc/shadow|success|{}
2025-03-21T23:42:12Z|9101|READ|/etc/passwd|success|{}
2025-03-21T23:42:33Z|5011|WRITE|/etc/cron.d/.hack|success|{"suspicious": true, "sequence": 8798}
2025-03-21T23:43:03Z|7004|RENAME|/home/user/.ssh/id_rsa|success|{}
2025-03-21T23:43:06Z|9204|RENAME|/tmp/backdoor.bin|success|{}
2025-03-21T23:43:09Z|6006|DELETE|/var/log/auth.log|success|{}
2025-03-21T23:43:12Z|4027|WRITE|/tmp/backdoor.bin|failure|{"suspicious": true, "sequence": 8802}
2025-03-21T23:43:26Z|9201|DELETE|/home/user/.ssh/id_rsa|success|{}
2025-03-21T23:43:34Z|5|DELETE|/var/log/auth.log|success|{}
2025-03-21T23:43:58Z|4|READ|/var/www/.shell.php|success|{"suspicious": true, "sequence": 8805}
2025-03-21T23:44:12Z|1018|WRITE|/etc/hosts|success|{"size": 664806}
2025-03-21T23:44:17Z|1000|DELETE|/home/user/documents/report.doc|success|{}
2025-03-21T23:44:23Z|9001|RENAME|/var/www/.shell.php|success|{}
2025-03-21T23:44:49Z|6000|ATTRIBUTE|/tmp/backdoor.bin|success|{}
2025-03-21T23:44:52Z|2|EXECUTE|/var/www/.shell.php|success|{}
2025-03-21T23:45:16Z|4|ATTRIBUTE|/home/user/documents/report.doc|success|{}
2025-03-21T23:45:17Z|1006|EXECUTE|/etc/passwd|success|{}
2025-03-21T23:45:18Z|9002|RENAME|/etc/shadow|success|{}
2025-03-21T23:45:26Z|5003|EXECUTE|/tmp/test.txt|failure|{}
2025-03-21T23:45:30Z|9104|WRITE|/home/user/.ssh/id_rsa|success|{"size": 62271}
2025-03-21T23:45:42Z|2|READ|/home/user/documents/report.doc|success|{}
2025-03-21T23:46:12Z|5|EXECUTE|/etc/shadow|success|{}
2025-03-21T23:46:26Z|9202|EXECUTE|/tmp/backdoor.bin|success|{}
2025-03-21T23:46:56Z|9004|EXECUTE|/var/log/auth.log|success|{}
2025-03-21T23:47:02Z|6007|READ|/tmp/backdoor.bin|success|{"suspicious": true, "sequence": 8820}
2025-03-21T23:47:09Z|5003|EXECUTE|/tmp/test.txt|success|{}
2025-03-21T23:47:24Z|7000|READ|/var/log/auth.log|success|{}
2025-03-21T23:47:28Z|9204|RENAME|/var/www/.shell.php|success|{}
2025-03-21T23:47:30Z|1016|DELETE|/home/user/.ssh/id_rsa|failure|{}
2025-03-21T23:47:37Z|9203|RENAME|/etc/cron.d/.hack|success|{}
2025-03-21T23:47:51Z|9203|DELETE|/etc/shadow|failure|{}
2025-03-21T23:47:57Z|9204|WRITE|/dev/shm/.malware|success|{"suspicious": true, "sequence": 8827}
2025-03-21T23:48:00Z|7002|DELETE|/etc/passwd|success|{}
2025-03-21T23:48:15Z|9201|WRITE|/var/www/.shell.php|success|{"suspicious": true, "sequence": 8829}
2025-03-21T23:48:38Z|9204|ATTRIBUTE|/var/log/auth.log|success|{}
2025-03-21T23:48:53Z|9200|EXECUTE|/tmp/.hidden_script|success|{}
2025-03-21T23:49:12Z|1002|DELETE|/etc/passwd|success|{}
2025-03-21T23:49:13Z|5009|EXECUTE|/var/www/.shell.php|success|{}
2025-03-21T23:49:26Z|9202|WRITE|/home/user/documents/report.doc|success|{"size": 620735}
2025-03-21T23:49:54Z|9203|DELETE|/tmp/test.txt|success|{}
2025-03-21T23:50:21Z|9003|EXECUTE|/etc/shadow|success|{}
2025-03-21T23:50:36Z|9202|EXECUTE|/tmp/test.txt|success|{}
2025-03-21T23:51:03Z|1|WRITE|/home/user/documents/report.doc|success|{"size": 162467}
2025-03-21T23:51:13Z|9002|READ|/var/log/auth.log|success|{}
2025-03-21T23:51:22Z|9002|READ|/tmp/test.txt|success|{}
2025-03-21T23:51:48Z|1012|WRITE|/etc/shadow|success|{"size": 611562}
2025-03-21T23:51:57Z|9200|EXECUTE|/tmp/test.txt|success|{}
2025-03-21T23:52:21Z|4001|DELETE|/home/user/.ssh/id_rsa|failure|{}
2025-03-21T23:52:44Z|1009|WRITE|/var/www/.shell.php|success|{"suspicious": true, "sequence": 8844}
2025-03-21T23:53:12Z|9003|ATTRIBUTE|/home/user/documents/report.doc|failure|{}
2025-03-21T23:53:30Z|4005|WRITE|/tmp/test.txt|success|{"size": 153709}
2025-03-21T23:53:45Z|4019|DELETE|/var/log/auth.log|success|{}
2025-03-21T23:53:50Z|1008|DELETE|/dev/shm/.malware|success|{}
2025-03-21T23:54:06Z|1016|RENAME|/tmp/.hidden_script|success|{}
2025-03-21T23:54:35Z|9103|ATTRIBUTE|/var/log/syslog|success|{}
2025-03-21T23:54:57Z|9203|EXECUTE|/tmp/test.txt|success|{}
2025-03-21T23:55:03Z|6005|EXECUTE|/etc/passwd|success|{}
2025-03-21T23:55:23Z|5008|WRITE|/tmp/test.txt|success|{"size": 177353}
2025-03-21T23:55:27Z|9000|READ|/home/user/documents/report.doc|success|{}
2025-03-21T23:55:38Z|1019|ATTRIBUTE|/etc/cron.d/.hack|success|{}
2025-03-21T23:56:07Z|5012|EXECUTE|/etc/passwd|success|{}
2025-03-21T23:56:30Z|9101|EXECUTE|/dev/shm/.malware|success|{}
2025-03-21T23:56:40Z|6006|READ|/etc/shadow|failure|{}
2025-03-21T23:56:47Z|9201|RENAME|/var/www/.shell.php|success|{}
2025-03-21T23:56:56Z|9103|EXECUTE|/etc/cron.d/.hack|success|{}
2025-03-21T23:57:01Z|6000|ATTRIBUTE|/etc/passwd|success|{}
2025-03-21T23:57:05Z|9203|ATTRIBUTE|/tmp/test.txt|success|{}
2025-03-21T23:57:08Z|7000|READ|/home/user/documents/report.doc|success|{}
2025-03-21T23:57:19Z|5003|WRITE|/etc/passwd|success|{"size": 244676}
2025-03-21T23:57:20Z|9200|ATTRIBUTE|/tmp/test.txt|success|{}
2025-03-21T23:57:47Z|5005|DELETE|/home/user/.ssh/id_rsa|success|{}
2025-03-21T23:57:58Z|1|RENAME|/dev/shm/.malware|success|{}
2025-03-21T23:58:23Z|1015|RENAME|/var/log/auth.log|success|{}
2025-03-21T23:58:30Z|6007|EXECUTE|/etc/cron.d/.hack|success|{}
2025-03-21T23:58:45Z|9100|READ|/home/user/documents/report.doc|success|{}
2025-03-21T23:58:58Z|1001|RENAME|/var/log/auth.log|success|{}
2025-03-21T23:59:07Z|9202|EXECUTE|/tmp/backdoor.bin|success|{}
2025-03-21T23:59:33Z|9001|RENAME|/var/www/.shell.php|success|{}
2025-03-21T23:59:53Z|5009|EXECUTE|/var/www/.shell.php|success|{}
2025-03-22T00:00:22Z|7001|WRITE|/etc/hosts|success|{"size": 598570}
2025-03-22T00:00:32Z|9202|RENAME|/home/user/.ssh/id_rsa|success|{}
2025-03-22T00:00:40Z|1012|DELETE|/etc/hosts|success|{}
2025-03-22T00:00:57Z|1004|EXECUTE|/home/user/documents/report.doc|success|{}
2025-03-22T00:01:03Z|6008|ATTRIBUTE|/etc/cron.d/.hack|success|{}
2025-03-22T00:01:26Z|4010|WRITE|/home/user/documents/report.doc|success|{"size": 306912}
2025-03-22T00:01:48Z|5004|DELETE|/tmp/test.txt|success|{}
2025-03-22T00:02:00Z|3|RENAME|/home/user/.ssh/id_rsa|failure|{}
2025-03-22T00:02:21Z|7004|EXECUTE|/etc/hosts|success|{}
2025-03-22T00:02:48Z|9204|WRITE|/etc/passwd|success|{"size": 709921}
2025-03-22T00:02:52Z|9202|EXECUTE|/tmp/backdoor.bin|success|{}
2025-03-22T00:02:55Z|6000|EXECUTE|/home/user/documents/report.doc|success|{}
2025-03-22T00:03:11Z|9103|WRITE|/tmp/backdoor.bin|failure|{"suspicious": true, "sequence": 8887}
2025-03-22T00:03:39Z|1016|WRITE|/var/log/syslog|success|{"size": 112239}
2025-03-22T00:03:49Z|9204|READ|/var/log/auth.log|success|{}
2025-03-22T00:04:01Z|2|RENAME|/home/user/documents/report.doc|success|{}
2025-03-22T00:04:13Z|6008|READ|/tmp/test.txt|success|{}
2025-03-22T00:04:16Z|7001|EXECUTE|/etc/hosts|success|{}
2025-03-22T00:04:27Z|5005|EXECUTE|/home/user/documents/report.doc|success|{}
2025-03-22T00:04:57Z|9200|EXECUTE|/var/www/.shell.php|success|{}
2025-03-22T00:05:04Z|5|ATTRIBUTE|/var/www/.shell.php|success|{}
2025-03-22T00:05:21Z|5006|WRITE|/tmp/backdoor.bin|success|{"suspicious": true, "sequence": 8896}
2025-03-22T00:05:30Z|6009|READ|/tmp/.hidden_script|failure|{"suspicious": true, "sequence": 8897}
2025-03-22T00:05:42Z|9102|READ|/tmp/test.txt|success|{}
2025-03-22T00:05:46Z|6003|RENAME|/var/www/.shell.php|success|{}
2025-03-22T00:06:00Z|7002|DELETE|/dev/shm/.malware|success|{}
2025-03-22T00:06:14Z|9103|RENAME|/tmp/backdoor.bin|success|{}
2025-03-22T00:06:28Z|3|EXECUTE|/var/www/.shell.php|failure|{}
2025-03-22T00:06:55Z|9203|READ|/home/user/.ssh/id_rsa|success|{}
2025-03-22T00:07:20Z|5|WRITE|/tmp/backdoor.bin|success|{"suspicious": true, "sequence": 8904}
2025-03-22T00:07:41Z|5002|READ|/var/log/auth.log|success|{}
2025-03-22T00:07:44Z|4|RENAME|/etc/cron.d/.hack|success|{}
2025-03-22T00:08:13Z|7004|WRITE|/etc/hosts|success|{"size": 924131}
2025-03-22T00:08:17Z|5002|DELETE|/etc/shadow|success|{}
2025-03-22T00:08:22Z|9201|ATTRIBUTE|/dev/shm/.malware|failure|{}
2025-03-22T00:08:25Z|6007|DELETE|/tmp/.hidden_script|success|{}
2025-03-22T00:08:32Z|2|ATTRIBUTE|/var/log/syslog|success|{}
2025-03-22T00:08:39Z|5002|ATTRIBUTE|/etc/cron.d/.hack|success|{}
2025-03-22T00:09:04Z|9200|ATTRIBUTE|/tmp/test.txt|success|{}
2025-03-22T00:09:25Z|5006|WRITE|/etc/passwd|success|{"size": 648756}
2025-03-22T00:09:30Z|5006|ATTRIBUTE|/tmp/test.txt|success|{}
2025-03-22T00:09:38Z|4025|ATTRIBUTE|/etc/shadow|success|{}
2025-03-22T00:09:45Z|9001|EXECUTE|/etc/shadow|success|{}
2025-03-22T00:09:51Z|9100|DELETE|/etc/hosts|failure|{}
2025-03-22T00:10:20Z|6004|RENAME|/tmp/.hidden_script|success|{}
2025-03-22T00:10:30Z|9100|EXECUTE|/home/user/documents/report.doc|success|{}
2025-03-22T00:10:32Z|6000|READ|/etc/cron.d/.hack|success|{"suspicious": true, "sequence": 8921}
2025-03-22T00:11:00Z|6009|RENAME|/etc/hosts|success|{}
2025-03-22T00:11:09Z|7001|READ|/home/user/.ssh/id_rsa|success|{}
2025-03-22T00:11:23Z|4019|DELETE|/etc/cron.d/.hack|success|{}
2025-03-22T00:11:25Z|7004|READ|/etc/shadow|success|{}
2025-03-22T00:11:28Z|1001|WRITE|/var/www/.shell.php|success|{"suspicious": true, "sequence": 8926}
2025-03-22T00:11:46Z|9104|ATTRIBUTE|/tmp/backdoor.bin|success|{}
2025-03-22T00:11:59Z|3|DELETE|/etc/shadow|success|{}
2025-03-22T00:12:23Z|9001|READ|/var/log/syslog|success|{}
2025-03-22T00:12:48Z|6008|READ|/etc/hosts|success|{}
2025-03-22T00:12:55Z|9200|WRITE|/tmp/backdoor.bin|success|{"suspicious": true, "sequence": 8931}
2025-03-22T00:13:00Z|6001|WRITE|/home/user/.ssh/id_rsa|failure|{"size": 936920}
2025-03-22T00:13:01Z|1014|ATTRIBUTE|/tmp/test.txt|success|{}
2025-03-22T00:13:25Z|4028|WRITE|/etc/shadow|success|{"size": 585850}
2025-03-22T00:13:37Z|7001|EXECUTE|/etc/shadow|success|{}
2025-03-22T00:13:45Z|1018|ATTRIBUTE|/var/log/auth.log|success|{}
2025-03-22T00:13:50Z|5012|DELETE|/var/log/syslog|success|{}
2025-03-22T00:14:17Z|9001|DELETE|/etc/cron.d/.hack|failure|{}
2025-03-22T00:14:24Z|4|ATTRIBUTE|/var/log/auth.log|success|{}
2025-03-22T00:14:38Z|5011|DELETE|/tmp/backdoor.bin|success|{}
2025-03-22T00:14:56Z|5|READ|/tmp/test.txt|success|{}
2025-03-22T00:15:10Z|6000|DELETE|/etc/shadow|success|{}
2025-03-22T00:15:19Z|2|WRITE|/tmp/test.txt|success|{"size": 138284}
2025-03-22T00:15:28Z|9201|RENAME|/etc/shadow|success|{}
2025-03-22T00:15:30Z|4003|WRITE|/home/user/documents/report.doc|success|{"size": 833127}
2025-03-22T00:15:54Z|3|DELETE|/var/www/.shell.php|success|{}
2025-03-22T00:16:09Z|5010|WRITE|/dev/shm/.malware|success|{"suspicious": true, "sequence": 8947}
2025-03-22T00:16:23Z|3|DELETE|/etc/cron.d/.hack|failure|{}
2025-03-22T00:16:32Z|4003|DELETE|/etc/cron.d/.hack|success|{}
2025-03-22T00:16:33Z|1019|EXECUTE|/home/user/documents/report.doc|success|{}
2025-03-22T00:16:56Z|9100|DELETE|/etc/passwd|success|{}
2025-03-22T00:17:16Z|6006|EXECUTE|/tmp/backdoor.bin|success|{}
2025-03-22T00:17:18Z|4016|RENAME|/etc/passwd|success|{}
2025-03-22T00:17:28Z|1000|EXECUTE|/etc/shadow|success|{}
2025-03-22T00:17:49Z|4020|DELETE|/tmp/.hidden_script|success|{}
2025-03-22T00:17:52Z|1015|DELETE|/etc/cron.d/.hack|success|{}
2025-03-22T00:17:58Z|7000|READ|/tmp/backdoor.bin|success|{"suspicious": true, "sequence": 8957}
2025-03-22T00:18:23Z|9201|READ|/etc/passwd|success|{}
2025-03-22T00:18:24Z|6000|READ|/etc/shadow|success|{}
2025-03-22T00:18:54Z|9002|EXECUTE|/home/user/.ssh/id_rsa|success|{}
2025-03-22T00:19:20Z|6006|RENAME|/home/user/.ssh/id_rsa|success|{}
2025-03-22T00:19:49Z|5013|RENAME|/tmp/.hidden_script|success|{}
2025-03-22T00:19:53Z|5006|READ|/dev/shm/.malware|success|{"suspicious": true, "sequence": 8963}
2025-03-22T00:20:17Z|4017|DELETE|/var/www/.shell.php|success|{}
2025-03-22T00:20:28Z|1010|DELETE|/tmp/.hidden_script|success|{}
2025-03-22T00:20:35Z|6006|READ|/var/log/syslog|success|{}
2025-03-22T00:20:55Z|7004|WRITE|/etc/shadow|success|{"size": 362726}
2025-03-22T00:21:19Z|9000|EXECUTE|/var/log/auth.log|success|{}
2025-03-22T00:21:49Z|9200|DELETE|/home/user/documents/report.doc|success|{}
2025-03-22T00:21:58Z|9003|RENAME|/var/log/auth.log|success|{}
2025-03-22T00:22:14Z|7004|DELETE|/home/user/documents/report.doc|success|{}
2025-03-22T00:22:20Z|9100|RENAME|/home/user/documents/report.doc|success|{}
2025-03-22T00:22:40Z|4029|RENAME|/dev/shm/.malware|success|{}
2025-03-22T00:22:43Z|6000|READ|/var/www/.shell.php|success|{"suspicious": true, "sequence": 8974}
2025-03-22T00:23:13Z|7004|WRITE|/etc/shadow|success|{"size": 650381}
2025-03-22T00:23:25Z|4017|WRITE|/dev/shm/.malware|failure|{"suspicious": true, "sequence": 8976}
2025-03-22T00:23:28Z|4026|ATTRIBUTE|/etc/hosts|success|{}
2025-03-22T00:23:50Z|7003|EXECUTE|/etc/cron.d/.hack|success|{}
2025-03-22T00:24:11Z|9000|DELETE|/home/user/documents/report.doc|success|{}
2025-03-22T00:24:22Z|9202|ATTRIBUTE|/home/user/documents/report.doc|success|{}
2025-03-22T00:24:30Z|5|RENAME|/var/www/.shell.php|success|{}
2025-03-22T00:24:46Z|4010|EXECUTE|/var/www/.shell.php|success|{}
2025-03-22T00:24:48Z|9202|READ|/tmp/.hidden_script|failure|{"suspicious": true, "sequence": 8983}
2025-03-22T00:25:10Z|9000|WRITE|/var/www/.shell.php|success|{"suspicious": true, "sequence": 8984}
2025-03-22T00:25:39Z|4017|EXECUTE|/var/log/auth.log|success|{}
2025-03-22T00:25:59Z|7001|EXECUTE|/var/log/auth.log|success|{}
2025-03-22T00:26:17Z|7001|RENAME|/home/user/.ssh/id_rsa|success|{}
2025-03-22T00:26:28Z|7004|DELETE|/etc/cron.d/.hack|failure|{}
2025-03-22T00:26:43Z|6002|DELETE|/etc/hosts|success|{}
2025-03-22T00:27:12Z|9101|RENAME|/etc/shadow|success|{}
2025-03-22T00:27:32Z|5003|ATTRIBUTE|/home/user/documents/report.doc|success|{}
2025-03-22T00:27:40Z|9204|RENAME|/etc/cron.d/.hack|success|{}
2025-03-22T00:27:42Z|1006|READ|/etc/cron.d/.hack|success|{"suspicious": true, "sequence": 8993}
2025-03-22T00:28:02Z|6005|DELETE|/etc/passwd|success|{}
2025-03-22T00:28:05Z|4|DELETE|/etc/passwd|success|{}
2025-03-22T00:28:19Z|9201|DELETE|/dev/shm/.malware|success|{}
2025-03-22T00:28:22Z|1000|READ|/home/user/.ssh/id_rsa|failure|{}
2025-03-22T00:28:36Z|5002|WRITE|/tmp/backdoor.bin|success|{"suspicious": true, "sequence": 8998}
2025-03-22T00:29:04Z|1006|DELETE|/tmp/backdoor.bin|success|{}
2025-03-22T00:29:09Z|9004|EXECUTE|/dev/shm/.malware|success|{}
2025-03-22T00:29:13Z|4009|WRITE|/var/log/auth.log|success|{"size": 287914}
2025-03-22T00:29:31Z|9001|DELETE|/etc/cron.d/.hack|success|{}
2025-03-22T00:29:54Z|1014|ATTRIBUTE|/var/log/syslog|success|{}
2025-03-22T00:30:05Z|5002|ATTRIBUTE|/tmp/test.txt|success|{}
2025-03-22T00:30:30Z|9102|RENAME|/etc/passwd|success|{}
2025-03-22T00:30:58Z|1003|ATTRIBUTE|/var/log/syslog|success|{}
2025-03-22T00:31:27Z|5010|WRITE|/tmp/backdoor.bin|success|{"suspicious": true, "sequence": 9007}
2025-03-22T00:31:52Z|5012|ATTRIBUTE|/etc/passwd|success|{}
2025-03-22T00:32:19Z|1017|ATTRIBUTE|/etc/cron.d/.hack|failure|{}
2025-03-22T00:32:32Z|1|ATTRIBUTE|/home/user/.ssh/id_rsa|success|{}
2025-03-22T00:32:58Z|5005|READ|/tmp/backdoor.bin|success|{"suspicious": true, "sequence": 9011}
2025-03-22T00:33:10Z|1008|EXECUTE|/var/log/syslog|success|{}
2025-03-22T00:33:34Z|9200|ATTRIBUTE|/tmp/backdoor.bin|success|{}
2025-03-22T00:33:58Z|5008|READ|/tmp/backdoor.bin|success|{"suspicious": true, "sequence": 9014}
2025-03-22T00:34:04Z|9002|DELETE|/home/user/documents/report.doc|success|{}
2025-03-22T00:34:19Z|6006|DELETE|/etc/hosts|success|{}
2025-03-22T00:34:43Z|4011|READ|/etc/cron.d/.hack|success|{"suspicious": true, "sequence": 9017}
2025-03-22T00:34:44Z|9102|RENAME|/tmp/test.txt|success|{}
2025-03-22T00:34:54Z|6000|DELETE|/var/log/auth.log|failure|{}
2025-03-22T00:34:58Z|9001|READ|/etc/passwd|success|{}
2025-03-22T00:35:18Z|1|ATTRIBUTE|/tmp/backdoor.bin|success|{}
2025-03-22T00:35:29Z|4021|EXECUTE|/var/log/auth.log|success|{}
2025-03-22T00:35:44Z|9002|DELETE|/home/user/.ssh/id_rsa|success|{}
2025-03-22T00:36:07Z|9100|RENAME|/var/log/syslog|success|{}
2025-03-22T00:36:36Z|1019|WRITE|/etc/passwd|success|{"size": 542551}
2025-03-22T00:37:04Z|1004|READ|/etc/passwd|failure|{}
2025-03-22T00:37:15Z|9100|WRITE|/home/user/documents/report.doc|success|{"size": 553759}
2025-03-22T00:37:29Z|1009|READ|/var/log/syslog|success|{}
2025-03-22T00:37:41Z|1010|WRITE|/tmp/backdoor.bin|success|{"suspicious": true, "sequence": 9029}
2025-03-22T00:38:10Z|7003|READ|/tmp/backdoor.bin|success|{"suspicious": true, "sequence": 9030}
2025-03-22T00:38:40Z|9004|EXECUTE|/etc/passwd|success|{}
2025-03-22T00:38:48Z|3|EXECUTE|/dev/shm/.malware|success|{}
2025-03-22T00:39:17Z|9000|READ|/var/log/auth.log|success|{}
2025-03-22T00:39:30Z|1016|WRITE|/tmp/backdoor.bin|success|{"suspicious": true, "sequence": 9034}
2025-03-22T00:40:00Z|7003|EXECUTE|/etc/passwd|success|{}
2025-03-22T00:40:25Z|9102|ATTRIBUTE|/etc/passwd|success|{}
2025-03-22T00:40:40Z|6008|READ|/etc/passwd|success|{}
2025-03-22T00:40:54Z|9002|DELETE|/home/user/.ssh/id_rsa|success|{}
2025-03-22T00:41:14Z|1004|WRITE|/var/log/syslog|success|{"size": 646091}
2025-03-22T00:41:42Z|5013|DELETE|/home/user/documents/report.doc|success|{}
2025-03-22T00:42:12Z|9203|ATTRIBUTE|/etc/hosts|success|{}
2025-03-22T00:42:17Z|3|READ|/etc/passwd|success|{}
2025-03-22T00:42:30Z|7000|DELETE|/var/log/syslog|success|{}
2025-03-22T00:42:32Z|9000|RENAME|/home/user/documents/report.doc|failure|{}
2025-03-22T00:42:57Z|7001|WRITE|/var/www/.shell.php|success|{"suspicious": true, "sequence": 9045}
2025-03-22T00:43:16Z|9104|READ|/etc/hosts|success|{}
2025-03-22T00:43:46Z|1000|RENAME|/etc/shadow|success|{}
2025-03-22T00:44:03Z|9101|ATTRIBUTE|/var/log/syslog|failure|{}
2025-03-22T00:44:25Z|2|DELETE|/var/log/syslog|success|{}
2025-03-22T00:44:35Z|9102|WRITE|/var/log/auth.log|success|{"size": 287461}
2025-03-22T00:44:57Z|9204|READ|/tmp/backdoor.bin|success|{"suspicious": true, "sequence": 9051}
2025-03-22T00:45:21Z|5009|EXECUTE|/tmp/test.txt|success|{}
2025-03-22T00:45:43Z|9104|RENAME|/etc/passwd|success|{}
2025-03-22T00:45:59Z|5|ATTRIBUTE|/home/user/documents/report.doc|success|{}
2025-03-22T00:46:15Z|7004|ATTRIBUTE|/etc/hosts|success|{}
2025-03-22T00:46:30Z|4013|WRITE|/etc/shadow|success|{"size": 890625}
2025-03-22T00:46:42Z|6009|WRITE|/etc/hosts|success|{"size": 779222}
2025-03-22T00:46:54Z|1|ATTRIBUTE|/tmp/.hidden_script|success|{}
2025-03-22T00:47:24Z|5014|WRITE|/home/user/.ssh/id_rsa|success|{"size": 1019913}
2025-03-22T00:47:46Z|7000|DELETE|/var/log/syslog|success|{}
2025-03-22T00:47:55Z|7000|ATTRIBUTE|/etc/hosts|success|{}
2025-03-22T00:48:05Z|6001|RENAME|/tmp/backdoor.bin|success|{}
2025-03-22T00:48:20Z|9004|ATTRIBUTE|/var/log/syslog|success|{}
2025-03-22T00:48:21Z|9203|WRITE|/home/user/.ssh/id_rsa|success|{"size": 165901}
2025-03-22T00:48:39Z|1012|READ|/home/user/documents/report.doc|success|{}
2025-03-22T00:48:51Z|9001|READ|/etc/hosts|success|{}
2025-03-22T00:49:00Z|9001|RENAME|/var/log/auth.log|success|{}
2025-03-22T00:49:20Z|5005|EXECUTE|/etc/hosts|success|{}
2025-03-22T00:49:47Z|4016|ATTRIBUTE|/etc/passwd|success|{}
2025-03-22T00:50:02Z|1016|EXECUTE|/dev/shm/.malware|success|{}
2025-03-22T00:50:27Z|7004|EXECUTE|/var/log/auth.log|success|{}
2025-03-22T00:50:42Z|1013|WRITE|/tmp/test.txt|success|{"size": 532630}
2025-03-22T00:50:50Z|9002|DELETE|/etc/shadow|success|{}
2025-03-22T00:51:11Z|5006|EXECUTE|/var/log/auth.log|success|{}
2025-03-22T00:51:12Z|5014|DELETE|/dev/shm/.malware|success|{}
2025-03-22T00:51:33Z|9003|ATTRIBUTE|/tmp/test.txt|success|{}
2025-03-22T00:51:53Z|9103|EXECUTE|/tmp/backdoor.bin|success|{}
2025-03-22T00:52:16Z|5005|RENAME|/tmp/.hidden_script|success|{}
2025-03-22T00:52:18Z|9204|READ|/tmp/test.txt|success|{}
2025-03-22T00:52:45Z|9102|ATTRIBUTE|/etc/shadow|success|{}
2025-03-22T00:53:09Z|1007|READ|/var/www/.shell.php|success|{"suspicious": true, "sequence": 9081}
2025-03-22T00:53:33Z|1|READ|/etc/passwd|success|{}
2025-03-22T00:53:48Z|9204|WRITE|/home/user/.ssh/id_rsa|failure|{"size": 761109}
2025-03-22T00:53:49Z|5001|RENAME|/home/user/documents/report.doc|success|{}
2025-03-22T00:54:10Z|4012|RENAME|/tmp/backdoor.bin|success|{}
2025-03-22T00:54:21Z|1016|DELETE|/var/log/auth.log|success|{}
2025-03-22T00:54:26Z|6003|RENAME|/etc/hosts|success|{}
2025-03-22T00:54:55Z|9103|RENAME|/home/user/.ssh/id_rsa|success|{}
2025-03-22T00:55:12Z|6002|READ|/tmp/test.txt|success|{}
2025-03-22T00:55:21Z|5002|RENAME|/dev/shm/.malware|success|{}
2025-03-22T00:55:37Z|5006|READ|/home/user/documents/report.doc|success|{}
2025-03-22T00:55:45Z|9200|DELETE|/tmp/test.txt|success|{}
2025-03-22T00:56:03Z|7003|RENAME|/etc/hosts|success|{}
2025-03-22T00:56:08Z|9200|WRITE|/tmp/test.txt|success|{"size": 1045868}
2025-03-22T00:56:13Z|6006|RENAME|/etc/cron.d/.hack|success|{}
2025-03-22T00:56:23Z|9002|EXECUTE|/etc/hosts|success|{}
2025-03-22T00:56:31Z|9104|DELETE|/tmp/test.txt|success|{}
2025-03-22T00:56:41Z|7004|DELETE|/etc/shadow|failure|{}
2025-03-22T00:56:56Z|9002|ATTRIBUTE|/dev/shm/.malware|success|{}
2025-03-22T00:57:03Z|9201|WRITE|/etc/shadow|success|{"size": 675827}
2025-03-22T00:57:08Z|5010|ATTRIBUTE|/etc/hosts|success|{}
2025-03-22T00:57:38Z|5001|READ|/var/www/.shell.php|success|{"suspicious": true, "sequence": 9102}
2025-03-22T00:58:05Z|4018|READ|/tmp/.hidden_script|failure|{"suspicious": true, "sequence": 9103}
2025-03-22T00:58:10Z|5011|WRITE|/var/log/syslog|success|{"size": 799954}
2025-03-22T00:58:15Z|1013|DELETE|/var/www/.shell.php|success|{}
2025-03-22T00:58:17Z|4002|READ|/tmp/test.txt|success|{}
2025-03-22T00:58:21Z|9201|ATTRIBUTE|/var/log/auth.log|success|{}
2025-03-22T00:58:36Z|9000|EXECUTE|/etc/hosts|success|{}
2025-03-22T00:58:54Z|6006|EXECUTE|/var/log/syslog|success|{}
2025-03-22T00:59:17Z|7001|WRITE|/etc/shadow|success|{"size": 791526}
2025-03-22T00:59:19Z|5008|RENAME|/tmp/.hidden_script|success|{}
2025-03-22T00:59:32Z|4022|WRITE|/tmp/backdoor.bin|success|{"suspicious": true, "sequence": 9112}
2025-03-22T00:59:49Z|9100|EXECUTE|/var/log/auth.log|success|{}
2025-03-22T01:00:17Z|9001|EXECUTE|/tmp/backdoor.bin|failure|{}
2025-03-22T01:00:32Z|9200|EXECUTE|/var/log/syslog|success|{}
2025-03-22T01:00:40Z|9101|WRITE|/tmp/test.txt|success|{"size": 797196}
2025-03-22T01:00:59Z|7000|RENAME|/tmp/.hidden_script|success|{}
2025-03-22T01:01:00Z|9202|READ|/var/www/.shell.php|success|{"suspicious": true, "sequence": 9118}
2025-03-22T01:01:19Z|7000|RENAME|/dev/shm/.malware|success|{}
2025-03-22T01:01:35Z|9204|RENAME|/home/user/.ssh/id_rsa|success|{}
2025-03-22T01:02:04Z|9001|RENAME|/tmp/test.txt|success|{}
2025-03-22T01:02:14Z|9102|DELETE|/home/user/.ssh/id_rsa|success|{}
2025-03-22T01:02:42Z|2|EXECUTE|/home/user/.ssh/id_rsa|success|{}
2025-03-22T01:02:43Z|5005|EXECUTE|/etc/hosts|success|{}
2025-03-22T01:02:51Z|3|DELETE|/etc/passwd|success|{}
2025-03-22T01:03:13Z|7004|RENAME|/var/log/syslog|success|{}
2025-03-22T01:03:17Z|9203|ATTRIBUTE|/home/user/documents/report.doc|success|{}
2025-03-22T01:03:25Z|7002|WRITE|/etc/hosts|success|{"size": 338931}
2025-03-22T01:03:35Z|9103|EXECUTE|/home/user/.ssh/id_rsa|success|{}
2025-03-22T01:03:44Z|9201|EXECUTE|/dev/shm/.malware|failure|{}
2025-03-22T01:04:12Z|5010|ATTRIBUTE|/tmp/test.txt|success|{}
2025-03-22T01:04:40Z|5|WRITE|/etc/passwd|success|{"size": 753354}
2025-03-22T01:04:42Z|5007|DELETE|/var/www/.shell.php|success|{}
2025-03-22T01:05:10Z|4023|READ|/home/user/documents/report.doc|success|{}
2025-03-22T01:05:38Z|9000|ATTRIBUTE|/tmp/backdoor.bin|failure|{}
2025-03-22T01:05:42Z|9000|RENAME|/var/log/auth.log|success|{}
2025-03-22T01:05:46Z|1017|READ|/var/www/.shell.php|failure|{"suspicious": true, "sequence": 9137}
2025-03-22T01:05:55Z|5005|RENAME|/dev/shm/.malware|success|{}
2025-03-22T01:06:21Z|1004|ATTRIBUTE|/etc/shadow|success|{}
2025-03-22T01:06:43Z|4|DELETE|/tmp/.hidden_script|success|{}
2025-03-22T01:07:00Z|5006|READ|/var/log/syslog|success|{}
2025-03-22T01:07:13Z|5|WRITE|/var/log/auth.log|success|{"size": 587010}
2025-03-22T01:07:39Z|6003|ATTRIBUTE|/home/user/documents/report.doc|success|{}
2025-03-22T01:07:44Z|7003|ATTRIBUTE|/var/log/auth.log|success|{}
2025-03-22T01:08:04Z|4|RENAME|/tmp/.hidden_script|success|{}
2025-03-22T01:08:11Z|9002|READ|/home/user/.ssh/id_rsa|success|{}
2025-03-22T01:08:32Z|9200|WRITE|/var/www/.shell.php|success|{"suspicious": true, "sequence": 9147}
2025-03-22T01:08:43Z|9201|RENAME|/var/log/syslog|success|{}
2025-03-22T01:08:56Z|4003|DELETE|/etc/hosts|success|{}
2025-03-22T01:08:58Z|7004|WRITE|/var/log/syslog|success|{"size": 908793}
2025-03-22T01:09:18Z|9000|WRITE|/tmp/test.txt|success|{"size": 202634}
2025-03-22T01:09:36Z|4012|ATTRIBUTE|/home/user/.ssh/id_rsa|success|{}
2025-03-22T01:09:41Z|6002|WRITE|/tmp/backdoor.bin|success|{"suspicious": true, "sequence": 9153}
2025-03-22T01:09:57Z|1004|WRITE|/var/log/syslog|success|{"size": 710332}
2025-03-22T01:10:03Z|9104|ATTRIBUTE|/etc/shadow|success|{}
2025-03-22T01:10:29Z|6003|DELETE|/home/user/documents/report.doc|success|{}
2025-03-22T01:10:41Z|9202|DELETE|/tmp/backdoor.bin|success|{}
2025-03-22T01:10:59Z|7001|EXECUTE|/tmp/test.txt|success|{}
2025-03-22T01:11:28Z|6001|WRITE|/etc/passwd|success|{"size": 349143}
2025-03-22T01:11:45Z|6009|DELETE|/var/www/.shell.php|success|{}
2025-03-22T01:11:52Z|7000|EXECUTE|/etc/cron.d/.hack|success|{}
2025-03-22T01:12:10Z|5012|READ|/etc/hosts|success|{}
2025-03-22T01:12:39Z|4011|READ|/tmp/.hidden_script|success|{"suspicious": true, "sequence": 9163}
2025-03-22T01:12:44Z|4028|READ|/etc/shadow|failure|{}
2025-03-22T01:13:03Z|9100|DELETE|/var/log/auth.log|success|{}
2025-03-22T01:13:31Z|7001|READ|/etc/hosts|success|{}
2025-03-22T01:13:33Z|2|DELETE|/home/user/documents/report.doc|success|{}
2025-03-22T01:13:42Z|4|READ|/var/log/auth.log|success|{}
2025-03-22T01:13:50Z|1016|EXECUTE|/etc/cron.d/.hack|success|{}
2025-03-22T01:13:57Z|6005|DELETE|/tmp/backdoor.bin|success|{}
2025-03-22T01:14:19Z|7000|WRITE|/var/www/.shell.php|success|{"suspicious": true, "sequence": 9171}
2025-03-22T01:14:49Z|9003|DELETE|/home/user/documents/report.doc|success|{}
2025-03-22T01:15:00Z|6005|ATTRIBUTE|/etc/passwd|success|{}
2025-03-22T01:15:02Z|9204|READ|/etc/shadow|success|{}
2025-03-22T01:15:07Z|6000|EXECUTE|/home/user/.ssh/id_rsa|success|{}
2025-03-22T01:15:12Z|4|ATTRIBUTE|/tmp/test.txt|success|{}
2025-03-22T01:15:20Z|7004|EXECUTE|/var/log/syslog|success|{}
2025-03-22T01:15:46Z|5010|RENAME|/home/user/.ssh/id_rsa|success|{}
2025-03-22T01:15:51Z|9201|ATTRIBUTE|/var/log/syslog|success|{}
2025-03-22T01:15:52Z|9004|EXECUTE|/var/log/syslog|success|{}
2025-03-22T01:16:13Z|1004|ATTRIBUTE|/tmp/backdoor.bin|success|{}
2025-03-22T01:16:41Z|9003|ATTRIBUTE|/var/log/auth.log|success|{}
2025-03-22T01:17:09Z|9200|RENAME|/var/log/syslog|success|{}
2025-03-22T01:17:31Z|1002|RENAME|/var/log/syslog|success|{}
2025-03-22T01:17:55Z|7000|DELETE|/var/www/.shell.php|success|{}
2025-03-22T01:17:58Z|9203|ATTRIBUTE|/home/user/.ssh/id_rsa|success|{}
2025-03-22T01:18:23Z|1017|DELETE|/dev/shm/.malware|success|{}
2025-03-22T01:18:52Z|9203|ATTRIBUTE|/etc/cron.d/.hack|success|{}
2025-03-22T01:19:08Z|9100|ATTRIBUTE|/var/www/.shell.php|success|{}
2025-03-22T01:19:26Z|6005|EXECUTE|/var/log/syslog|success|{}
2025-03-22T01:19:56Z|3|EXECUTE|/tmp/.hidden_script|success|{}
2025-03-22T01:20:15Z|2|RENAME|/etc/cron.d/.hack|success|{}
2025-03-22T01:20:27Z|9200|DELETE|/etc/cron.d/.hack|success|{}
2025-03-22T01:20:48Z|6004|RENAME|/etc/shadow|success|{}
2025-03-22T01:21:13Z|9203|READ|/tmp/test.txt|failure|{}
2025-03-22T01:21:20Z|4020|READ|/etc/shadow|success|{}
2025-03-22T01:21:43Z|4007|RENAME|/etc/hosts|success|{}
2025-03-22T01:22:05Z|7001|RENAME|/home/user/.ssh/id_rsa|success|{}
2025-03-22T01:22:27Z|7004|READ|/tmp/test.txt|success|{}
2025-03-22T01:22:40Z|6008|WRITE|/tmp/test.txt|success|{"size": 487882}
2025-03-22T01:22:45Z|4|READ|/var/log/auth.log|failure|{}
2025-03-22T01:23:05Z|9101|WRITE|/tmp/test.txt|success|{"size": 9696}
2025-03-22T01:23:25Z|5010|DELETE|/etc/cron.d/.hack|success|{}
2025-03-22T01:23:29Z|9003|EXECUTE|/etc/shadow|success|{}
2025-03-22T01:23:31Z|9204|ATTRIBUTE|/etc/cron.d/.hack|success|{}
2025-03-22T01:23:33Z|1018|WRITE|/etc/passwd|success|{"size": 275818}
2025-03-22T01:23:45Z|1013|EXECUTE|/tmp/.hidden_script|success|{}
2025-03-22T01:23:52Z|1|WRITE|/etc/passwd|success|{"size": 842129}
2025-03-22T01:24:07Z|6009|EXECUTE|/var/log/syslog|success|{}
2025-03-22T01:24:33Z|5007|DELETE|/home/user/.ssh/id_rsa|failure|{}
2025-03-22T01:24:44Z|3|RENAME|/etc/passwd|success|{}
2025-03-22T01:24:50Z|9001|ATTRIBUTE|/tmp/test.txt|success|{}
2025-03-22T01:25:17Z|5|ATTRIBUTE|/home/user/.ssh/id_rsa|success|{}
2025-03-22T01:25:25Z|9000|EXECUTE|/etc/cron.d/.hack|success|{}
2025-03-22T01:25:44Z|6007|EXECUTE|/dev/shm/.malware|success|{}
2025-03-22T01:25:55Z|9001|WRITE|/tmp/test.txt|success|{"size": 121540}
2025-03-22T01:26:18Z|6003|DELETE|/tmp/.hidden_script|success|{}
2025-03-22T01:26:28Z|1008|RENAME|/etc/hosts|success|{}
2025-03-22T01:26:57Z|6004|READ|/tmp/.hidden_script|success|{"suspicious": true, "sequence": 9219}
2025-03-22T01:26:58Z|1000|EXECUTE|/etc/cron.d/.hack|success|{}
2025-03-22T01:27:28Z|9202|ATTRIBUTE|/home/user/.ssh/id_rsa|success|{}
2025-03-22T01:27:35Z|6004|ATTRIBUTE|/dev/shm/.malware|failure|{}
2025-03-22T01:27:46Z|4020|EXECUTE|/etc/cron.d/.hack|success|{}
2025-03-22T01:28:14Z|5014|WRITE|/etc/passwd|success|{"size": 822716}
2025-03-22T01:28:15Z|9202|RENAME|/etc/hosts|success|{}
2025-03-22T01:28:23Z|6007|READ|/tmp/backdoor.bin|success|{"suspicious": true, "sequence": 9226}
2025-03-22T01:28:43Z|4026|DELETE|/tmp/test.txt|success|{}
2025-03-22T01:28:54Z|5011|ATTRIBUTE|/etc/shadow|success|{}
2025-03-22T01:29:17Z|9003|RENAME|/etc/cron.d/.hack|success|{}
2025-03-22T01:29:37Z|9100|EXECUTE|/home/user/.ssh/id_rsa|success|{}
2025-03-22T01:29:38Z|9104|WRITE|/etc/passwd|success|{"size": 736479}
2025-03-22T01:29:44Z|9000|ATTRIBUTE|/tmp/backdoor.bin|success|{}
2025-03-22T01:30:09Z|9004|EXECUTE|/var/log/syslog|success|{}
2025-03-22T01:30:12Z|9201|WRITE|/var/www/.shell.php|success|{"suspicious": true, "sequence": 9234}
2025-03-22T01:30:35Z|9002|READ|/tmp/.hidden_script|success|{"suspicious": true, "sequence": 9235}
2025-03-22T01:30:58Z|1|RENAME|/etc/shadow|success|{}
2025-03-22T01:30:59Z|1009|DELETE|/home/user/documents/report.doc|success|{}
2025-03-22T01:31:25Z|9002|ATTRIBUTE|/etc/hosts|success|{}
2025-03-22T01:31:36Z|2|WRITE|/etc/passwd|success|{"size": 167441}
2025-03-22T01:31:53Z|2|WRITE|/var/log/syslog|success|{"size": 320481}
2025-03-22T01:32:03Z|5002|WRITE|/etc/hosts|success|{"size": 1027128}
2025-03-22T01:32:05Z|4024|ATTRIBUTE|/var/log/auth.log|success|{}
2025-03-22T01:32:08Z|6005|DELETE|/home/user/.ssh/id_rsa|success|{}
2025-03-22T01:32:38Z|5003|DELETE|/home/user/.ssh/id_rsa|success|{}
2025-03-22T01:33:04Z|9000|EXECUTE|/etc/cron.d/.hack|success|{}
2025-03-22T01:33:05Z|9201|WRITE|/dev/shm/.malware|success|{"suspicious": true, "sequence": 9246}
2025-03-22T01:33:12Z|9003|READ|/etc/hosts|success|{}
2025-03-22T01:33:22Z|5008|ATTRIBUTE|/etc/passwd|success|{}
2025-03-22T01:33:27Z|5012|WRITE|/tmp/.hidden_script|success|{"suspicious": true, "sequence": 9249}
2025-03-22T01:33:50Z|5004|ATTRIBUTE|/home/user/documents/report.doc|success|{}
2025-03-22T01:34:11Z|6004|EXECUTE|/tmp/test.txt|success|{}
2025-03-22T01:34:18Z|9100|READ|/tmp/backdoor.bin|success|{"suspicious": true, "sequence": 9252}
2025-03-22T01:34:39Z|9000|WRITE|/etc/passwd|success|{"size": 397102}
2025-03-22T01:34:55Z|4015|WRITE|/tmp/backdoor.bin|success|{"suspicious": true, "sequence": 9254}
2025-03-22T01:35:06Z|9104|WRITE|/dev/shm/.malware|success|{"suspicious": true, "sequence": 9255}
2025-03-22T01:35:09Z|9002|READ|/tmp/test.txt|success|{}
2025-03-22T01:35:14Z|5000|DELETE|/etc/passwd|success|{}
2025-03-22T01:35:16Z|9202|ATTRIBUTE|/tmp/test.txt|success|{}
2025-03-22T01:35:46Z|7002|WRITE|/home/user/documents/report.doc|success|{"size": 83309}
2025-03-22T01:36:08Z|9101|EXECUTE|/etc/passwd|success|{}
2025-03-22T01:36:38Z|1011|READ|/etc/cron.d/.hack|success|{"suspicious": true, "sequence": 9261}
2025-03-22T01:36:54Z|1009|DELETE|/var/log/syslog|success|{}
2025-03-22T01:37:09Z|6002|RENAME|/etc/cron.d/.hack|success|{}
2025-03-22T01:37:24Z|5|DELETE|/home/user/documents/report.doc|success|{}
2025-03-22T01:37:39Z|1017|DELETE|/tmp/.hidden_script|success|{}
2025-03-22T01:37:46Z|9203|DELETE|/tmp/.hidden_script|success|{}
2025-03-22T01:37:53Z|4011|ATTRIBUTE|/etc/hosts|success|{}
2025-03-22T01:38:08Z|6004|WRITE|/home/user/documents/report.doc|failure|{"size": 344156}
2025-03-22T01:38:35Z|4|RENAME|/etc/passwd|success|{}
2025-03-22T01:38:39Z|9203|READ|/tmp/test.txt|failure|{}
2025-03-22T01:38:44Z|9203|EXECUTE|/etc/shadow|success|{}
2025-03-22T01:39:04Z|6001|RENAME|/dev/shm/.malware|success|{}
2025-03-22T01:39:09Z|9103|ATTRIBUTE|/var/log/syslog|success|{}
2025-03-22T01:39:25Z|4018|RENAME|/var/log/syslog|success|{}
2025-03-22T01:39:48Z|6003|RENAME|/tmp/test.txt|success|{}
2025-03-22T01:40:10Z|9202|EXECUTE|/home/user/.ssh/id_rsa|success|{}
2025-03-22T01:40:34Z|6000|READ|/tmp/.hidden_script|failure|{"suspicious": true, "sequence": 9277}
2025-03-22T01:41:01Z|3|DELETE|/dev/shm/.malware|success|{}
2025-03-22T01:41:06Z|1005|WRITE|/etc/hosts|success|{"size": 745175}
2025-03-22T01:41:31Z|7000|RENAME|/dev/shm/.malware|failure|{}
2025-03-22T01:41:35Z|5002|DELETE|/var/www/.shell.php|success|{}
2025-03-22T01:41:55Z|6009|READ|/tmp/backdoor.bin|success|{"suspicious": true, "sequence": 9282}
2025-03-22T01:42:21Z|4|WRITE|/etc/passwd|success|{"size": 1047025}
2025-03-22T01:42:44Z|4021|DELETE|/tmp/.hidden_script|success|{}
2025-03-22T01:43:05Z|9104|EXECUTE|/tmp/.hidden_script|success|{}
2025-03-22T01:43:10Z|5002|DELETE|/home/user/documents/report.doc|success|{}
2025-03-22T01:43:15Z|7004|ATTRIBUTE|/etc/passwd|success|{}
2025-03-22T01:43:35Z|9002|WRITE|/home/user/.ssh/id_rsa|success|{"size": 154156}
2025-03-22T01:43:37Z|1015|RENAME|/var/log/auth.log|success|{}
2025-03-22T01:43:54Z|7003|EXECUTE|/var/www/.shell.php|success|{}
2025-03-22T01:44:05Z|4002|READ|/tmp/backdoor.bin|success|{"suspicious": true, "sequence": 9291}
2025-03-22T01:44:26Z|7001|ATTRIBUTE|/tmp/.hidden_script|success|{}
2025-03-22T01:44:55Z|9101|READ|/etc/shadow|success|{}
2025-03-22T01:45:10Z|1004|READ|/tmp/test.txt|success|{}
2025-03-22T01:45:30Z|1|READ|/etc/hosts|success|{}
2025-03-22T01:45:53Z|9103|DELETE|/etc/cron.d/.hack|success|{}
2025-03-22T01:45:59Z|1019|EXECUTE|/tmp/.hidden_script|success|{}
2025-03-22T01:46:21Z|9100|RENAME|/tmp/backdoor.bin|success|{}
2025-03-22T01:46:42Z|6009|RENAME|/etc/passwd|success|{}
2025-03-22T01:46:54Z|5011|EXECUTE|/tmp/backdoor.bin|success|{}
2025-03-22T01:47:20Z|1009|RENAME|/home/user/documents/report.doc|success|{}
2025-03-22T01:47:34Z|7000|DELETE|/etc/cron.d/.hack|success|{}
2025-03-22T01:47:48Z|6008|WRITE|/home/user/documents/report.doc|success|{"size": 400881}
2025-03-22T01:48:10Z|1014|ATTRIBUTE|/etc/hosts|success|{}
2025-03-22T01:48:11Z|5|DELETE|/var/www/.shell.php|failure|{}
2025-03-22T01:48:12Z|1017|EXECUTE|/etc/cron.d/.hack|success|{}
2025-03-22T01:48:16Z|9101|WRITE|/tmp/backdoor.bin|success|{"suspicious": true, "sequence": 9307}
2025-03-22T01:48:38Z|1009|WRITE|/home/user/.ssh/id_rsa|success|{"size": 324251}
2025-03-22T01:48:44Z|7001|ATTRIBUTE|/tmp/test.txt|success|{}
2025-03-22T01:48:50Z|1012|ATTRIBUTE|/home/user/.ssh/id_rsa|success|{}
2025-03-22T01:49:01Z|6005|DELETE|/etc/hosts|success|{}
2025-03-22T01:49:05Z|4012|WRITE|/home/user/documents/report.doc|success|{"size": 720753}
2025-03-22T01:49:09Z|9103|READ|/tmp/.hidden_script|success|{"suspicious": true, "sequence": 9313}
2025-03-22T01:49:13Z|9103|RENAME|/etc/cron.d/.hack|success|{}
2025-03-22T01:49:30Z|9104|RENAME|/dev/shm/.malware|success|{}
2025-03-22T01:49:34Z|1003|WRITE|/etc/cron.d/.hack|success|{"suspicious": true, "sequence": 9316}
2025-03-22T01:50:03Z|9202|RENAME|/home/user/.ssh/id_rsa|success|{}
2025-03-22T01:50:09Z|7000|WRITE|/home/user/documents/report.doc|success|{"size": 613873}
2025-03-22T01:50:19Z|5|EXECUTE|/dev/shm/.malware|success|{}
2025-03-22T01:50:42Z|9203|READ|/var/log/syslog|failure|{}
2025-03-22T01:50:47Z|5012|READ|/etc/cron.d/.hack|success|{"suspicious": true, "sequence": 9321}
2025-03-22T01:50:50Z|7003|EXECUTE|/home/user/.ssh/id_rsa|success|{}
2025-03-22T01:51:10Z|9103|ATTRIBUTE|/tmp/.hidden_script|success|{}
2025-03-22T01:51:12Z|9003|EXECUTE|/etc/hosts|success|{}
2025-03-22T01:51:20Z|9203|DELETE|/home/user/documents/report.doc|failure|{}
2025-03-22T01:51:36Z|1007|ATTRIBUTE|/home/user/.ssh/id_rsa|success|{}
2025-03-22T01:51:40Z|1007|READ|/etc/hosts|success|{}
2025-03-22T01:51:41Z|6004|EXECUTE|/home/user/.ssh/id_rsa|success|{}
2025-03-22T01:51:48Z|9003|ATTRIBUTE|/etc/passwd|success|{}
2025-03-22T01:51:55Z|5|RENAME|/etc/cron.d/.hack|failure|{}
2025-03-22T01:51:58Z|9104|RENAME|/tmp/.hidden_script|success|{}
2025-03-22T01:52:17Z|1014|EXECUTE|/dev/shm/.malware|success|{}
2025-03-22T01:52:30Z|5012|WRITE|/var/log/auth.log|failure|{"size": 486355}
2025-03-22T01:52:58Z|5|EXECUTE|/var/log/auth.log|failure|{}
2025-03-22T01:53:01Z|9002|READ|/etc/passwd|success|{}
2025-03-22T01:53:17Z|9100|EXECUTE|/etc/cron.d/.hack|success|{}
2025-03-22T01:53:42Z|9003|DELETE|/etc/cron.d/.hack|success|{}
2025-03-22T01:53:43Z|7001|EXECUTE|/var/log/syslog|success|{}
2025-03-22T01:53:49Z|9103|EXECUTE|/var/log/auth.log|success|{}
2025-03-22T01:54:09Z|1|READ|/etc/hosts|success|{}
2025-03-22T01:54:15Z|7002|DELETE|/tmp/.hidden_script|success|{}
2025-03-22T01:54:20Z|9200|ATTRIBUTE|/dev/shm/.malware|success|{}
2025-03-22T01:54:33Z|9000|READ|/etc/shadow|success|{}
2025-03-22T01:54:46Z|5008|RENAME|/etc/shadow|success|{}
2025-03-22T01:54:55Z|9203|RENAME|/etc/cron.d/.hack|success|{}
2025-03-22T01:55:01Z|6004|RENAME|/var/log/auth.log|success|{}
2025-03-22T01:55:08Z|9001|RENAME|/tmp/backdoor.bin|success|{}
2025-03-22T01:55:34Z|7001|READ|/home/user/.ssh/id_rsa|success|{}
2025-03-22T01:55:40Z|7000|WRITE|/dev/shm/.malware|success|{"suspicious": true, "sequence": 9349}
2025-03-22T01:56:03Z|9103|EXECUTE|/var/log/auth.log|success|{}
2025-03-22T01:56:10Z|4016|RENAME|/home/user/documents/report.doc|success|{}
2025-03-22T01:56:26Z|9000|DELETE|/etc/hosts|success|{}
2025-03-22T01:56:53Z|1|WRITE|/etc/passwd|success|{"size": 433642}
2025-03-22T01:57:02Z|1011|READ|/home/user/.ssh/id_rsa|success|{}
2025-03-22T01:57:15Z|4006|ATTRIBUTE|/etc/hosts|success|{}
2025-03-22T01:57:30Z|6007|READ|/var/www/.shell.php|success|{"suspicious": true, "sequence": 9356}
2025-03-22T01:57:39Z|9204|RENAME|/var/log/syslog|success|{}
2025-03-22T01:57:40Z|1009|RENAME|/home/user/documents/report.doc|success|{}
2025-03-22T01:57:52Z|4006|ATTRIBUTE|/etc/passwd|failure|{}
2025-03-22T01:58:08Z|5005|DELETE|/tmp/backdoor.bin|failure|{}
2025-03-22T01:58:19Z|1012|DELETE|/etc/passwd|success|{}
2025-03-22T01:58:40Z|7000|ATTRIBUTE|/dev/shm/.malware|failure|{}
2025-03-22T01:58:41Z|9101|DELETE|/tmp/.hidden_script|failure|{}
2025-03-22T01:58:51Z|6007|DELETE|/tmp/backdoor.bin|success|{}
2025-03-22T01:59:12Z|1010|DELETE|/etc/shadow|success|{}
2025-03-22T01:59:29Z|5007|DELETE|/tmp/.hidden_script|success|{}
2025-03-22T01:59:44Z|6004|RENAME|/etc/cron.d/.hack|success|{}
2025-03-22T01:59:48Z|9203|READ|/var/www/.shell.php|success|{"suspicious": true, "sequence": 9368}
2025-03-22T02:00:13Z|4|READ|/etc/shadow|success|{}
2025-03-22T02:00:28Z|5002|WRITE|/etc/hosts|success|{"size": 210751}
2025-03-22T02:00:42Z|6005|RENAME|/var/log/syslog|success|{}
2025-03-22T02:01:11Z|5001|DELETE|/var/log/syslog|success|{}
2025-03-22T02:01:24Z|7000|WRITE|/var/www/.shell.php|success|{"suspicious": true, "sequence": 9373}
2025-03-22T02:01:32Z|1011|WRITE|/var/www/.shell.php|success|{"suspicious": true, "sequence": 9374}
2025-03-22T02:01:49Z|9003|ATTRIBUTE|/tmp/.hidden_script|success|{}
2025-03-22T02:02:10Z|9004|WRITE|/etc/hosts|success|{"size": 790411}
2025-03-22T02:02:30Z|1|ATTRIBUTE|/etc/shadow|success|{}
2025-03-22T02:02:42Z|4|RENAME|/tmp/.hidden_script|success|{}
2025-03-22T02:02:52Z|1016|WRITE|/home/user/.ssh/id_rsa|success|{"size": 471747}
2025-03-22T02:03:21Z|4008|READ|/tmp/.hidden_script|success|{"suspicious": true, "sequence": 9380}
2025-03-22T02:03:31Z|7002|ATTRIBUTE|/var/log/syslog|failure|{}
2025-03-22T02:03:47Z|4002|ATTRIBUTE|/etc/shadow|success|{}
2025-03-22T02:04:03Z|4020|ATTRIBUTE|/var/log/auth.log|success|{}
2025-03-22T02:04:31Z|5004|RENAME|/etc/hosts|success|{}
2025-03-22T02:04:45Z|5012|RENAME|/etc/shadow|success|{}
2025-03-22T02:04:59Z|5|EXECUTE|/etc/cron.d/.hack|success|{}
2025-03-22T02:05:20Z|7003|ATTRIBUTE|/home/user/documents/report.doc|success|{}
2025-03-22T02:05:47Z|1008|ATTRIBUTE|/home/user/documents/report.doc|success|{}
2025-03-22T02:06:05Z|9202|READ|/var/log/auth.log|success|{}
2025-03-22T02:06:08Z|9100|DELETE|/tmp/test.txt|success|{}
2025-03-22T02:06:16Z|9202|WRITE|/var/log/auth.log|success|{"size": 931668}
2025-03-22T02:06:41Z|2|DELETE|/dev/shm/.malware|success|{}
2025-03-22T02:07:00Z|9101|READ|/etc/hosts|success|{}
2025-03-22T02:07:09Z|9200|READ|/tmp/.hidden_script|success|{"suspicious": true, "sequence": 9394}
2025-03-22T02:07:38Z|6002|DELETE|/tmp/backdoor.bin|success|{}
2025-03-22T02:07:48Z|7003|EXECUTE|/etc/cron.d/.hack|success|{}
2025-03-22T02:08:17Z|7002|RENAME|/etc/shadow|success|{}
2025-03-22T02:08:44Z|3|DELETE|/home/user/.ssh/id_rsa|success|{}
2025-03-22T02:09:13Z|1013|RENAME|/dev/shm/.malware|success|{}
2025-03-22T02:09:26Z|7001|RENAME|/dev/shm/.malware|success|{}
2025-03-22T02:09:45Z|1017|WRITE|/etc/cron.d/.hack|success|{"suspicious": true, "sequence": 9401}
2025-03-22T02:10:11Z|9202|RENAME|/home/user/.ssh/id_rsa|success|{}
2025-03-22T02:10:37Z|5010|WRITE|/etc/hosts|success|{"size": 552679}
2025-03-22T02:10:38Z|9002|RENAME|/home/user/.ssh/id_rsa|success|{}
2025-03-22T02:10:44Z|5003|DELETE|/etc/shadow|success|{}
2025-03-22T02:11:02Z|9200|DELETE|/etc/passwd|success|{}
2025-03-22T02:11:22Z|1001|RENAME|/tmp/backdoor.bin|success|{}
2025-03-22T02:11:45Z|1014|DELETE|/etc/passwd|success|{}
2025-03-22T02:12:08Z|6006|READ|/home/user/.ssh/id_rsa|success|{}
2025-03-22T02:12:38Z|1006|WRITE|/etc/passwd|success|{"size": 908973}
2025-03-22T02:13:06Z|6007|EXECUTE|/tmp/backdoor.bin|failure|{}
2025-03-22T02:13:33Z|5012|EXECUTE|/tmp/.hidden_script|success|{}
2025-03-22T02:13:55Z|9002|DELETE|/var/log/syslog|success|{}
2025-03-22T02:14:06Z|4023|WRITE|/home/user/.ssh/id_rsa|success|{"size": 576837}
2025-03-22T02:14:12Z|5|DELETE|/home/user/documents/report.doc|failure|{}
2025-03-22T02:14:26Z|3|READ|/var/www/.shell.php|success|{"suspicious": true, "sequence": 9416}
2025-03-22T02:14:31Z|9203|EXECUTE|/var/www/.shell.php|success|{}
2025-03-22T02:14:47Z|5|DELETE|/etc/hosts|success|{}
2025-03-22T02:14:53Z|4|WRITE|/etc/passwd|success|{"size": 979108}
2025-03-22T02:15:10Z|9004|ATTRIBUTE|/var/www/.shell.php|success|{}
2025-03-22T02:15:19Z|1000|DELETE|/etc/cron.d/.hack|success|{}
2025-03-22T02:15:32Z|7000|WRITE|/home/user/.ssh/id_rsa|success|{"size": 299911}
2025-03-22T02:15:38Z|4|EXECUTE|/etc/shadow|success|{}
2025-03-22T02:15:50Z|1003|WRITE|/tmp/backdoor.bin|success|{"suspicious": true, "sequence": 9424}
2025-03-22T02:16:00Z|1015|DELETE|/var/log/auth.log|success|{}
2025-03-22T02:16:18Z|1006|RENAME|/tmp/test.txt|success|{}
2025-03-22T02:16:28Z|4023|DELETE|/home/user/.ssh/id_rsa|success|{}
2025-03-22T02:16:36Z|7000|ATTRIBUTE|/home/user/documents/report.doc|success|{}
2025-03-22T02:16:50Z|4029|ATTRIBUTE|/var/www/.shell.php|success|{}
2025-03-22T02:17:16Z|9000|READ|/tmp/.hidden_script|success|{"suspicious": true, "sequence": 9430}
2025-03-22T02:17:21Z|7001|WRITE|/home/user/.ssh/id_rsa|success|{"size": 12751}
2025-03-22T02:17:33Z|6004|DELETE|/tmp/test.txt|success|{}
2025-03-22T02:17:37Z|7000|ATTRIBUTE|/tmp/.hidden_script|failure|{}
2025-03-22T02:17:46Z|4023|READ|/home/user/.ssh/id_rsa|success|{}
2025-03-22T02:17:55Z|7000|RENAME|/var/log/auth.log|failure|{}
2025-03-22T02:18:09Z|9103|EXECUTE|/etc/passwd|success|{}
2025-03-22T02:18:38Z|9204|RENAME|/tmp/backdoor.bin|success|{}
2025-03-22T02:19:02Z|7003|WRITE|/tmp/test.txt|success|{"size": 994852}
2025-03-22T02:19:03Z|7001|ATTRIBUTE|/var/www/.shell.php|success|{}
2025-03-22T02:19:11Z|9101|READ|/etc/passwd|success|{}
2025-03-22T02:19:31Z|9200|ATTRIBUTE|/var/www/.shell.php|success|{}
2025-03-22T02:19:35Z|4027|RENAME|/tmp/backdoor.bin|success|{}
2025-03-22T02:19:41Z|4012|RENAME|/tmp/test.txt|success|{}
2025-03-22T02:19:59Z|7004|EXECUTE|/etc/shadow|success|{}
2025-03-22T02:20:19Z|9100|WRITE|/etc/passwd|success|{"size": 777781}
2025-03-22T02:20:35Z|6000|DELETE|/tmp/test.txt|success|{}
2025-03-22T02:20:43Z|1018|ATTRIBUTE|/tmp/test.txt|success|{}
2025-03-22T02:20:46Z|5007|RENAME|/tmp/backdoor.bin|success|{}
2025-03-22T02:21:08Z|7000|DELETE|/tmp/test.txt|success|{}
2025-03-22T02:21:31Z|1018|RENAME|/home/user/.ssh/id_rsa|success|{}
2025-03-22T02:21:37Z|5007|READ|/etc/shadow|success|{}
2025-03-22T02:22:03Z|1|WRITE|/tmp/.hidden_script|success|{"suspicious": true, "sequence": 9452}
2025-03-22T02:22:10Z|7002|WRITE|/var/log/syslog|success|{"size": 1039888}
2025-03-22T02:22:40Z|9201|DELETE|/tmp/test.txt|success|{}
2025-03-22T02:23:07Z|9100|WRITE|/etc/hosts|success|{"size": 796985}
2025-03-22T02:23:37Z|1015|DELETE|/etc/cron.d/.hack|success|{}
2025-03-22T02:23:45Z|9200|RENAME|/tmp/backdoor.bin|success|{}
2025-03-22T02:23:51Z|9001|WRITE|/home/user/.ssh/id_rsa|success|{"size": 268401}
2025-03-22T02:24:03Z|5007|READ|/etc/cron.d/.hack|success|{"suspicious": true, "sequence": 9459}
2025-03-22T02:24:14Z|9203|DELETE|/tmp/.hidden_script|success|{}
2025-03-22T02:24:35Z|1001|READ|/etc/cron.d/.hack|success|{"suspicious": true, "sequence": 9461}
2025-03-22T02:24:46Z|6001|ATTRIBUTE|/home/user/.ssh/id_rsa|success|{}
2025-03-22T02:24:59Z|7004|DELETE|/tmp/test.txt|success|{}
2025-03-22T02:25:11Z|9103|EXECUTE|/var/log/auth.log|success|{}
2025-03-22T02:25:36Z|6005|ATTRIBUTE|/tmp/backdoor.bin|failure|{}
2025-03-22T02:25:40Z|7001|EXECUTE|/dev/shm/.malware|success|{}
2025-03-22T02:26:08Z|9104|DELETE|/tmp/.hidden_script|success|{}
2025-03-22T02:26:24Z|6004|ATTRIBUTE|/tmp/test.txt|success|{}
2025-03-22T02:26:31Z|6003|ATTRIBUTE|/etc/cron.d/.hack|success|{}
2025-03-22T02:27:01Z|1003|DELETE|/tmp/.hidden_script|failure|{}
2025-03-22T02:27:12Z|9200|READ|/tmp/test.txt|success|{}
2025-03-22T02:27:14Z|9204|DELETE|/etc/cron.d/.hack|success|{}
2025-03-22T02:27:24Z|9100|EXECUTE|/home/user/documents/report.doc|success|{}
2025-03-22T02:27:47Z|9004|RENAME|/var/log/auth.log|success|{}
2025-03-22T02:28:14Z|1000|READ|/etc/shadow|success|{}
2025-03-22T02:28:32Z|9202|READ|/etc/hosts|success|{}
2025-03-22T02:28:56Z|5006|RENAME|/home/user/.ssh/id_rsa|success|{}
2025-03-22T02:29:26Z|9004|READ|/tmp/test.txt|success|{}
2025-03-22T02:29:30Z|5004|RENAME|/home/user/.ssh/id_rsa|success|{}
2025-03-22T02:29:44Z|1|DELETE|/tmp/test.txt|success|{}
2025-03-22T02:30:00Z|9003|RENAME|/var/www/.shell.php|success|{}
2025-03-22T02:30:21Z|5014|WRITE|/var/log/auth.log|success|{"size": 747330}
2025-03-22T02:30:44Z|7004|EXECUTE|/tmp/backdoor.bin|failure|{}
2025-03-22T02:31:03Z|9003|DELETE|/etc/cron.d/.hack|success|{}
2025-03-22T02:31:28Z|4006|DELETE|/var/log/auth.log|success|{}
2025-03-22T02:31:35Z|9203|DELETE|/var/log/syslog|success|{}
2025-03-22T02:31:44Z|1|ATTRIBUTE|/tmp/.hidden_script|failure|{}
2025-03-22T02:31:59Z|6000|RENAME|/etc/passwd|success|{}
2025-03-22T02:32:27Z|1015|READ|/tmp/.hidden_script|success|{"suspicious": true, "sequence": 9489}
2025-03-22T02:32:57Z|5005|EXECUTE|/tmp/test.txt|success|{}
2025-03-22T02:33:12Z|7003|READ|/var/log/auth.log|success|{}
2025-03-22T02:33:22Z|4|RENAME|/etc/shadow|failure|{}
2025-03-22T02:33:34Z|1012|DELETE|/dev/shm/.malware|success|{}
2025-03-22T02:34:01Z|9002|EXECUTE|/var/log/auth.log|success|{}
2025-03-22T02:34:18Z|7004|READ|/var/log/auth.log|failure|{}
2025-03-22T02:34:46Z|5011|READ|/etc/shadow|success|{}
2025-03-22T02:35:10Z|5|RENAME|/etc/cron.d/.hack|success|{}
2025-03-22T02:35:15Z|9003|ATTRIBUTE|/etc/cron.d/.hack|failure|{}
2025-03-22T02:35:27Z|5013|READ|/home/user/.ssh/id_rsa|success|{}
2025-03-22T02:35:55Z|6004|WRITE|/tmp/test.txt|failure|{"size": 750176}
2025-03-22T02:36:03Z|1019|DELETE|/tmp/.hidden_script|success|{}
2025-03-22T02:36:31Z|1001|ATTRIBUTE|/tmp/test.txt|success|{}
2025-03-22T02:36:38Z|9003|DELETE|/home/user/documents/report.doc|success|{}
2025-03-22T02:36:50Z|6005|RENAME|/tmp/backdoor.bin|success|{}
2025-03-22T02:37:11Z|5003|READ|/tmp/test.txt|success|{}
2025-03-22T02:37:24Z|9101|DELETE|/tmp/test.txt|success|{}
2025-03-22T02:37:26Z|4004|ATTRIBUTE|/var/log/syslog|success|{}
2025-03-22T02:37:51Z|4|WRITE|/home/user/.ssh/id_rsa|failure|{"size": 31523}
2025-03-22T02:38:13Z|3|DELETE|/home/user/.ssh/id_rsa|success|{}
2025-03-22T02:38:21Z|4019|WRITE|/tmp/backdoor.bin|success|{"suspicious": true, "sequence": 9510}
2025-03-22T02:38:24Z|4018|DELETE|/tmp/test.txt|failure|{}
2025-03-22T02:38:39Z|6002|ATTRIBUTE|/etc/hosts|failure|{}
2025-03-22T02:38:46Z|6001|ATTRIBUTE|/home/user/documents/report.doc|failure|{}
2025-03-22T02:39:14Z|1015|READ|/home/user/.ssh/id_rsa|success|{}
2025-03-22T02:39:40Z|9002|ATTRIBUTE|/var/log/syslog|success|{}
2025-03-22T02:39:41Z|9001|DELETE|/tmp/test.txt|success|{}
2025-03-22T02:40:11Z|1008|WRITE|/tmp/.hidden_script|success|{"suspicious": true, "sequence": 9517}
2025-03-22T02:40:23Z|1|READ|/home/user/.ssh/id_rsa|success|{}
2025-03-22T02:40:26Z|1000|ATTRIBUTE|/tmp/.hidden_script|success|{}
2025-03-22T02:40:56Z|1001|RENAME|/var/log/syslog|failure|{}
2025-03-22T02:41:14Z|1005|DELETE|/var/log/auth.log|success|{}
2025-03-22T02:41:25Z|6005|READ|/var/log/syslog|success|{}
2025-03-22T02:41:39Z|9003|READ|/dev/shm/.malware|success|{"suspicious": true, "sequence": 9523}
2025-03-22T02:41:42Z|5|WRITE|/tmp/.hidden_script|success|{"suspicious": true, "sequence": 9524}
2025-03-22T02:41:47Z|1010|RENAME|/home/user/documents/report.doc|success|{}
2025-03-22T02:41:58Z|6001|ATTRIBUTE|/var/log/syslog|success|{}
2025-03-22T02:42:13Z|1018|DELETE|/home/user/documents/report.doc|success|{}
2025-03-22T02:42:42Z|1005|READ|/var/www/.shell.php|success|{"suspicious": true, "sequence": 9528}
2025-03-22T02:43:04Z|7001|DELETE|/tmp/backdoor.bin|success|{}
2025-03-22T02:43:11Z|9201|RENAME|/etc/passwd|success|{}
2025-03-22T02:43:27Z|1008|ATTRIBUTE|/etc/cron.d/.hack|success|{}
2025-03-22T02:43:39Z|5013|READ|/tmp/test.txt|success|{}
2025-03-22T02:44:08Z|9102|RENAME|/tmp/test.txt|success|{}
2025-03-22T02:44:34Z|5003|ATTRIBUTE|/etc/cron.d/.hack|success|{}
2025-03-22T02:44:56Z|9001|ATTRIBUTE|/home/user/.ssh/id_rsa|success|{}
2025-03-22T02:45:21Z|9204|READ|/tmp/.hidden_script|success|{"suspicious": true, "sequence": 9536}
2025-03-22T02:45:32Z|6008|WRITE|/var/log/auth.log|success|{"size": 257653}
2025-03-22T02:45:44Z|9102|READ|/var/www/.shell.php|success|{"suspicious": true, "sequence": 9538}
2025-03-22T02:46:07Z|1007|READ|/dev/shm/.malware|success|{"suspicious": true, "sequence": 9539}
2025-03-22T02:46:19Z|5|WRITE|/home/user/.ssh/id_rsa|success|{"size": 193802}
2025-03-22T02:46:28Z|9202|ATTRIBUTE|/etc/hosts|success|{}
2025-03-22T02:46:32Z|7004|EXECUTE|/etc/passwd|success|{}
2025-03-22T02:46:54Z|4020|ATTRIBUTE|/tmp/test.txt|success|{}
2025-03-22T02:46:56Z|9202|EXECUTE|/tmp/backdoor.bin|failure|{}
2025-03-22T02:47:12Z|9201|ATTRIBUTE|/etc/passwd|success|{}
2025-03-22T02:47:26Z|9100|DELETE|/home/user/.ssh/id_rsa|success|{}
2025-03-22T02:47:55Z|6006|RENAME|/etc/cron.d/.hack|success|{}
2025-03-22T02:48:08Z|5008|DELETE|/home/user/documents/report.doc|success|{}
2025-03-22T02:48:09Z|6002|WRITE|/dev/shm/.malware|success|{"suspicious": true, "sequence": 9549}
2025-03-22T02:48:31Z|4|READ|/home/user/documents/report.doc|success|{}
2025-03-22T02:48:34Z|6001|READ|/tmp/backdoor.bin|success|{"suspicious": true, "sequence": 9551}
2025-03-22T02:48:43Z|9001|ATTRIBUTE|/dev/shm/.malware|success|{}
2025-03-22T02:49:01Z|6002|RENAME|/etc/passwd|success|{}
2025-03-22T02:49:03Z|9201|ATTRIBUTE|/tmp/backdoor.bin|success|{}
2025-03-22T02:49:07Z|1011|RENAME|/etc/cron.d/.hack|success|{}
2025-03-22T02:49:24Z|5014|READ|/var/log/auth.log|success|{}
2025-03-22T02:49:34Z|9102|ATTRIBUTE|/tmp/.hidden_script|success|{}
2025-03-22T02:50:00Z|3|WRITE|/dev/shm/.malware|success|{"suspicious": true, "sequence": 9558}
2025-03-22T02:50:11Z|4016|RENAME|/tmp/.hidden_script|success|{}
2025-03-22T02:50:24Z|6002|ATTRIBUTE|/var/www/.shell.php|success|{}
2025-03-22T02:50:26Z|9000|EXECUTE|/etc/hosts|success|{}
2025-03-22T02:50:55Z|9101|EXECUTE|/var/log/auth.log|success|{}
2025-03-22T02:51:21Z|6008|RENAME|/etc/cron.d/.hack|success|{}
2025-03-22T02:51:41Z|6002|READ|/etc/passwd|success|{}
2025-03-22T02:51:44Z|7001|RENAME|/tmp/backdoor.bin|failure|{}
2025-03-22T02:51:46Z|1010|EXECUTE|/var/www/.shell.php|success|{}
2025-03-22T02:52:06Z|5|WRITE|/home/user/.ssh/id_rsa|success|{"size": 545896}
2025-03-22T02:52:12Z|9103|ATTRIBUTE|/var/log/auth.log|success|{}
2025-03-22T02:52:27Z|1019|WRITE|/tmp/.hidden_script|success|{"suspicious": true, "sequence": 9569}
2025-03-22T02:52:28Z|9102|READ|/home/user/.ssh/id_rsa|success|{}
2025-03-22T02:52:40Z|9101|RENAME|/tmp/backdoor.bin|success|{}
2025-03-22T02:53:09Z|1007|RENAME|/tmp/backdoor.bin|success|{}
2025-03-22T02:53:15Z|9103|RENAME|/var/www/.shell.php|failure|{}
2025-03-22T02:53:19Z|2|RENAME|/tmp/backdoor.bin|success|{}
2025-03-22T02:53:38Z|1006|READ|/var/log/syslog|success|{}
2025-03-22T02:53:45Z|9201|DELETE|/var/log/auth.log|success|{}
2025-03-22T02:53:54Z|1005|DELETE|/var/www/.shell.php|failure|{}
2025-03-22T02:54:10Z|5|WRITE|/tmp/backdoor.bin|success|{"suspicious": true, "sequence": 9578}
2025-03-22T02:54:24Z|9001|RENAME|/home/user/documents/report.doc|success|{}
2025-03-22T02:54:29Z|7000|WRITE|/tmp/backdoor.bin|success|{"suspicious": true, "sequence": 9580}
2025-03-22T02:54:43Z|5001|WRITE|/dev/shm/.malware|success|{"suspicious": true, "sequence": 9581}
2025-03-22T02:54:49Z|9102|RENAME|/tmp/.hidden_script|success|{}
2025-03-22T02:54:57Z|1009|DELETE|/etc/passwd|success|{}
2025-03-22T02:55:24Z|9202|READ|/etc/passwd|success|{}
2025-03-22T02:55:34Z|1002|ATTRIBUTE|/var/log/auth.log|failure|{}
2025-03-22T02:56:02Z|7004|ATTRIBUTE|/dev/shm/.malware|success|{}
2025-03-22T02:56:17Z|1010|EXECUTE|/dev/shm/.malware|success|{}
2025-03-22T02:56:24Z|9103|WRITE|/etc/passwd|success|{"size": 654732}
2025-03-22T02:56:45Z|5011|READ|/tmp/test.txt|success|{}
2025-03-22T02:56:50Z|4012|ATTRIBUTE|/tmp/backdoor.bin|success|{}
2025-03-22T02:57:04Z|1004|DELETE|/tmp/test.txt|success|{}
2025-03-22T02:57:19Z|7000|READ|/etc/shadow|success|{}
2025-03-22T02:57:29Z|9104|ATTRIBUTE|/home/user/.ssh/id_rsa|success|{}
2025-03-22T02:57:57Z|6007|DELETE|/var/log/syslog|success|{}
2025-03-22T02:58:25Z|9201|WRITE|/tmp/.hidden_script|success|{"suspicious": true, "sequence": 9595}
2025-03-22T02:58:39Z|1003|RENAME|/etc/shadow|success|{}
2025-03-22T02:59:01Z|4|EXECUTE|/var/www/.shell.php|success|{}
2025-03-22T02:59:04Z|2|READ|/etc/passwd|success|{}
2025-03-22T02:59:14Z|5000|EXECUTE|/etc/shadow|success|{}
2025-03-22T02:59:17Z|9201|EXECUTE|/var/www/.shell.php|success|{}
2025-03-22T02:59:31Z|9000|RENAME|/etc/passwd|success|{}
2025-03-22T02:59:43Z|9202|ATTRIBUTE|/tmp/.hidden_script|success|{}
2025-03-22T02:59:49Z|9102|DELETE|/etc/shadow|success|{}
2025-03-22T03:00:13Z|4003|DELETE|/var/log/auth.log|success|{}
2025-03-22T03:00:15Z|6006|WRITE|/etc/shadow|success|{"size": 40878}
2025-03-22T03:00:32Z|4006|READ|/var/www/.shell.php|success|{"suspicious": true, "sequence": 9606}
2025-03-22T03:00:56Z|7001|READ|/home/user/documents/report.doc|failure|{}
2025-03-22T03:01:24Z|4020|ATTRIBUTE|/etc/cron.d/.hack|success|{}
2025-03-22T03:01:32Z|9202|EXECUTE|/var/www/.shell.php|failure|{}
2025-03-22T03:01:35Z|9004|EXECUTE|/tmp/test.txt|success|{}
2025-03-22T03:01:40Z|5008|READ|/tmp/test.txt|success|{}
2025-03-22T03:01:48Z|6000|READ|/home/user/.ssh/id_rsa|success|{}
2025-03-22T03:01:54Z|7003|ATTRIBUTE|/tmp/test.txt|success|{}
2025-03-22T03:02:06Z|6000|RENAME|/etc/passwd|success|{}
2025-03-22T03:02:27Z|4011|READ|/tmp/.hidden_script|success|{"suspicious": true, "sequence": 9615}
2025-03-22T03:02:35Z|2|READ|/etc/passwd|success|{}
2025-03-22T03:02:39Z|7003|READ|/dev/shm/.malware|success|{"suspicious": true, "sequence": 9617}
2025-03-22T03:02:55Z|3|ATTRIBUTE|/home/user/documents/report.doc|success|{}
2025-03-22T03:03:10Z|9100|READ|/etc/cron.d/.hack|success|{"suspicious": true, "sequence": 9619}
2025-03-22T03:03:14Z|7001|RENAME|/tmp/backdoor.bin|success|{}
2025-03-22T03:03:30Z|9103|WRITE|/etc/shadow|success|{"size": 916252}
2025-03-22T03:03:36Z|9002|EXECUTE|/tmp/.hidden_script|success|{}
2025-03-22T03:03:40Z|9003|ATTRIBUTE|/home/user/.ssh/id_rsa|success|{}
2025-03-22T03:03:53Z|6000|RENAME|/home/user/documents/report.doc|success|{}
2025-03-22T03:04:18Z|9200|RENAME|/tmp/backdoor.bin|success|{}
2025-03-22T03:04:48Z|9204|WRITE|/etc/cron.d/.hack|success|{"suspicious": true, "sequence": 9626}
2025-03-22T03:04:59Z|7000|WRITE|/var/log/auth.log|success|{"size": 75350}
2025-03-22T03:05:04Z|6009|ATTRIBUTE|/tmp/.hidden_script|success|{}
2025-03-22T03:05:28Z|6007|EXECUTE|/etc/shadow|success|{}
2025-03-22T03:05:42Z|9101|DELETE|/home/user/documents/report.doc|failure|{}
2025-03-22T03:06:10Z|5000|READ|/var/log/syslog|success|{}
2025-03-22T03:06:25Z|5006|DELETE|/home/user/.ssh/id_rsa|success|{}
2025-03-22T03:06:47Z|9003|ATTRIBUTE|/etc/cron.d/.hack|success|{}
2025-03-22T03:07:15Z|9202|WRITE|/etc/cron.d/.hack|success|{"suspicious": true, "sequence": 9634}
2025-03-22T03:07:45Z|5006|ATTRIBUTE|/etc/cron.d/.hack|success|{}
2025-03-22T03:07:53Z|5001|RENAME|/etc/shadow|success|{}
2025-03-22T03:07:55Z|4|RENAME|/tmp/test.txt|success|{}
2025-03-22T03:08:21Z|4020|DELETE|/var/log/syslog|success|{}
2025-03-22T03:08:36Z|2|WRITE|/home/user/.ssh/id_rsa|success|{"size": 553284}
2025-03-22T03:09:03Z|7002|EXECUTE|/tmp/.hidden_script|success|{}
2025-03-22T03:09:04Z|1|READ|/etc/cron.d/.hack|success|{"suspicious": true, "sequence": 9641}
2025-03-22T03:09:31Z|6003|DELETE|/etc/hosts|failure|{}
2025-03-22T03:09:47Z|5008|ATTRIBUTE|/etc/passwd|success|{}
2025-03-22T03:09:55Z|7002|READ|/etc/shadow|failure|{}
2025-03-22T03:10:17Z|7002|EXECUTE|/etc/passwd|success|{}
2025-03-22T03:10:42Z|5009|EXECUTE|/etc/shadow|success|{}
2025-03-22T03:10:57Z|9204|READ|/var/log/auth.log|success|{}
2025-03-22T03:11:11Z|9202|ATTRIBUTE|/home/user/documents/report.doc|success|{}
2025-03-22T03:11:40Z|9104|EXECUTE|/var/log/auth.log|success|{}
2025-03-22T03:11:51Z|9000|EXECUTE|/tmp/test.txt|success|{}
2025-03-22T03:11:52Z|5002|WRITE|/tmp/.hidden_script|success|{"suspicious": true, "sequence": 9651}
2025-03-22T03:12:12Z|9001|RENAME|/var/log/auth.log|success|{}
2025-03-22T03:12:17Z|7004|EXECUTE|/home/user/documents/report.doc|success|{}
2025-03-22T03:12:20Z|9103|ATTRIBUTE|/etc/passwd|success|{}
2025-03-22T03:12:48Z|9204|RENAME|/tmp/backdoor.bin|success|{}
2025-03-22T03:13:16Z|5014|EXECUTE|/home/user/.ssh/id_rsa|success|{}
2025-03-22T03:13:19Z|9002|EXECUTE|/var/log/auth.log|success|{}
2025-03-22T03:13:31Z|1|ATTRIBUTE|/home/user/documents/report.doc|success|{}
2025-03-22T03:14:00Z|9202|DELETE|/var/www/.shell.php|success|{}
2025-03-22T03:14:01Z|9101|DELETE|/etc/hosts|success|{}
2025-03-22T03:14:13Z|9104|ATTRIBUTE|/home/user/.ssh/id_rsa|success|{}
2025-03-22T03:14:19Z|4010|RENAME|/var/log/auth.log|failure|{}
2025-03-22T03:14:23Z|9202|ATTRIBUTE|/etc/cron.d/.hack|success|{}
2025-03-22T03:14:51Z|1015|WRITE|/home/user/.ssh/id_rsa|success|{"size": 23813}
2025-03-22T03:15:06Z|3|RENAME|/tmp/.hidden_script|success|{}
2025-03-22T03:15:30Z|7003|RENAME|/tmp/backdoor.bin|failure|{}
2025-03-22T03:15:52Z|3|ATTRIBUTE|/dev/shm/.malware|success|{}
2025-03-22T03:15:58Z|4013|ATTRIBUTE|/etc/passwd|success|{}
2025-03-22T03:16:18Z|3|RENAME|/var/log/syslog|success|{}
2025-03-22T03:16:22Z|5000|DELETE|/home/user/.ssh/id_rsa|success|{}
2025-03-22T03:16:31Z|1018|WRITE|/etc/hosts|success|{"size": 872293}
2025-03-22T03:16:35Z|6002|EXECUTE|/etc/shadow|failure|{}
2025-03-22T03:16:52Z|9104|WRITE|/etc/cron.d/.hack|success|{"suspicious": true, "sequence": 9673}
2025-03-22T03:17:12Z|6004|WRITE|/tmp/test.txt|success|{"size": 864572}
2025-03-22T03:17:28Z|7001|ATTRIBUTE|/tmp/.hidden_script|success|{}
2025-03-22T03:17:44Z|9103|DELETE|/home/user/.ssh/id_rsa|success|{}
2025-03-22T03:17:53Z|1012|DELETE|/var/log/syslog|success|{}
2025-03-22T03:18:16Z|5|DELETE|/etc/passwd|success|{}
2025-03-22T03:18:40Z|6007|EXECUTE|/etc/passwd|success|{}
2025-03-22T03:18:57Z|7002|RENAME|/home/user/documents/report.doc|success|{}
2025-03-22T03:19:27Z|1014|READ|/etc/passwd|success|{}
2025-03-22T03:19:56Z|5003|EXECUTE|/var/log/auth.log|success|{}
2025-03-22T03:19:57Z|9102|RENAME|/etc/cron.d/.hack|failure|{}
2025-03-22T03:20:01Z|4027|ATTRIBUTE|/dev/shm/.malware|success|{}
2025-03-22T03:20:22Z|5014|DELETE|/tmp/backdoor.bin|success|{}
2025-03-22T03:20:48Z|3|ATTRIBUTE|/var/log/syslog|success|{}
2025-03-22T03:20:55Z|9002|READ|/tmp/.hidden_script|success|{"suspicious": true, "sequence": 9687}
2025-03-22T03:21:09Z|9204|WRITE|/tmp/test.txt|success|{"size": 194676}
2025-03-22T03:21:20Z|7003|READ|/etc/passwd|success|{}
2025-03-22T03:21:29Z|9102|WRITE|/var/log/auth.log|success|{"size": 263474}
2025-03-22T03:21:56Z|9200|RENAME|/dev/shm/.malware|success|{}
2025-03-22T03:22:22Z|6003|READ|/etc/passwd|success|{}
2025-03-22T03:22:36Z|1001|WRITE|/etc/hosts|success|{"size": 179814}
2025-03-22T03:22:38Z|9002|RENAME|/dev/shm/.malware|success|{}
2025-03-22T03:22:39Z|9202|EXECUTE|/var/log/syslog|success|{}
2025-03-22T03:22:53Z|4|DELETE|/etc/shadow|success|{}
2025-03-22T03:23:16Z|4013|EXECUTE|/home/user/documents/report.doc|success|{}
2025-03-22T03:23:28Z|5013|EXECUTE|/var/log/auth.log|failure|{}
2025-03-22T03:23:35Z|5|READ|/tmp/backdoor.bin|success|{"suspicious": true, "sequence": 9699}
2025-03-22T03:23:54Z|9200|EXECUTE|/home/user/.ssh/id_rsa|success|{}
2025-03-22T03:24:00Z|1014|ATTRIBUTE|/home/user/documents/report.doc|success|{}
2025-03-22T03:24:29Z|5009|WRITE|/dev/shm/.malware|success|{"suspicious": true, "sequence": 9702}
2025-03-22T03:24:55Z|4018|WRITE|/var/www/.shell.php|failure|{"suspicious": true, "sequence": 9703}
2025-03-22T03:25:18Z|4007|ATTRIBUTE|/tmp/.hidden_script|success|{}
2025-03-22T03:25:31Z|9101|WRITE|/tmp/test.txt|success|{"size": 658071}
2025-03-22T03:25:47Z|5010|ATTRIBUTE|/home/user/documents/report.doc|success|{}
2025-03-22T03:26:01Z|7003|DELETE|/var/log/syslog|success|{}
2025-03-22T03:26:12Z|7000|ATTRIBUTE|/dev/shm/.malware|success|{}
2025-03-22T03:26:21Z|5001|DELETE|/home/user/.ssh/id_rsa|success|{}
2025-03-22T03:26:32Z|5004|ATTRIBUTE|/etc/hosts|success|{}
2025-03-22T03:27:00Z|1|DELETE|/tmp/test.txt|success|{}
2025-03-22T03:27:05Z|7003|EXECUTE|/home/user/.ssh/id_rsa|success|{}
2025-03-22T03:27:33Z|6009|DELETE|/var/log/auth.log|success|{}
2025-03-22T03:28:00Z|5004|WRITE|/etc/passwd|success|{"size": 478551}
2025-03-22T03:28:04Z|9100|WRITE|/etc/cron.d/.hack|failure|{"suspicious": true, "sequence": 9715}
2025-03-22T03:28:16Z|7000|READ|/home/user/documents/report.doc|success|{}
2025-03-22T03:28:41Z|5003|READ|/home/user/.ssh/id_rsa|success|{}
2025-03-22T03:28:48Z|5013|WRITE|/etc/shadow|success|{"size": 332347}
2025-03-22T03:29:03Z|9204|WRITE|/var/www/.shell.php|success|{"suspicious": true, "sequence": 9719}
2025-03-22T03:29:23Z|9202|RENAME|/var/log/syslog|success|{}
2025-03-22T03:29:34Z|9104|EXECUTE|/tmp/backdoor.bin|success|{}
2025-03-22T03:29:42Z|9001|EXECUTE|/tmp/backdoor.bin|success|{}
2025-03-22T03:30:09Z|9203|READ|/dev/shm/.malware|success|{"suspicious": true, "sequence": 9723}
2025-03-22T03:30:28Z|9100|READ|/etc/cron.d/.hack|failure|{"suspicious": true, "sequence": 9724}
2025-03-22T03:30:40Z|9002|DELETE|/home/user/.ssh/id_rsa|success|{}
2025-03-22T03:30:45Z|5008|DELETE|/var/log/auth.log|success|{}
2025-03-22T03:31:03Z|9201|EXECUTE|/home/user/.ssh/id_rsa|failure|{}
2025-03-22T03:31:06Z|4023|WRITE|/home/user/documents/report.doc|success|{"size": 328063}
2025-03-22T03:31:14Z|1004|EXECUTE|/etc/cron.d/.hack|success|{}
2025-03-22T03:31:20Z|9000|RENAME|/etc/passwd|success|{}
2025-03-22T03:31:33Z|9104|EXECUTE|/var/log/auth.log|success|{}
2025-03-22T03:31:38Z|7002|ATTRIBUTE|/etc/cron.d/.hack|success|{}
2025-03-22T03:31:52Z|4|WRITE|/tmp/.hidden_script|success|{"suspicious": true, "sequence": 9733}
2025-03-22T03:32:17Z|7003|ATTRIBUTE|/etc/passwd|success|{}
2025-03-22T03:32:47Z|4027|DELETE|/tmp/.hidden_script|success|{}
2025-03-22T03:32:55Z|5003|WRITE|/var/log/auth.log|success|{"size": 517737}
2025-03-22T03:33:05Z|5003|READ|/dev/shm/.malware|success|{"suspicious": true, "sequence": 9737}
2025-03-22T03:33:33Z|7004|READ|/dev/shm/.malware|success|{"suspicious": true, "sequence": 9738}
2025-03-22T03:34:02Z|1018|RENAME|/tmp/test.txt|success|{}
2025-03-22T03:34:07Z|9000|RENAME|/tmp/test.txt|success|{}
2025-03-22T03:34:13Z|9001|ATTRIBUTE|/etc/cron.d/.hack|success|{}
2025-03-22T03:34:32Z|9003|ATTRIBUTE|/etc/passwd|success|{}
2025-03-22T03:34:42Z|1|DELETE|/tmp/test.txt|success|{}
2025-03-22T03:34:51Z|6008|DELETE|/tmp/backdoor.bin|success|{}
2025-03-22T03:35:05Z|7000|EXECUTE|/tmp/backdoor.bin|failure|{}
2025-03-22T03:35:28Z|5005|DELETE|/etc/shadow|success|{}
2025-03-22T03:35:44Z|5|ATTRIBUTE|/etc/passwd|success|{}
2025-03-22T03:36:00Z|4016|RENAME|/dev/shm/.malware|success|{}
2025-03-22T03:36:23Z|6006|DELETE|/etc/shadow|success|{}
2025-03-22T03:36:30Z|9200|READ|/etc/shadow|success|{}
2025-03-22T03:36:51Z|9000|WRITE|/var/log/syslog|success|{"size": 337870}
2025-03-22T03:36:57Z|6007|ATTRIBUTE|/etc/shadow|success|{}
2025-03-22T03:37:16Z|9003|EXECUTE|/etc/hosts|success|{}
2025-03-22T03:37:36Z|9001|RENAME|/var/www/.shell.php|success|{}
2025-03-22T03:38:03Z|2|READ|/var/log/auth.log|success|{}
2025-03-22T03:38:23Z|1009|ATTRIBUTE|/etc/shadow|success|{}
2025-03-22T03:38:50Z|5010|DELETE|/var/www/.shell.php|failure|{}
2025-03-22T03:38:52Z|9203|DELETE|/tmp/test.txt|success|{}
2025-03-22T03:39:13Z|9001|ATTRIBUTE|/etc/shadow|success|{}
2025-03-22T03:39:21Z|1012|EXECUTE|/tmp/.hidden_script|success|{}
2025-03-22T03:39:50Z|1019|WRITE|/etc/shadow|success|{"size": 984836}
2025-03-22T03:40:12Z|9200|RENAME|/home/user/.ssh/id_rsa|success|{}
2025-03-22T03:40:31Z|4012|DELETE|/home/user/documents/report.doc|success|{}
2025-03-22T03:40:44Z|9203|READ|/dev/shm/.malware|success|{"suspicious": true, "sequence": 9764}
2025-03-22T03:41:12Z|3|RENAME|/tmp/backdoor.bin|success|{}
2025-03-22T03:41:28Z|6007|EXECUTE|/var/log/syslog|success|{}
2025-03-22T03:41:39Z|5012|EXECUTE|/etc/hosts|success|{}
2025-03-22T03:41:48Z|7000|RENAME|/var/www/.shell.php|success|{}
2025-03-22T03:42:12Z|9100|RENAME|/tmp/.hidden_script|success|{}
2025-03-22T03:42:21Z|9203|RENAME|/dev/shm/.malware|success|{}
2025-03-22T03:42:24Z|2|DELETE|/etc/cron.d/.hack|success|{}
2025-03-22T03:42:36Z|3|EXECUTE|/home/user/.ssh/id_rsa|success|{}
2025-03-22T03:42:40Z|9101|WRITE|/var/log/syslog|success|{"size": 934390}
2025-03-22T03:42:45Z|7003|DELETE|/var/log/syslog|success|{}
2025-03-22T03:43:14Z|4025|ATTRIBUTE|/etc/cron.d/.hack|success|{}
2025-03-22T03:43:18Z|9200|EXECUTE|/etc/hosts|failure|{}
2025-03-22T03:43:40Z|4019|READ|/home/user/documents/report.doc|failure|{}
2025-03-22T03:44:01Z|4014|WRITE|/etc/cron.d/.hack|success|{"suspicious": true, "sequence": 9778}
2025-03-22T03:44:03Z|9203|ATTRIBUTE|/tmp/backdoor.bin|failure|{}
2025-03-22T03:44:23Z|5001|EXECUTE|/home/user/.ssh/id_rsa|success|{}
2025-03-22T03:44:32Z|4029|EXECUTE|/tmp/backdoor.bin|success|{}
2025-03-22T03:44:45Z|9200|ATTRIBUTE|/etc/cron.d/.hack|success|{}
2025-03-22T03:44:52Z|7003|READ|/etc/passwd|success|{}
2025-03-22T03:45:20Z|1008|EXECUTE|/etc/passwd|success|{}
2025-03-22T03:45:30Z|5006|RENAME|/tmp/backdoor.bin|failure|{}
2025-03-22T03:45:54Z|9102|RENAME|/dev/shm/.malware|success|{}
2025-03-22T03:46:06Z|9202|DELETE|/etc/passwd|success|{}
2025-03-22T03:46:30Z|9001|DELETE|/tmp/test.txt|success|{}
2025-03-22T03:46:46Z|9001|READ|/var/www/.shell.php|success|{"suspicious": true, "sequence": 9789}
2025-03-22T03:46:57Z|9101|WRITE|/etc/passwd|success|{"size": 553299}
2025-03-22T03:47:07Z|9204|READ|/var/www/.shell.php|failure|{"suspicious": true, "sequence": 9791}
2025-03-22T03:47:15Z|1005|READ|/home/user/documents/report.doc|success|{}
2025-03-22T03:47:32Z|9202|WRITE|/tmp/test.txt|success|{"size": 621705}
2025-03-22T03:47:52Z|5001|READ|/tmp/.hidden_script|success|{"suspicious": true, "sequence": 9794}
2025-03-22T03:48:02Z|9202|EXECUTE|/etc/shadow|success|{}
2025-03-22T03:48:22Z|5|WRITE|/home/user/.ssh/id_rsa|success|{"size": 810659}
2025-03-22T03:48:30Z|6007|ATTRIBUTE|/etc/hosts|success|{}
2025-03-22T03:48:38Z|1013|ATTRIBUTE|/etc/cron.d/.hack|success|{}
2025-03-22T03:49:00Z|4023|WRITE|/tmp/backdoor.bin|success|{"suspicious": true, "sequence": 9799}
2025-03-22T03:49:06Z|4001|DELETE|/var/www/.shell.php|success|{}
2025-03-22T03:49:17Z|6004|RENAME|/etc/hosts|success|{}
2025-03-22T03:49:33Z|9103|EXECUTE|/tmp/backdoor.bin|success|{}
2025-03-22T03:49:40Z|6001|DELETE|/tmp/test.txt|success|{}
2025-03-22T03:49:43Z|6005|ATTRIBUTE|/home/user/documents/report.doc|success|{}
2025-03-22T03:49:46Z|6005|ATTRIBUTE|/etc/cron.d/.hack|success|{}
2025-03-22T03:49:50Z|7004|WRITE|/tmp/test.txt|success|{"size": 132216}
2025-03-22T03:50:19Z|4024|ATTRIBUTE|/home/user/documents/report.doc|success|{}
2025-03-22T03:50:39Z|7002|RENAME|/etc/cron.d/.hack|success|{}
2025-03-22T03:51:01Z|1007|EXECUTE|/tmp/.hidden_script|success|{}
2025-03-22T03:51:31Z|7003|WRITE|/home/user/.ssh/id_rsa|success|{"size": 406477}
2025-03-22T03:51:53Z|1|READ|/etc/cron.d/.hack|success|{"suspicious": true, "sequence": 9811}
2025-03-22T03:52:21Z|5003|READ|/etc/shadow|success|{}
2025-03-22T03:52:28Z|9000|RENAME|/var/log/syslog|success|{}
2025-03-22T03:52:29Z|9000|ATTRIBUTE|/etc/shadow|success|{}
2025-03-22T03:52:30Z|9202|ATTRIBUTE|/home/user/.ssh/id_rsa|success|{}
2025-03-22T03:52:37Z|1018|READ|/var/log/auth.log|success|{}
2025-03-22T03:53:06Z|5005|WRITE|/tmp/backdoor.bin|success|{"suspicious": true, "sequence": 9817}
2025-03-22T03:53:26Z|6003|EXECUTE|/tmp/.hidden_script|success|{}
2025-03-22T03:53:47Z|4007|ATTRIBUTE|/etc/hosts|success|{}
2025-03-22T03:54:08Z|9101|RENAME|/home/user/documents/report.doc|success|{}
2025-03-22T03:54:09Z|9101|EXECUTE|/dev/shm/.malware|success|{}
2025-03-22T03:54:27Z|5008|READ|/tmp/.hidden_script|success|{"suspicious": true, "sequence": 9822}
2025-03-22T03:54:57Z|6005|EXECUTE|/etc/cron.d/.hack|success|{}
2025-03-22T03:55:06Z|4012|ATTRIBUTE|/dev/shm/.malware|failure|{}
2025-03-22T03:55:26Z|4010|WRITE|/etc/hosts|success|{"size": 1043780}
2025-03-22T03:55:27Z|9100|EXECUTE|/etc/hosts|success|{}
2025-03-22T03:55:32Z|4016|EXECUTE|/home/user/documents/report.doc|success|{}
2025-03-22T03:55:41Z|4024|RENAME|/tmp/.hidden_script|failure|{}
2025-03-22T03:55:59Z|5011|READ|/home/user/.ssh/id_rsa|success|{}
2025-03-22T03:56:23Z|2|READ|/var/log/syslog|success|{}
2025-03-22T03:56:52Z|7003|DELETE|/dev/shm/.malware|success|{}
2025-03-22T03:56:53Z|5000|EXECUTE|/tmp/.hidden_script|success|{}
2025-03-22T03:57:13Z|6008|EXECUTE|/var/log/syslog|success|{}
2025-03-22T03:57:31Z|1001|DELETE|/etc/shadow|success|{}
2025-03-22T03:57:53Z|9102|WRITE|/etc/cron.d/.hack|success|{"suspicious": true, "sequence": 9835}
2025-03-22T03:57:54Z|9203|EXECUTE|/var/log/auth.log|success|{}
2025-03-22T03:58:24Z|5011|ATTRIBUTE|/tmp/.hidden_script|success|{}
2025-03-22T03:58:30Z|6000|WRITE|/etc/shadow|success|{"size": 622970}
2025-03-22T03:58:53Z|9201|READ|/etc/shadow|success|{}
2025-03-22T03:59:06Z|9201|WRITE|/etc/passwd|success|{"size": 21780}
2025-03-22T03:59:10Z|9103|WRITE|/tmp/.hidden_script|failure|{"suspicious": true, "sequence": 9841}
2025-03-22T03:59:14Z|9201|DELETE|/tmp/test.txt|success|{}
2025-03-22T03:59:33Z|5|WRITE|/etc/cron.d/.hack|success|{"suspicious": true, "sequence": 9843}
2025-03-22T03:59:37Z|9102|RENAME|/etc/cron.d/.hack|success|{}
2025-03-22T03:59:54Z|7002|READ|/etc/hosts|success|{}
2025-03-22T04:00:21Z|1013|EXECUTE|/tmp/.hidden_script|success|{}
2025-03-22T04:00:26Z|9003|READ|/tmp/test.txt|success|{}
2025-03-22T04:00:46Z|9202|READ|/var/log/syslog|success|{}
2025-03-22T04:01:09Z|1019|READ|/home/user/documents/report.doc|success|{}
2025-03-22T04:01:28Z|9000|ATTRIBUTE|/etc/passwd|success|{}
2025-03-22T04:01:57Z|9203|READ|/var/www/.shell.php|failure|{"suspicious": true, "sequence": 9851}
2025-03-22T04:02:00Z|7001|READ|/var/www/.shell.php|success|{"suspicious": true, "sequence": 9852}
2025-03-22T04:02:29Z|5005|RENAME|/var/log/auth.log|failure|{}
2025-03-22T04:02:31Z|9000|DELETE|/etc/shadow|success|{}
2025-03-22T04:02:47Z|4013|RENAME|/etc/hosts|success|{}
2025-03-22T04:03:07Z|4027|WRITE|/etc/hosts|success|{"size": 654995}
2025-03-22T04:03:20Z|5013|WRITE|/etc/cron.d/.hack|success|{"suspicious": true, "sequence": 9857}
2025-03-22T04:03:48Z|6006|WRITE|/var/log/auth.log|success|{"size": 71755}
2025-03-22T04:03:50Z|9204|RENAME|/home/user/.ssh/id_rsa|success|{}
2025-03-22T04:03:55Z|9200|RENAME|/etc/shadow|success|{}
2025-03-22T04:04:17Z|7000|RENAME|/var/log/auth.log|success|{}
2025-03-22T04:04:34Z|9101|DELETE|/tmp/backdoor.bin|success|{}
2025-03-22T04:04:59Z|9201|DELETE|/etc/cron.d/.hack|success|{}
2025-03-22T04:05:06Z|5|WRITE|/tmp/backdoor.bin|success|{"suspicious": true, "sequence": 9864}
2025-03-22T04:05:10Z|9203|EXECUTE|/tmp/.hidden_script|success|{}
2025-03-22T04:05:14Z|1004|EXECUTE|/var/www/.shell.php|success|{}
2025-03-22T04:05:20Z|4020|READ|/etc/passwd|success|{}
2025-03-22T04:05:37Z|9103|WRITE|/var/log/auth.log|success|{"size": 406025}
2025-03-22T04:06:05Z|9101|READ|/etc/cron.d/.hack|success|{"suspicious": true, "sequence": 9869}
2025-03-22T04:06:12Z|7000|DELETE|/etc/passwd|success|{}
2025-03-22T04:06:38Z|4014|ATTRIBUTE|/tmp/.hidden_script|failure|{}
2025-03-22T04:07:00Z|3|WRITE|/etc/shadow|failure|{"size": 156085}
2025-03-22T04:07:11Z|1003|EXECUTE|/etc/hosts|success|{}
2025-03-22T04:07:21Z|9202|RENAME|/home/user/.ssh/id_rsa|success|{}
2025-03-22T04:07:42Z|9102|READ|/tmp/test.txt|success|{}
2025-03-22T04:07:44Z|9100|READ|/etc/shadow|success|{}
2025-03-22T04:08:01Z|7002|READ|/etc/passwd|success|{}
2025-03-22T04:08:27Z|1011|DELETE|/dev/shm/.malware|success|{}
2025-03-22T04:08:32Z|1009|DELETE|/tmp/backdoor.bin|success|{}
2025-03-22T04:08:34Z|9101|EXECUTE|/var/log/syslog|success|{}
2025-03-22T04:08:54Z|7000|ATTRIBUTE|/etc/hosts|success|{}
2025-03-22T04:09:12Z|9104|READ|/etc/cron.d/.hack|success|{"suspicious": true, "sequence": 9882}
2025-03-22T04:09:40Z|4007|DELETE|/var/log/auth.log|success|{}
2025-03-22T04:09:45Z|9104|RENAME|/etc/passwd|success|{}
2025-03-22T04:09:50Z|4014|ATTRIBUTE|/etc/passwd|success|{}
2025-03-22T04:10:00Z|7002|DELETE|/tmp/backdoor.bin|success|{}
2025-03-22T04:10:04Z|5004|ATTRIBUTE|/home/user/.ssh/id_rsa|success|{}
2025-03-22T04:10:30Z|7002|DELETE|/home/user/.ssh/id_rsa|failure|{}
2025-03-22T04:10:40Z|9102|EXECUTE|/dev/shm/.malware|success|{}
2025-03-22T04:11:00Z|9100|RENAME|/var/log/syslog|success|{}
2025-03-22T04:11:16Z|9001|EXECUTE|/var/log/syslog|success|{}
2025-03-22T04:11:42Z|6003|READ|/tmp/backdoor.bin|success|{"suspicious": true, "sequence": 9892}
2025-03-22T04:11:59Z|6007|DELETE|/etc/passwd|success|{}
2025-03-22T04:12:03Z|4|ATTRIBUTE|/home/user/.ssh/id_rsa|success|{}
2025-03-22T04:12:08Z|5014|EXECUTE|/tmp/.hidden_script|success|{}
2025-03-22T04:12:14Z|4026|RENAME|/tmp/test.txt|success|{}
2025-03-22T04:12:43Z|5|READ|/home/user/.ssh/id_rsa|success|{}
2025-03-22T04:13:08Z|9204|RENAME|/var/log/auth.log|success|{}
2025-03-22T04:13:09Z|1009|WRITE|/dev/shm/.malware|success|{"suspicious": true, "sequence": 9899}
2025-03-22T04:13:13Z|5012|ATTRIBUTE|/var/log/syslog|success|{}
2025-03-22T04:13:14Z|6004|ATTRIBUTE|/tmp/.hidden_script|success|{}
2025-03-22T04:13:40Z|9001|EXECUTE|/etc/hosts|success|{}
2025-03-22T04:14:05Z|4017|DELETE|/etc/passwd|success|{}
2025-03-22T04:14:35Z|9200|WRITE|/var/www/.shell.php|success|{"suspicious": true, "sequence": 9904}
2025-03-22T04:14:54Z|6007|RENAME|/var/log/syslog|success|{}
2025-03-22T04:14:55Z|5003|READ|/tmp/.hidden_script|success|{"suspicious": true, "sequence": 9906}
2025-03-22T04:15:08Z|6003|ATTRIBUTE|/home/user/documents/report.doc|success|{}
2025-03-22T04:15:32Z|3|EXECUTE|/etc/passwd|success|{}
2025-03-22T04:15:34Z|9101|EXECUTE|/etc/shadow|success|{}
2025-03-22T04:15:56Z|5007|RENAME|/home/user/documents/report.doc|success|{}
2025-03-22T04:16:16Z|1008|RENAME|/home/user/.ssh/id_rsa|success|{}
2025-03-22T04:16:28Z|9100|READ|/dev/shm/.malware|success|{"suspicious": true, "sequence": 9912}
2025-03-22T04:16:47Z|7003|EXECUTE|/etc/shadow|success|{}
2025-03-22T04:17:03Z|7000|DELETE|/var/log/auth.log|success|{}
2025-03-22T04:17:32Z|7000|RENAME|/etc/passwd|success|{}
2025-03-22T04:17:52Z|1|ATTRIBUTE|/tmp/.hidden_script|success|{}
2025-03-22T04:18:04Z|9004|WRITE|/etc/cron.d/.hack|success|{"suspicious": true, "sequence": 9917}
2025-03-22T04:18:16Z|9100|EXECUTE|/var/log/syslog|success|{}
2025-03-22T04:18:27Z|4|WRITE|/var/log/auth.log|success|{"size": 230432}
2025-03-22T04:18:35Z|1009|READ|/etc/hosts|success|{}
2025-03-22T04:19:03Z|4014|WRITE|/home/user/documents/report.doc|success|{"size": 8431}
2025-03-22T04:19:10Z|9204|ATTRIBUTE|/home/user/documents/report.doc|success|{}
2025-03-22T04:19:17Z|9202|RENAME|/home/user/documents/report.doc|success|{}
2025-03-22T04:19:42Z|9000|RENAME|/tmp/.hidden_script|success|{}
2025-03-22T04:19:51Z|1006|WRITE|/etc/shadow|success|{"size": 975117}
2025-03-22T04:20:07Z|6007|WRITE|/etc/hosts|success|{"size": 13141}
2025-03-22T04:20:15Z|7001|DELETE|/home/user/documents/report.doc|success|{}
2025-03-22T04:20:36Z|1006|ATTRIBUTE|/var/www/.shell.php|success|{}
2025-03-22T04:20:44Z|7003|RENAME|/tmp/.hidden_script|success|{}
2025-03-22T04:21:10Z|9000|ATTRIBUTE|/etc/shadow|success|{}
2025-03-22T04:21:22Z|4022|ATTRIBUTE|/tmp/.hidden_script|success|{}
2025-03-22T04:21:44Z|4008|ATTRIBUTE|/dev/shm/.malware|success|{}
2025-03-22T04:21:52Z|4001|DELETE|/var/www/.shell.php|success|{}
2025-03-22T04:21:55Z|9203|EXECUTE|/etc/cron.d/.hack|success|{}
2025-03-22T04:21:56Z|4017|EXECUTE|/tmp/test.txt|success|{}
2025-03-22T04:22:19Z|5012|READ|/var/www/.shell.php|success|{"suspicious": true, "sequence": 9936}
2025-03-22T04:22:45Z|7004|ATTRIBUTE|/tmp/.hidden_script|success|{}
2025-03-22T04:23:12Z|9104|EXECUTE|/etc/shadow|success|{}
2025-03-22T04:23:19Z|6000|RENAME|/home/user/.ssh/id_rsa|failure|{}
2025-03-22T04:23:30Z|1015|ATTRIBUTE|/tmp/test.txt|success|{}
2025-03-22T04:23:35Z|1012|DELETE|/tmp/backdoor.bin|success|{}
2025-03-22T04:23:39Z|2|RENAME|/tmp/backdoor.bin|success|{}
2025-03-22T04:24:03Z|9202|WRITE|/dev/shm/.malware|success|{"suspicious": true, "sequence": 9943}
2025-03-22T04:24:28Z|7000|READ|/etc/passwd|success|{}
2025-03-22T04:24:40Z|7001|DELETE|/tmp/test.txt|success|{}
2025-03-22T04:24:49Z|5011|WRITE|/var/log/syslog|success|{"size": 92798}
2025-03-22T04:25:17Z|5004|EXECUTE|/etc/hosts|success|{}
2025-03-22T04:25:42Z|1008|WRITE|/etc/shadow|success|{"size": 394566}
2025-03-22T04:25:55Z|5000|RENAME|/home/user/.ssh/id_rsa|success|{}
2025-03-22T04:26:22Z|9002|WRITE|/tmp/test.txt|success|{"size": 177512}
2025-03-22T04:26:43Z|6002|READ|/home/user/.ssh/id_rsa|success|{}
2025-03-22T04:26:45Z|4|RENAME|/etc/hosts|success|{}
2025-03-22T04:27:06Z|4008|EXECUTE|/home/user/.ssh/id_rsa|success|{}
2025-03-22T04:27:34Z|9002|RENAME|/etc/shadow|success|{}
2025-03-22T04:28:02Z|7003|WRITE|/var/log/syslog|success|{"size": 663637}
2025-03-22T04:28:18Z|6009|READ|/etc/shadow|success|{}
2025-03-22T04:28:32Z|9002|ATTRIBUTE|/tmp/.hidden_script|success|{}
2025-03-22T04:28:33Z|6000|READ|/home/user/.ssh/id_rsa|success|{}
2025-03-22T04:28:40Z|9204|EXECUTE|/tmp/backdoor.bin|success|{}
2025-03-22T04:28:42Z|4020|WRITE|/tmp/test.txt|success|{"size": 787610}
2025-03-22T04:29:00Z|6003|READ|/etc/shadow|success|{}
2025-03-22T04:29:25Z|5011|WRITE|/dev/shm/.malware|success|{"suspicious": true, "sequence": 9962}
2025-03-22T04:29:49Z|1|EXECUTE|/var/www/.shell.php|success|{}
2025-03-22T04:30:03Z|7004|READ|/var/log/auth.log|success|{}
2025-03-22T04:30:26Z|5011|EXECUTE|/etc/cron.d/.hack|success|{}
2025-03-22T04:30:43Z|2|READ|/etc/passwd|success|{}
2025-03-22T04:30:44Z|9000|RENAME|/tmp/test.txt|success|{}
2025-03-22T04:30:48Z|5011|RENAME|/tmp/.hidden_script|success|{}
2025-03-22T04:30:59Z|9103|READ|/home/user/documents/report.doc|success|{}
2025-03-22T04:31:21Z|9001|WRITE|/var/www/.shell.php|success|{"suspicious": true, "sequence": 9970}
2025-03-22T04:31:37Z|3|WRITE|/var/www/.shell.php|success|{"suspicious": true, "sequence": 9971}
2025-03-22T04:31:53Z|2|EXECUTE|/var/log/syslog|success|{}
2025-03-22T04:32:08Z|7003|ATTRIBUTE|/var/www/.shell.php|success|{}
2025-03-22T04:32:20Z|5007|RENAME|/dev/shm/.malware|success|{}
2025-03-22T04:32:27Z|4|RENAME|/etc/hosts|failure|{}
2025-03-22T04:32:44Z|5009|ATTRIBUTE|/dev/shm/.malware|success|{}
2025-03-22T04:32:47Z|5013|RENAME|/var/www/.shell.php|success|{}
2025-03-22T04:33:03Z|1010|EXECUTE|/dev/shm/.malware|success|{}
2025-03-22T04:33:32Z|5|ATTRIBUTE|/etc/shadow|success|{}
2025-03-22T04:33:56Z|7004|WRITE|/tmp/backdoor.bin|failure|{"suspicious": true, "sequence": 9980}
2025-03-22T04:34:16Z|4011|ATTRIBUTE|/var/log/auth.log|success|{}
2025-03-22T04:34:20Z|4|WRITE|/tmp/.hidden_script|success|{"suspicious": true, "sequence": 9982}
2025-03-22T04:34:41Z|5011|WRITE|/var/www/.shell.php|success|{"suspicious": true, "sequence": 9983}
2025-03-22T04:34:46Z|9003|EXECUTE|/dev/shm/.malware|success|{}
2025-03-22T04:35:12Z|4026|EXECUTE|/var/www/.shell.php|success|{}
2025-03-22T04:35:41Z|5012|WRITE|/tmp/.hidden_script|success|{"suspicious": true, "sequence": 9986}
2025-03-22T04:35:48Z|5|EXECUTE|/var/log/auth.log|success|{}
2025-03-22T04:35:50Z|4012|DELETE|/tmp/backdoor.bin|failure|{}
2025-03-22T04:35:57Z|9004|READ|/etc/shadow|success|{}
2025-03-22T04:36:26Z|5000|ATTRIBUTE|/home/user/.ssh/id_rsa|success|{}
2025-03-22T04:36:40Z|7001|DELETE|/etc/hosts|success|{}
2025-03-22T04:36:59Z|9004|EXECUTE|/tmp/.hidden_script|success|{}
2025-03-22T04:37:21Z|5002|EXECUTE|/tmp/backdoor.bin|success|{}
2025-03-22T04:37:34Z|5005|READ|/var/www/.shell.php|failure|{"suspicious": true, "sequence": 9994}
2025-03-22T04:37:53Z|7000|DELETE|/dev/shm/.malware|success|{}
2025-03-22T04:37:55Z|7002|EXECUTE|/var/log/syslog|success|{}
2025-03-22T04:38:18Z|4000|RENAME|/etc/passwd|success|{}
2025-03-22T04:38:24Z|4|RENAME|/home/user/.ssh/id_rsa|success|{}
2025-03-22T04:38:38Z|6009|RENAME|/var/www/.shell.php|failure|{}
2025-03-22T04:38:55Z|7000|ATTRIBUTE|/var/log/syslog|success|{}
2025-03-22T04:39:07Z|9101|DELETE|/tmp/test.txt|success|{}
2025-03-22T04:39:29Z|3|DELETE|/var/www/.shell.php|success|{}
2025-03-22T04:39:34Z|9204|ATTRIBUTE|/etc/hosts|success|{}
2025-03-22T04:39:58Z|1|RENAME|/etc/passwd|success|{}
2025-03-22T04:40:01Z|9203|ATTRIBUTE|/etc/cron.d/.hack|success|{}
2025-03-22T04:40:05Z|9200|DELETE|/dev/shm/.malware|success|{}
2025-03-22T04:40:35Z|5012|EXECUTE|/etc/passwd|success|{}
2025-03-22T04:40:38Z|1003|EXECUTE|/tmp/test.txt|success|{}
2025-03-22T04:40:59Z|9001|DELETE|/tmp/test.txt|success|{}
2025-03-22T04:41:12Z|7004|WRITE|/var/log/auth.log|success|{"size": 521786}
2025-03-22T04:41:36Z|6007|READ|/var/log/syslog|success|{}
2025-03-22T04:41:37Z|7000|RENAME|/dev/shm/.malware|success|{}
2025-03-22T04:42:01Z|9004|RENAME|/tmp/.hidden_script|success|{}
2025-03-22T04:42:22Z|9000|ATTRIBUTE|/var/www/.shell.php|success|{}
2025-03-22T04:42:44Z|9101|EXECUTE|/home/user/documents/report.doc|success|{}
2025-03-22T04:43:03Z|9103|READ|/var/log/auth.log|success|{}
2025-03-22T04:43:19Z|1016|RENAME|/var/www/.shell.php|success|{}
2025-03-22T04:43:23Z|9103|EXECUTE|/tmp/.hidden_script|failure|{}
2025-03-22T04:43:30Z|2|READ|/tmp/test.txt|success|{}
2025-03-22T04:43:43Z|6001|EXECUTE|/etc/cron.d/.hack|success|{}
2025-03-22T04:44:02Z|9202|RENAME|/etc/cron.d/.hack|success|{}
2025-03-22T04:44:20Z|9102|ATTRIBUTE|/home/user/.ssh/id_rsa|success|{}
2025-03-22T04:44:49Z|9104|DELETE|/dev/shm/.malware|success|{}
2025-03-22T04:45:14Z|5013|EXECUTE|/home/user/documents/report.doc|failure|{}
2025-03-22T04:45:26Z|9202|DELETE|/tmp/backdoor.bin|failure|{}
2025-03-22T04:45:54Z|6003|ATTRIBUTE|/etc/passwd|success|{}
2025-03-22T04:46:01Z|1011|RENAME|/home/user/documents/report.doc|success|{}
2025-03-22T04:46:22Z|7004|WRITE|/etc/cron.d/.hack|success|{"suspicious": true, "sequence": 10028}
2025-03-22T04:46:46Z|5006|READ|/etc/passwd|success|{}
2025-03-22T04:47:01Z|7002|RENAME|/etc/hosts|failure|{}
2025-03-22T04:47:25Z|6001|ATTRIBUTE|/home/user/documents/report.doc|success|{}
2025-03-22T04:47:53Z|7003|RENAME|/etc/passwd|success|{}
2025-03-22T04:48:01Z|3|READ|/var/log/auth.log|success|{}
2025-03-22T04:48:31Z|9000|RENAME|/dev/shm/.malware|success|{}
2025-03-22T04:48:46Z|7000|READ|/var/log/auth.log|success|{}
2025-03-22T04:48:57Z|6006|WRITE|/var/www/.shell.php|success|{"suspicious": true, "sequence": 10036}
2025-03-22T04:49:14Z|7000|READ|/var/log/auth.log|success|{}
2025-03-22T04:49:25Z|6000|DELETE|/home/user/documents/report.doc|success|{}
2025-03-22T04:49:34Z|6002|EXECUTE|/tmp/test.txt|success|{}
2025-03-22T04:49:39Z|9203|RENAME|/dev/shm/.malware|success|{}
2025-03-22T04:49:49Z|5010|EXECUTE|/tmp/backdoor.bin|success|{}
2025-03-22T04:50:04Z|9001|DELETE|/tmp/test.txt|success|{}
2025-03-22T04:50:34Z|9001|READ|/home/user/documents/report.doc|success|{}
2025-03-22T04:50:45Z|7002|WRITE|/var/log/syslog|failure|{"size": 478688}
2025-03-22T04:51:09Z|9204|DELETE|/etc/passwd|success|{}
2025-03-22T04:51:21Z|9001|WRITE|/home/user/documents/report.doc|success|{"size": 160194}
2025-03-22T04:51:22Z|1|EXECUTE|/etc/passwd|success|{}
2025-03-22T04:51:52Z|5002|RENAME|/home/user/documents/report.doc|success|{}
2025-03-22T04:52:15Z|9200|READ|/tmp/.hidden_script|success|{"suspicious": true, "sequence": 10049}
2025-03-22T04:52:41Z|7000|WRITE|/var/www/.shell.php|success|{"suspicious": true, "sequence": 10050}
2025-03-22T04:53:04Z|5004|RENAME|/etc/hosts|success|{}
2025-03-22T04:53:22Z|4026|DELETE|/etc/passwd|success|{}
2025-03-22T04:53:32Z|4025|EXECUTE|/dev/shm/.malware|success|{}
2025-03-22T04:53:34Z|9003|EXECUTE|/tmp/backdoor.bin|success|{}
2025-03-22T04:53:36Z|9104|ATTRIBUTE|/tmp/backdoor.bin|success|{}
2025-03-22T04:54:03Z|4027|READ|/var/www/.shell.php|success|{"suspicious": true, "sequence": 10056}
2025-03-22T04:54:14Z|9001|READ|/etc/cron.d/.hack|success|{"suspicious": true, "sequence": 10057}
2025-03-22T04:54:16Z|6002|DELETE|/etc/shadow|success|{}
2025-03-22T04:54:33Z|9001|EXECUTE|/tmp/backdoor.bin|success|{}
2025-03-22T04:54:56Z|9202|RENAME|/var/log/auth.log|success|{}
2025-03-22T04:55:09Z|5007|READ|/etc/hosts|success|{}
2025-03-22T04:55:29Z|1017|DELETE|/tmp/backdoor.bin|success|{}
2025-03-22T04:55:47Z|1006|EXECUTE|/var/www/.shell.php|success|{}
2025-03-22T04:55:56Z|6008|DELETE|/var/www/.shell.php|success|{}
2025-03-22T04:56:02Z|4011|WRITE|/tmp/backdoor.bin|success|{"suspicious": true, "sequence": 10065}
2025-03-22T04:56:06Z|9100|EXECUTE|/tmp/test.txt|success|{}
2025-03-22T04:56:35Z|7000|RENAME|/var/log/auth.log|success|{}
2025-03-22T04:56:40Z|9004|EXECUTE|/var/log/syslog|success|{}
2025-03-22T04:56:46Z|5|WRITE|/var/log/auth.log|success|{"size": 796789}
2025-03-22T04:57:10Z|7004|EXECUTE|/var/www/.shell.php|success|{}
2025-03-22T04:57:30Z|7001|WRITE|/etc/shadow|success|{"size": 370009}
2025-03-22T04:57:36Z|4012|WRITE|/dev/shm/.malware|success|{"suspicious": true, "sequence": 10072}
2025-03-22T04:57:59Z|6007|ATTRIBUTE|/tmp/test.txt|success|{}
2025-03-22T04:58:23Z|9100|RENAME|/home/user/.ssh/id_rsa|failure|{}
2025-03-22T04:58:37Z|7001|WRITE|/var/www/.shell.php|failure|{"suspicious": true, "sequence": 10075}
2025-03-22T04:58:59Z|4023|ATTRIBUTE|/home/user/documents/report.doc|success|{}
2025-03-22T04:59:01Z|4|EXECUTE|/var/log/syslog|success|{}
2025-03-22T04:59:13Z|9102|RENAME|/var/log/auth.log|success|{}
2025-03-22T04:59:42Z|7001|EXECUTE|/etc/passwd|success|{}
2025-03-22T04:59:58Z|4006|EXECUTE|/tmp/backdoor.bin|success|{}
2025-03-22T05:00:21Z|7000|RENAME|/etc/cron.d/.hack|success|{}
2025-03-22T05:00:36Z|4021|EXECUTE|/etc/cron.d/.hack|success|{}
2025-03-22T05:01:02Z|6008|DELETE|/tmp/.hidden_script|success|{}
2025-03-22T05:01:05Z|4001|EXECUTE|/etc/passwd|success|{}
2025-03-22T05:01:14Z|9003|WRITE|/etc/cron.d/.hack|success|{"suspicious": true, "sequence": 10085}
2025-03-22T05:01:37Z|1018|ATTRIBUTE|/etc/shadow|success|{}
2025-03-22T05:01:46Z|3|WRITE|/etc/cron.d/.hack|success|{"suspicious": true, "sequence": 10087}
2025-03-22T05:01:53Z|9101|EXECUTE|/tmp/backdoor.bin|success|{}
2025-03-22T05:02:13Z|9103|ATTRIBUTE|/tmp/.hidden_script|success|{}
2025-03-22T05:02:40Z|9103|RENAME|/dev/shm/.malware|success|{}
2025-03-22T05:03:00Z|7003|RENAME|/etc/passwd|success|{}
2025-03-22T05:03:27Z|1000|DELETE|/etc/hosts|success|{}
2025-03-22T05:03:30Z|9100|RENAME|/etc/shadow|success|{}
2025-03-22T05:03:38Z|5008|READ|/etc/cron.d/.hack|success|{"suspicious": true, "sequence": 10094}
2025-03-22T05:03:54Z|7004|EXECUTE|/var/log/syslog|success|{}
2025-03-22T05:04:17Z|9200|EXECUTE|/var/log/auth.log|success|{}
2025-03-22T05:04:22Z|5011|WRITE|/home/user/.ssh/id_rsa|success|{"size": 63187}
2025-03-22T05:04:41Z|9203|WRITE|/etc/cron.d/.hack|success|{"suspicious": true, "sequence": 10098}
2025-03-22T05:04:50Z|5000|ATTRIBUTE|/home/user/documents/report.doc|success|{}
2025-03-22T05:05:05Z|4011|RENAME|/tmp/.hidden_script|success|{}
2025-03-22T05:05:06Z|5002|READ|/etc/hosts|failure|{}
2025-03-22T05:05:19Z|1|READ|/etc/hosts|failure|{}
2025-03-22T05:05:40Z|1|ATTRIBUTE|/dev/shm/.malware|success|{}
2025-03-22T05:05:43Z|6004|READ|/dev/shm/.malware|success|{"suspicious": true, "sequence": 10104}
2025-03-22T05:05:45Z|1007|ATTRIBUTE|/home/user/.ssh/id_rsa|success|{}
2025-03-22T05:05:59Z|7001|ATTRIBUTE|/var/log/syslog|failure|{}
2025-03-22T05:06:25Z|9101|READ|/tmp/test.txt|success|{}
2025-03-22T05:06:37Z|9003|EXECUTE|/etc/shadow|failure|{}
2025-03-22T05:06:47Z|7002|WRITE|/tmp/.hidden_script|success|{"suspicious": true, "sequence": 10109}
2025-03-22T05:07:03Z|9100|EXECUTE|/home/user/.ssh/id_rsa|success|{}
2025-03-22T05:07:13Z|7000|DELETE|/etc/cron.d/.hack|success|{}
2025-03-22T05:07:17Z|9200|DELETE|/tmp/test.txt|success|{}
2025-03-22T05:07:41Z|9204|READ|/tmp/.hidden_script|success|{"suspicious": true, "sequence": 10113}
2025-03-22T05:07:52Z|6005|READ|/home/user/documents/report.doc|success|{}
2025-03-22T05:07:55Z|9104|EXECUTE|/home/user/.ssh/id_rsa|success|{}
2025-03-22T05:08:04Z|4|READ|/etc/shadow|failure|{}
2025-03-22T05:08:19Z|6001|DELETE|/home/user/documents/report.doc|success|{}
2025-03-22T05:08:38Z|1005|RENAME|/var/log/syslog|success|{}
2025-03-22T05:08:39Z|3|WRITE|/tmp/.hidden_script|success|{"suspicious": true, "sequence": 10119}
2025-03-22T05:09:02Z|7003|EXECUTE|/etc/passwd|success|{}
2025-03-22T05:09:30Z|7002|ATTRIBUTE|/tmp/.hidden_script|success|{}
2025-03-22T05:09:54Z|5|RENAME|/etc/passwd|success|{}
2025-03-22T05:10:22Z|7000|RENAME|/tmp/test.txt|success|{}
2025-03-22T05:10:26Z|5|EXECUTE|/var/www/.shell.php|success|{}
2025-03-22T05:10:48Z|2|RENAME|/var/www/.shell.php|success|{}
2025-03-22T05:10:58Z|9203|READ|/tmp/.hidden_script|success|{"suspicious": true, "sequence": 10126}
2025-03-22T05:11:01Z|7001|DELETE|/var/log/syslog|success|{}
2025-03-22T05:11:29Z|7001|RENAME|/etc/hosts|success|{}
2025-03-22T05:11:34Z|1014|READ|/home/user/documents/report.doc|failure|{}
2025-03-22T05:12:03Z|9200|RENAME|/tmp/backdoor.bin|success|{}
2025-03-22T05:12:16Z|9004|ATTRIBUTE|/var/www/.shell.php|success|{}
2025-03-22T05:12:43Z|9101|READ|/etc/shadow|success|{}
2025-03-22T05:12:53Z|9104|ATTRIBUTE|/tmp/.hidden_script|success|{}
2025-03-22T05:12:58Z|7004|READ|/tmp/.hidden_script|success|{"suspicious": true, "sequence": 10134}
2025-03-22T05:13:02Z|9002|READ|/etc/hosts|success|{}
2025-03-22T05:13:17Z|5000|WRITE|/etc/cron.d/.hack|success|{"suspicious": true, "sequence": 10136}
2025-03-22T05:13:35Z|6006|READ|/etc/passwd|success|{}
2025-03-22T05:13:50Z|7002|RENAME|/tmp/.hidden_script|success|{}
2025-03-22T05:13:51Z|6004|WRITE|/etc/hosts|success|{"size": 466583}
2025-03-22T05:14:16Z|6005|RENAME|/var/log/syslog|success|{}
2025-03-22T05:14:18Z|4016|DELETE|/etc/hosts|success|{}
2025-03-22T05:14:34Z|9104|DELETE|/var/log/auth.log|success|{}
2025-03-22T05:14:44Z|9004|READ|/etc/shadow|failure|{}
2025-03-22T05:14:45Z|6006|ATTRIBUTE|/etc/passwd|success|{}
2025-03-22T05:15:08Z|7003|READ|/tmp/.hidden_script|success|{"suspicious": true, "sequence": 10145}
2025-03-22T05:15:26Z|9203|ATTRIBUTE|/tmp/test.txt|success|{}
2025-03-22T05:15:33Z|9202|READ|/var/log/auth.log|success|{}
2025-03-22T05:15:52Z|3|ATTRIBUTE|/etc/cron.d/.hack|failure|{}
2025-03-22T05:16:08Z|7002|ATTRIBUTE|/etc/cron.d/.hack|success|{}
2025-03-22T05:16:27Z|1007|WRITE|/tmp/.hidden_script|failure|{"suspicious": true, "sequence": 10150}
2025-03-22T05:16:43Z|7004|ATTRIBUTE|/etc/cron.d/.hack|failure|{}
2025-03-22T05:17:12Z|1000|WRITE|/dev/shm/.malware|success|{"suspicious": true, "sequence": 10152}
2025-03-22T05:17:27Z|9001|RENAME|/home/user/documents/report.doc|success|{}
2025-03-22T05:17:52Z|9103|DELETE|/etc/shadow|success|{}
2025-03-22T05:17:55Z|9101|READ|/etc/passwd|success|{}
2025-03-22T05:17:57Z|4005|READ|/var/log/syslog|success|{}
2025-03-22T05:18:07Z|1012|DELETE|/etc/passwd|success|{}
2025-03-22T05:18:29Z|3|EXECUTE|/tmp/test.txt|success|{}
2025-03-22T05:18:45Z|3|RENAME|/tmp/test.txt|success|{}
2025-03-22T05:19:03Z|4006|WRITE|/home/user/documents/report.doc|success|{"size": 400096}
2025-03-22T05:19:18Z|9001|ATTRIBUTE|/tmp/.hidden_script|success|{}
2025-03-22T05:19:25Z|1011|READ|/dev/shm/.malware|failure|{"suspicious": true, "sequence": 10162}
2025-03-22T05:19:48Z|2|DELETE|/var/log/auth.log|success|{}
2025-03-22T05:19:59Z|7000|READ|/var/log/syslog|success|{}
2025-03-22T05:20:21Z|1|ATTRIBUTE|/etc/shadow|success|{}
2025-03-22T05:20:26Z|5006|WRITE|/dev/shm/.malware|success|{"suspicious": true, "sequence": 10166}
2025-03-22T05:20:30Z|4004|DELETE|/etc/hosts|success|{}
2025-03-22T05:20:36Z|9004|RENAME|/var/www/.shell.php|success|{}
2025-03-22T05:20:41Z|7001|WRITE|/tmp/backdoor.bin|success|{"suspicious": true, "sequence": 10169}
2025-03-22T05:21:03Z|9203|EXECUTE|/var/log/syslog|success|{}
2025-03-22T05:21:16Z|9203|ATTRIBUTE|/etc/cron.d/.hack|success|{}
2025-03-22T05:21:31Z|1013|ATTRIBUTE|/tmp/backdoor.bin|success|{}
2025-03-22T05:21:50Z|4|RENAME|/etc/hosts|success|{}
2025-03-22T05:22:09Z|9202|RENAME|/etc/hosts|success|{}
2025-03-22T05:22:36Z|7004|DELETE|/home/user/.ssh/id_rsa|success|{}
2025-03-22T05:22:50Z|6007|EXECUTE|/tmp/backdoor.bin|success|{}
2025-03-22T05:23:07Z|1009|READ|/var/www/.shell.php|success|{"suspicious": true, "sequence": 10177}
2025-03-22T05:23:13Z|6008|DELETE|/var/log/syslog|success|{}
2025-03-22T05:23:22Z|4004|EXECUTE|/etc/cron.d/.hack|success|{}
2025-03-22T05:23:43Z|7004|RENAME|/tmp/test.txt|success|{}
2025-03-22T05:24:13Z|9000|DELETE|/home/user/.ssh/id_rsa|success|{}
2025-03-22T05:24:43Z|9002|EXECUTE|/var/log/syslog|success|{}
2025-03-22T05:24:54Z|5000|EXECUTE|/tmp/.hidden_script|success|{}
2025-03-22T05:25:16Z|6007|WRITE|/tmp/.hidden_script|success|{"suspicious": true, "sequence": 10184}
2025-03-22T05:25:27Z|9003|ATTRIBUTE|/dev/shm/.malware|success|{}
2025-03-22T05:25:43Z|7001|WRITE|/dev/shm/.malware|success|{"suspicious": true, "sequence": 10186}
2025-03-22T05:25:53Z|9204|READ|/tmp/.hidden_script|success|{"suspicious": true, "sequence": 10187}
2025-03-22T05:26:01Z|4|WRITE|/var/log/syslog|success|{"size": 835565}
2025-03-22T05:26:26Z|4022|EXECUTE|/var/www/.shell.php|success|{}
2025-03-22T05:26:40Z|1010|READ|/var/log/auth.log|success|{}
2025-03-22T05:26:41Z|1|READ|/etc/shadow|success|{}
2025-03-22T05:26:44Z|4014|EXECUTE|/home/user/documents/report.doc|success|{}
2025-03-22T05:26:49Z|3|RENAME|/var/log/auth.log|success|{}
2025-03-22T05:27:08Z|4|RENAME|/var/log/auth.log|success|{}
2025-03-22T05:27:32Z|9101|ATTRIBUTE|/var/log/syslog|success|{}
2025-03-22T05:27:34Z|9203|ATTRIBUTE|/home/user/.ssh/id_rsa|failure|{}
2025-03-22T05:27:44Z|7000|ATTRIBUTE|/var/log/syslog|success|{}
2025-03-22T05:28:12Z|4019|DELETE|/var/log/auth.log|success|{}
2025-03-22T05:28:24Z|7001|ATTRIBUTE|/home/user/documents/report.doc|success|{}
2025-03-22T05:28:28Z|6001|ATTRIBUTE|/var/log/syslog|success|{}
2025-03-22T05:28:48Z|6006|READ|/etc/passwd|success|{}
2025-03-22T05:28:52Z|6006|EXECUTE|/etc/cron.d/.hack|success|{}
2025-03-22T05:28:53Z|9200|ATTRIBUTE|/var/log/syslog|success|{}
2025-03-22T05:29:16Z|1011|ATTRIBUTE|/etc/passwd|success|{}
2025-03-22T05:29:37Z|5004|DELETE|/etc/hosts|success|{}
2025-03-22T05:29:50Z|7004|RENAME|/var/www/.shell.php|success|{}
2025-03-22T05:30:17Z|1|WRITE|/etc/passwd|success|{"size": 86879}
2025-03-22T05:30:44Z|1|ATTRIBUTE|/home/user/documents/report.doc|success|{}
2025-03-22T05:30:48Z|7002|RENAME|/var/log/syslog|success|{}
2025-03-22T05:30:52Z|6005|WRITE|/tmp/test.txt|success|{"size": 351220}
2025-03-22T05:31:00Z|9100|DELETE|/home/user/.ssh/id_rsa|success|{}
2025-03-22T05:31:06Z|4025|WRITE|/home/user/documents/report.doc|failure|{"size": 137165}
2025-03-22T05:31:07Z|1009|WRITE|/etc/hosts|success|{"size": 743473}
2025-03-22T05:31:24Z|6008|WRITE|/home/user/documents/report.doc|success|{"size": 349580}
2025-03-22T05:31:33Z|1008|READ|/etc/hosts|success|{}
2025-03-22T05:31:51Z|9204|READ|/tmp/.hidden_script|success|{"suspicious": true, "sequence": 10216}
2025-03-22T05:32:06Z|7004|ATTRIBUTE|/dev/shm/.malware|success|{}
2025-03-22T05:32:20Z|1000|EXECUTE|/var/www/.shell.php|success|{}
2025-03-22T05:32:41Z|4004|DELETE|/tmp/.hidden_script|success|{}
2025-03-22T05:33:05Z|9101|ATTRIBUTE|/etc/hosts|success|{}
2025-03-22T05:33:15Z|7000|DELETE|/home/user/documents/report.doc|success|{}
2025-03-22T05:33:41Z|4025|EXECUTE|/var/www/.shell.php|success|{}
2025-03-22T05:33:45Z|9203|ATTRIBUTE|/var/log/syslog|success|{}
2025-03-22T05:33:56Z|4007|EXECUTE|/home/user/.ssh/id_rsa|success|{}
2025-03-22T05:34:04Z|4008|READ|/home/user/documents/report.doc|success|{}
2025-03-22T05:34:17Z|9000|DELETE|/etc/cron.d/.hack|success|{}
2025-03-22T05:34:30Z|5012|EXECUTE|/tmp/test.txt|success|{}
2025-03-22T05:34:43Z|1009|DELETE|/etc/shadow|failure|{}
2025-03-22T05:34:55Z|5004|WRITE|/var/log/syslog|success|{"size": 772680}
2025-03-22T05:35:19Z|9202|ATTRIBUTE|/home/user/.ssh/id_rsa|success|{}
2025-03-22T05:35:49Z|6005|DELETE|/etc/passwd|success|{}
2025-03-22T05:36:02Z|6008|READ|/etc/shadow|success|{}
2025-03-22T05:36:12Z|5000|DELETE|/dev/shm/.malware|success|{}
2025-03-22T05:36:20Z|6008|ATTRIBUTE|/var/www/.shell.php|success|{}
2025-03-22T05:36:35Z|6000|WRITE|/etc/cron.d/.hack|success|{"suspicious": true, "sequence": 10235}
2025-03-22T05:36:56Z|5003|WRITE|/dev/shm/.malware|success|{"suspicious": true, "sequence": 10236}
2025-03-22T05:37:15Z|5001|WRITE|/var/log/auth.log|success|{"size": 394699}
2025-03-22T05:37:33Z|4007|DELETE|/tmp/backdoor.bin|success|{}
2025-03-22T05:38:01Z|9102|READ|/tmp/test.txt|success|{}
2025-03-22T05:38:16Z|4014|WRITE|/home/user/.ssh/id_rsa|success|{"size": 642830}
2025-03-22T05:38:30Z|1|ATTRIBUTE|/home/user/documents/report.doc|success|{}
2025-03-22T05:38:52Z|9002|WRITE|/home/user/documents/report.doc|success|{"size": 648745}
2025-03-22T05:39:11Z|5007|READ|/var/log/auth.log|success|{}
2025-03-22T05:39:18Z|1016|READ|/tmp/backdoor.bin|success|{"suspicious": true, "sequence": 10244}
2025-03-22T05:39:27Z|9201|ATTRIBUTE|/tmp/backdoor.bin|success|{}
2025-03-22T05:39:35Z|9201|READ|/var/log/syslog|failure|{}
2025-03-22T05:39:51Z|1002|RENAME|/tmp/test.txt|success|{}
2025-03-22T05:40:02Z|6004|EXECUTE|/etc/cron.d/.hack|success|{}
2025-03-22T05:40:16Z|9103|RENAME|/tmp/test.txt|success|{}
2025-03-22T05:40:31Z|6007|ATTRIBUTE|/etc/hosts|success|{}
2025-03-22T05:40:34Z|7000|RENAME|/etc/passwd|success|{}
2025-03-22T05:40:40Z|9004|RENAME|/tmp/.hidden_script|success|{}
2025-03-22T05:40:52Z|9203|EXECUTE|/etc/passwd|success|{}
2025-03-22T05:41:06Z|9203|EXECUTE|/etc/passwd|success|{}
2025-03-22T05:41:17Z|9003|WRITE|/etc/passwd|success|{"size": 66232}
2025-03-22T05:41:29Z|9003|DELETE|/tmp/.hidden_script|success|{}
2025-03-22T05:41:55Z|6005|WRITE|/tmp/backdoor.bin|success|{"suspicious": true, "sequence": 10257}
2025-03-22T05:41:56Z|2|ATTRIBUTE|/tmp/.hidden_script|success|{}
2025-03-22T05:42:12Z|6002|ATTRIBUTE|/var/log/syslog|success|{}
2025-03-22T05:42:24Z|9004|WRITE|/var/log/auth.log|success|{"size": 32645}
2025-03-22T05:42:53Z|1002|READ|/dev/shm/.malware|success|{"suspicious": true, "sequence": 10261}
2025-03-22T05:42:57Z|9103|EXECUTE|/tmp/backdoor.bin|success|{}
2025-03-22T05:43:14Z|5|DELETE|/tmp/backdoor.bin|failure|{}
2025-03-22T05:43:17Z|6005|EXECUTE|/tmp/backdoor.bin|success|{}
2025-03-22T05:43:21Z|6003|READ|/etc/shadow|success|{}
2025-03-22T05:43:40Z|5005|ATTRIBUTE|/etc/hosts|success|{}
2025-03-22T05:43:52Z|5001|RENAME|/etc/cron.d/.hack|success|{}
2025-03-22T05:43:56Z|6003|EXECUTE|/etc/shadow|success|{}
2025-03-22T05:44:06Z|5000|RENAME|/home/user/documents/report.doc|success|{}
2025-03-22T05:44:25Z|6009|EXECUTE|/home/user/.ssh/id_rsa|success|{}
2025-03-22T05:44:39Z|4000|RENAME|/var/log/syslog|success|{}
2025-03-22T05:44:43Z|1009|RENAME|/dev/shm/.malware|success|{}
2025-03-22T05:44:49Z|4008|WRITE|/tmp/.hidden_script|success|{"suspicious": true, "sequence": 10273}
2025-03-22T05:45:18Z|9204|WRITE|/etc/hosts|failure|{"size": 71769}
2025-03-22T05:45:26Z|4020|ATTRIBUTE|/etc/cron.d/.hack|success|{}
2025-03-22T05:45:33Z|1001|EXECUTE|/home/user/.ssh/id_rsa|success|{}
2025-03-22T05:45:35Z|7000|READ|/tmp/test.txt|success|{}
2025-03-22T05:45:52Z|9202|DELETE|/var/log/syslog|success|{}
2025-03-22T05:46:15Z|9002|EXECUTE|/var/log/auth.log|success|{}
2025-03-22T05:46:20Z|4004|ATTRIBUTE|/etc/hosts|success|{}
2025-03-22T05:46:41Z|1|DELETE|/dev/shm/.malware|success|{}
2025-03-22T05:46:53Z|9100|WRITE|/home/user/.ssh/id_rsa|success|{"size": 34885}
2025-03-22T05:47:04Z|1007|DELETE|/var/log/auth.log|failure|{}
2025-03-22T05:47:11Z|9201|ATTRIBUTE|/etc/passwd|success|{}
2025-03-22T05:47:32Z|9002|ATTRIBUTE|/tmp/.hidden_script|success|{}
2025-03-22T05:47:49Z|1005|RENAME|/tmp/backdoor.bin|success|{}
2025-03-22T05:48:15Z|4025|DELETE|/home/user/documents/report.doc|success|{}
2025-03-22T05:48:36Z|5011|ATTRIBUTE|/tmp/test.txt|success|{}
2025-03-22T05:49:04Z|9103|DELETE|/etc/hosts|success|{}
2025-03-22T05:49:25Z|4016|WRITE|/tmp/.hidden_script|failure|{"suspicious": true, "sequence": 10290}
2025-03-22T05:49:47Z|4|EXECUTE|/dev/shm/.malware|success|{}
2025-03-22T05:50:16Z|7000|RENAME|/tmp/test.txt|success|{}
2025-03-22T05:50:31Z|9003|DELETE|/home/user/.ssh/id_rsa|success|{}
2025-03-22T05:50:47Z|1|EXECUTE|/etc/shadow|success|{}
2025-03-22T05:50:56Z|4027|READ|/etc/cron.d/.hack|success|{"suspicious": true, "sequence": 10295}
2025-03-22T05:51:24Z|6008|RENAME|/tmp/test.txt|success|{}
2025-03-22T05:51:53Z|9104|ATTRIBUTE|/dev/shm/.malware|success|{}
2025-03-22T05:51:56Z|9104|READ|/etc/cron.d/.hack|failure|{"suspicious": true, "sequence": 10298}
2025-03-22T05:52:20Z|9003|EXECUTE|/var/log/syslog|failure|{}
2025-03-22T05:52:31Z|4024|WRITE|/tmp/backdoor.bin|success|{"suspicious": true, "sequence": 10300}
2025-03-22T05:52:58Z|9104|WRITE|/var/log/syslog|failure|{"size": 941206}
2025-03-22T05:53:22Z|1007|DELETE|/etc/passwd|success|{}
2025-03-22T05:53:32Z|5|ATTRIBUTE|/etc/hosts|success|{}
2025-03-22T05:53:54Z|9002|EXECUTE|/home/user/documents/report.doc|success|{}
2025-03-22T05:54:23Z|9101|READ|/var/log/syslog|success|{}
2025-03-22T05:54:48Z|9100|WRITE|/home/user/documents/report.doc|failure|{"size": 686804}
2025-03-22T05:54:54Z|9104|ATTRIBUTE|/home/user/.ssh/id_rsa|success|{}
2025-03-22T05:55:16Z|5|EXECUTE|/tmp/backdoor.bin|success|{}
2025-03-22T05:55:28Z|9203|EXECUTE|/home/user/documents/report.doc|failure|{}
2025-03-22T05:55:33Z|9101|WRITE|/var/log/auth.log|success|{"size": 225072}
2025-03-22T05:56:03Z|6005|WRITE|/dev/shm/.malware|success|{"suspicious": true, "sequence": 10311}
2025-03-22T05:56:25Z|9100|READ|/home/user/.ssh/id_rsa|success|{}
2025-03-22T05:56:39Z|9201|READ|/var/log/auth.log|success|{}
2025-03-22T05:56:51Z|4029|READ|/etc/shadow|success|{}
2025-03-22T05:57:14Z|9200|EXECUTE|/etc/cron.d/.hack|success|{}
2025-03-22T05:57:16Z|9001|WRITE|/home/user/.ssh/id_rsa|success|{"size": 137223}
2025-03-22T05:57:36Z|6002|RENAME|/tmp/test.txt|success|{}
2025-03-22T05:57:40Z|5010|DELETE|/home/user/documents/report.doc|success|{}
2025-03-22T05:57:41Z|7004|WRITE|/var/www/.shell.php|success|{"suspicious": true, "sequence": 10319}
2025-03-22T05:57:53Z|5013|READ|/var/www/.shell.php|success|{"suspicious": true, "sequence": 10320}
2025-03-22T05:58:23Z|5|WRITE|/var/log/syslog|success|{"size": 328806}
2025-03-22T05:58:44Z|4024|ATTRIBUTE|/etc/hosts|success|{}
2025-03-22T05:59:06Z|4017|READ|/tmp/.hidden_script|success|{"suspicious": true, "sequence": 10323}
2025-03-22T05:59:31Z|5003|RENAME|/tmp/test.txt|success|{}
2025-03-22T05:59:55Z|9103|ATTRIBUTE|/home/user/.ssh/id_rsa|success|{}
2025-03-22T06:00:08Z|7000|ATTRIBUTE|/home/user/.ssh/id_rsa|success|{}
2025-03-22T06:00:22Z|1001|EXECUTE|/var/www/.shell.php|success|{}
2025-03-22T06:00:51Z|4029|RENAME|/tmp/.hidden_script|success|{}
2025-03-22T06:01:11Z|9004|DELETE|/home/user/documents/report.doc|success|{}
2025-03-22T06:01:22Z|4000|EXECUTE|/etc/shadow|success|{}
2025-03-22T06:01:32Z|1000|ATTRIBUTE|/etc/shadow|success|{}
2025-03-22T06:01:43Z|9200|WRITE|/etc/cron.d/.hack|success|{"suspicious": true, "sequence": 10332}
2025-03-22T06:02:00Z|9200|EXECUTE|/home/user/.ssh/id_rsa|success|{}
2025-03-22T06:02:06Z|9003|READ|/etc/passwd|success|{}
2025-03-22T06:02:15Z|9000|EXECUTE|/etc/cron.d/.hack|success|{}
2025-03-22T06:02:33Z|1011|EXECUTE|/var/log/syslog|success|{}
2025-03-22T06:03:00Z|9203|DELETE|/dev/shm/.malware|success|{}
2025-03-22T06:03:12Z|1012|ATTRIBUTE|/etc/passwd|success|{}
2025-03-22T06:03:41Z|4024|WRITE|/tmp/test.txt|success|{"size": 49067}
2025-03-22T06:04:01Z|7002|EXECUTE|/etc/shadow|success|{}
2025-03-22T06:04:08Z|7004|EXECUTE|/var/www/.shell.php|success|{}
2025-03-22T06:04:29Z|5000|EXECUTE|/etc/shadow|success|{}
2025-03-22T06:04:32Z|1017|ATTRIBUTE|/tmp/backdoor.bin|success|{}
2025-03-22T06:04:38Z|7003|RENAME|/home/user/documents/report.doc|success|{}
2025-03-22T06:05:08Z|3|EXECUTE|/etc/shadow|failure|{}
2025-03-22T06:05:21Z|1019|EXECUTE|/home/user/documents/report.doc|success|{}
2025-03-22T06:05:51Z|4017|EXECUTE|/etc/passwd|success|{}
2025-03-22T06:06:14Z|9201|DELETE|/home/user/documents/report.doc|success|{}
2025-03-22T06:06:23Z|9102|ATTRIBUTE|/var/log/auth.log|success|{}
2025-03-22T06:06:52Z|5013|ATTRIBUTE|/etc/cron.d/.hack|success|{}
2025-03-22T06:07:00Z|9003|DELETE|/home/user/.ssh/id_rsa|failure|{}
2025-03-22T06:07:24Z|9004|READ|/etc/passwd|success|{}
2025-03-22T06:07:43Z|9203|WRITE|/dev/shm/.malware|success|{"suspicious": true, "sequence": 10353}
2025-03-22T06:07:50Z|1006|EXECUTE|/dev/shm/.malware|success|{}
2025-03-22T06:08:10Z|9103|WRITE|/etc/passwd|success|{"size": 735777}
2025-03-22T06:08:23Z|6003|WRITE|/home/user/documents/report.doc|success|{"size": 624937}
2025-03-22T06:08:51Z|9100|ATTRIBUTE|/home/user/.ssh/id_rsa|success|{}
2025-03-22T06:09:02Z|4022|ATTRIBUTE|/home/user/documents/report.doc|success|{}
2025-03-22T06:09:07Z|7002|RENAME|/var/log/syslog|success|{}
2025-03-22T06:09:32Z|4020|WRITE|/etc/shadow|success|{"size": 54275}
2025-03-22T06:09:56Z|9000|WRITE|/home/user/.ssh/id_rsa|success|{"size": 927820}
2025-03-22T06:10:14Z|9103|WRITE|/dev/shm/.malware|success|{"suspicious": true, "sequence": 10362}
2025-03-22T06:10:40Z|9000|EXECUTE|/var/log/auth.log|success|{}
2025-03-22T06:10:49Z|1|ATTRIBUTE|/home/user/.ssh/id_rsa|success|{}
2025-03-22T06:11:15Z|5001|WRITE|/tmp/.hidden_script|success|{"suspicious": true, "sequence": 10365}
2025-03-22T06:11:36Z|6007|EXECUTE|/home/user/documents/report.doc|success|{}
2025-03-22T06:11:38Z|4007|READ|/dev/shm/.malware|success|{"suspicious": true, "sequence": 10367}
2025-03-22T06:12:01Z|6008|EXECUTE|/etc/cron.d/.hack|success|{}
2025-03-22T06:12:04Z|6005|RENAME|/etc/hosts|success|{}
2025-03-22T06:12:26Z|5|ATTRIBUTE|/tmp/test.txt|success|{}
2025-03-22T06:12:40Z|4009|RENAME|/tmp/test.txt|success|{}
2025-03-22T06:13:04Z|5008|EXECUTE|/tmp/.hidden_script|success|{}
2025-03-22T06:13:33Z|3|ATTRIBUTE|/tmp/test.txt|success|{}
2025-03-22T06:13:51Z|4009|WRITE|/etc/cron.d/.hack|success|{"suspicious": true, "sequence": 10374}
2025-03-22T06:14:21Z|9100|ATTRIBUTE|/tmp/.hidden_script|success|{}
2025-03-22T06:14:37Z|7003|ATTRIBUTE|/dev/shm/.malware|success|{}
2025-03-22T06:14:46Z|1013|DELETE|/home/user/.ssh/id_rsa|success|{}
2025-03-22T06:15:04Z|4025|WRITE|/etc/shadow|success|{"size": 724235}
2025-03-22T06:15:15Z|9002|DELETE|/dev/shm/.malware|success|{}
2025-03-22T06:15:34Z|7002|RENAME|/var/www/.shell.php|success|{}
2025-03-22T06:15:57Z|9200|WRITE|/etc/hosts|success|{"size": 65035}
2025-03-22T06:16:04Z|4027|DELETE|/var/log/syslog|success|{}
2025-03-22T06:16:10Z|6005|WRITE|/var/log/auth.log|success|{"size": 224569}
2025-03-22T06:16:14Z|9104|WRITE|/etc/passwd|success|{"size": 571400}
2025-03-22T06:16:33Z|6004|DELETE|/etc/cron.d/.hack|failure|{}
2025-03-22T06:17:00Z|6001|ATTRIBUTE|/var/log/syslog|success|{}
2025-03-22T06:17:04Z|9203|ATTRIBUTE|/home/user/.ssh/id_rsa|success|{}
2025-03-22T06:17:15Z|9103|EXECUTE|/home/user/documents/report.doc|success|{}
2025-03-22T06:17:45Z|1000|EXECUTE|/tmp/test.txt|success|{}
2025-03-22T06:18:15Z|9201|EXECUTE|/tmp/test.txt|success|{}
2025-03-22T06:18:39Z|1000|READ|/tmp/test.txt|success|{}
2025-03-22T06:18:43Z|7000|READ|/home/user/documents/report.doc|success|{}
2025-03-22T06:18:45Z|9101|READ|/var/log/syslog|failure|{}
2025-03-22T06:18:51Z|1007|DELETE|/tmp/backdoor.bin|failure|{}
2025-03-22T06:18:56Z|4028|DELETE|/tmp/test.txt|success|{}
2025-03-22T06:19:13Z|7004|EXECUTE|/var/log/syslog|success|{}
2025-03-22T06:19:33Z|6009|EXECUTE|/home/user/.ssh/id_rsa|success|{}
2025-03-22T06:19:51Z|9204|ATTRIBUTE|/tmp/backdoor.bin|success|{}
2025-03-22T06:19:55Z|6002|EXECUTE|/etc/shadow|success|{}
2025-03-22T06:20:06Z|9000|DELETE|/home/user/documents/report.doc|success|{}
2025-03-22T06:20:29Z|9203|ATTRIBUTE|/home/user/.ssh/id_rsa|success|{}
2025-03-22T06:20:50Z|5006|ATTRIBUTE|/home/user/.ssh/id_rsa|success|{}
2025-03-22T06:21:20Z|9102|READ|/etc/cron.d/.hack|failure|{"suspicious": true, "sequence": 10403}
2025-03-22T06:21:35Z|2|READ|/tmp/test.txt|failure|{}
2025-03-22T06:21:52Z|5006|READ|/home/user/.ssh/id_rsa|success|{}
2025-03-22T06:22:13Z|6000|EXECUTE|/var/log/syslog|success|{}
2025-03-22T06:22:29Z|9201|READ|/etc/cron.d/.hack|success|{"suspicious": true, "sequence": 10407}
2025-03-22T06:22:44Z|9003|RENAME|/var/log/syslog|success|{}
2025-03-22T06:22:45Z|7001|RENAME|/home/user/.ssh/id_rsa|success|{}
2025-03-22T06:23:14Z|9100|WRITE|/var/log/syslog|success|{"size": 440177}
2025-03-22T06:23:32Z|7003|READ|/tmp/backdoor.bin|success|{"suspicious": true, "sequence": 10411}
2025-03-22T06:23:45Z|5003|RENAME|/var/www/.shell.php|success|{}
2025-03-22T06:23:51Z|9100|ATTRIBUTE|/home/user/.ssh/id_rsa|failure|{}
2025-03-22T06:23:58Z|4005|READ|/tmp/.hidden_script|success|{"suspicious": true, "sequence": 10414}
2025-03-22T06:24:25Z|5002|DELETE|/etc/passwd|success|{}
2025-03-22T06:24:35Z|5013|RENAME|/var/log/syslog|success|{}
2025-03-22T06:24:38Z|2|RENAME|/tmp/test.txt|failure|{}
2025-03-22T06:24:46Z|4000|EXECUTE|/tmp/backdoor.bin|success|{}
2025-03-22T06:24:54Z|9203|EXECUTE|/etc/passwd|success|{}
2025-03-22T06:25:22Z|5|RENAME|/tmp/backdoor.bin|success|{}
2025-03-22T06:25:42Z|4023|EXECUTE|/tmp/test.txt|failure|{}
2025-03-22T06:25:55Z|7000|DELETE|/etc/cron.d/.hack|success|{}
2025-03-22T06:26:22Z|1004|ATTRIBUTE|/etc/hosts|success|{}
2025-03-22T06:26:23Z|5|WRITE|/dev/shm/.malware|success|{"suspicious": true, "sequence": 10424}
2025-03-22T06:26:42Z|3|DELETE|/etc/shadow|success|{}
2025-03-22T06:26:55Z|9003|DELETE|/tmp/test.txt|success|{}
2025-03-22T06:27:00Z|9204|READ|/tmp/test.txt|success|{}
2025-03-22T06:27:08Z|9000|EXECUTE|/home/user/documents/report.doc|failure|{}
2025-03-22T06:27:28Z|7003|READ|/var/www/.shell.php|success|{"suspicious": true, "sequence": 10429}
2025-03-22T06:27:42Z|4022|WRITE|/tmp/.hidden_script|failure|{"suspicious": true, "sequence": 10430}
2025-03-22T06:28:07Z|5009|DELETE|/home/user/.ssh/id_rsa|success|{}
2025-03-22T06:28:22Z|4019|READ|/tmp/.hidden_script|success|{"suspicious": true, "sequence": 10432}
2025-03-22T06:28:38Z|1012|EXECUTE|/var/log/syslog|success|{}
2025-03-22T06:28:40Z|5|WRITE|/etc/hosts|success|{"size": 657919}
2025-03-22T06:29:01Z|5|RENAME|/dev/shm/.malware|success|{}
2025-03-22T06:29:27Z|6000|ATTRIBUTE|/dev/shm/.malware|success|{}
2025-03-22T06:29:28Z|4004|RENAME|/home/user/documents/report.doc|success|{}
2025-03-22T06:29:53Z|5009|READ|/etc/shadow|success|{}
2025-03-22T06:30:18Z|1014|READ|/etc/hosts|success|{}
2025-03-22T06:30:20Z|9203|ATTRIBUTE|/home/user/documents/report.doc|success|{}
2025-03-22T06:30:27Z|5004|RENAME|/dev/shm/.malware|success|{}
2025-03-22T06:30:42Z|9101|READ|/var/log/syslog|success|{}
2025-03-22T06:30:50Z|7002|RENAME|/tmp/test.txt|success|{}
2025-03-22T06:31:12Z|9202|WRITE|/etc/hosts|success|{"size": 942948}
2025-03-22T06:31:31Z|4022|DELETE|/etc/passwd|success|{}
2025-03-22T06:31:52Z|9003|READ|/home/user/.ssh/id_rsa|failure|{}
2025-03-22T06:32:01Z|5011|DELETE|/tmp/.hidden_script|success|{}
2025-03-22T06:32:05Z|9202|EXECUTE|/etc/passwd|failure|{}
2025-03-22T06:32:29Z|3|RENAME|/home/user/.ssh/id_rsa|success|{}
2025-03-22T06:32:30Z|6008|DELETE|/tmp/backdoor.bin|success|{}
2025-03-22T06:32:40Z|9203|RENAME|/etc/cron.d/.hack|success|{}
2025-03-22T06:33:10Z|9203|READ|/home/user/documents/report.doc|success|{}
2025-03-22T06:33:16Z|9004|WRITE|/dev/shm/.malware|success|{"suspicious": true, "sequence": 10453}
2025-03-22T06:33:17Z|9204|READ|/home/user/.ssh/id_rsa|success|{}
2025-03-22T06:33:28Z|9103|EXECUTE|/var/log/auth.log|success|{}
2025-03-22T06:33:52Z|9004|RENAME|/etc/shadow|success|{}
2025-03-22T06:34:15Z|9203|ATTRIBUTE|/var/log/auth.log|success|{}
2025-03-22T06:34:23Z|6008|DELETE|/etc/shadow|success|{}
2025-03-22T06:34:37Z|9100|RENAME|/var/www/.shell.php|success|{}
2025-03-22T06:35:03Z|4008|RENAME|/tmp/test.txt|success|{}
2025-03-22T06:35:26Z|4004|DELETE|/tmp/backdoor.bin|success|{}
2025-03-22T06:35:33Z|1008|EXECUTE|/var/log/syslog|success|{}
2025-03-22T06:35:39Z|5003|DELETE|/home/user/.ssh/id_rsa|success|{}
2025-03-22T06:35:45Z|9201|RENAME|/etc/cron.d/.hack|success|{}
2025-03-22T06:36:11Z|9201|EXECUTE|/etc/hosts|success|{}
2025-03-22T06:36:40Z|9000|ATTRIBUTE|/home/user/documents/report.doc|success|{}
2025-03-22T06:36:41Z|4012|DELETE|/etc/shadow|success|{}
2025-03-22T06:36:57Z|9104|RENAME|/etc/cron.d/.hack|success|{}
2025-03-22T06:37:23Z|5005|EXECUTE|/home/user/.ssh/id_rsa|success|{}
2025-03-22T06:37:24Z|1003|RENAME|/var/log/auth.log|success|{}
2025-03-22T06:37:38Z|9000|RENAME|/var/log/syslog|success|{}
2025-03-22T06:37:46Z|9001|EXECUTE|/var/www/.shell.php|success|{}
2025-03-22T06:38:03Z|6005|DELETE|/var/www/.shell.php|success|{}
2025-03-22T06:38:10Z|1002|EXECUTE|/var/log/syslog|success|{}
2025-03-22T06:38:25Z|9104|RENAME|/etc/passwd|failure|{}
2025-03-22T06:38:30Z|2|ATTRIBUTE|/tmp/backdoor.bin|success|{}
2025-03-22T06:38:51Z|9103|EXECUTE|/home/user/documents/report.doc|success|{}
2025-03-22T06:39:09Z|7003|ATTRIBUTE|/var/log/auth.log|success|{}
2025-03-22T06:39:37Z|9203|READ|/tmp/test.txt|success|{}
2025-03-22T06:39:58Z|4015|DELETE|/tmp/.hidden_script|success|{}
2025-03-22T06:40:07Z|9003|DELETE|/var/log/auth.log|success|{}
2025-03-22T06:40:23Z|4|READ|/etc/passwd|success|{}
2025-03-22T06:40:48Z|9203|READ|/tmp/backdoor.bin|success|{"suspicious": true, "sequence": 10483}
2025-03-22T06:41:08Z|6003|RENAME|/dev/shm/.malware|success|{}
2025-03-22T06:41:36Z|4009|DELETE|/tmp/test.txt|failure|{}
2025-03-22T06:42:01Z|6002|WRITE|/etc/passwd|success|{"size": 62678}
2025-03-22T06:42:25Z|6002|ATTRIBUTE|/var/log/auth.log|success|{}
2025-03-22T06:42:47Z|1009|READ|/home/user/.ssh/id_rsa|success|{}
2025-03-22T06:43:03Z|9200|EXECUTE|/dev/shm/.malware|success|{}
2025-03-22T06:43:32Z|4029|WRITE|/etc/hosts|success|{"size": 437010}
2025-03-22T06:43:34Z|5|WRITE|/tmp/backdoor.bin|success|{"suspicious": true, "sequence": 10491}
2025-03-22T06:43:51Z|4|DELETE|/var/log/auth.log|success|{}
2025-03-22T06:44:18Z|4003|READ|/home/user/documents/report.doc|success|{}
2025-03-22T06:44:39Z|5007|DELETE|/var/log/syslog|failure|{}
2025-03-22T06:44:40Z|6002|RENAME|/etc/hosts|success|{}
2025-03-22T06:44:46Z|9004|EXECUTE|/dev/shm/.malware|success|{}
2025-03-22T06:45:14Z|1003|RENAME|/tmp/backdoor.bin|failure|{}
2025-03-22T06:45:42Z|1001|READ|/home/user/.ssh/id_rsa|success|{}
2025-03-22T06:46:04Z|9203|EXECUTE|/etc/shadow|success|{}
2025-03-22T06:46:32Z|9004|WRITE|/etc/cron.d/.hack|success|{"suspicious": true, "sequence": 10500}
2025-03-22T06:46:50Z|9102|RENAME|/tmp/test.txt|success|{}
2025-03-22T06:47:01Z|5013|DELETE|/dev/shm/.malware|success|{}
2025-03-22T06:47:28Z|9104|READ|/home/user/.ssh/id_rsa|success|{}
2025-03-22T06:47:40Z|4008|EXECUTE|/home/user/documents/report.doc|failure|{}
2025-03-22T06:48:00Z|9001|READ|/tmp/test.txt|success|{}
2025-03-22T06:48:19Z|9000|READ|/etc/passwd|success|{}
2025-03-22T06:48:41Z|7003|DELETE|/dev/shm/.malware|failure|{}
2025-03-22T06:48:50Z|5003|RENAME|/var/log/auth.log|success|{}
2025-03-22T06:49:00Z|9200|EXECUTE|/etc/hosts|success|{}
2025-03-22T06:49:02Z|1007|ATTRIBUTE|/tmp/test.txt|success|{}
2025-03-22T06:49:06Z|6008|WRITE|/var/www/.shell.php|success|{"suspicious": true, "sequence": 10511}
2025-03-22T06:49:30Z|9100|WRITE|/var/www/.shell.php|success|{"suspicious": true, "sequence": 10512}
2025-03-22T06:49:36Z|9104|ATTRIBUTE|/etc/cron.d/.hack|success|{}
2025-03-22T06:49:44Z|9204|EXECUTE|/dev/shm/.malware|success|{}
2025-03-22T06:50:06Z|9100|EXECUTE|/etc/shadow|success|{}
2025-03-22T06:50:30Z|1004|WRITE|/etc/shadow|success|{"size": 274118}
2025-03-22T06:50:34Z|5011|RENAME|/etc/hosts|success|{}
2025-03-22T06:50:56Z|5003|READ|/var/www/.shell.php|success|{"suspicious": true, "sequence": 10518}
2025-03-22T06:51:07Z|5|EXECUTE|/etc/cron.d/.hack|success|{}
2025-03-22T06:51:13Z|7004|RENAME|/dev/shm/.malware|success|{}
2025-03-22T06:51:35Z|4027|DELETE|/etc/hosts|success|{}
2025-03-22T06:51:42Z|7002|EXECUTE|/dev/shm/.malware|success|{}
2025-03-22T06:51:53Z|9102|WRITE|/home/user/.ssh/id_rsa|success|{"size": 103895}
2025-03-22T06:52:00Z|9100|EXECUTE|/etc/passwd|success|{}
2025-03-22T06:52:20Z|9000|ATTRIBUTE|/var/www/.shell.php|success|{}
2025-03-22T06:52:40Z|1013|WRITE|/var/www/.shell.php|success|{"suspicious": true, "sequence": 10526}
2025-03-22T06:52:41Z|4000|DELETE|/var/www/.shell.php|success|{}
2025-03-22T06:52:46Z|9200|ATTRIBUTE|/etc/hosts|success|{}
2025-03-22T06:52:58Z|1015|RENAME|/tmp/test.txt|success|{}
2025-03-22T06:53:17Z|6002|WRITE|/etc/hosts|success|{"size": 606484}
2025-03-22T06:53:43Z|9201|RENAME|/home/user/.ssh/id_rsa|success|{}
2025-03-22T06:54:01Z|9100|DELETE|/home/user/documents/report.doc|failure|{}
2025-03-22T06:54:04Z|5013|DELETE|/home/user/.ssh/id_rsa|success|{}
2025-03-22T06:54:15Z|9204|RENAME|/tmp/.hidden_script|success|{}
2025-03-22T06:54:17Z|9003|DELETE|/etc/passwd|failure|{}
2025-03-22T06:54:41Z|9102|ATTRIBUTE|/tmp/test.txt|failure|{}
2025-03-22T06:54:47Z|9203|WRITE|/dev/shm/.malware|success|{"suspicious": true, "sequence": 10537}
2025-03-22T06:54:48Z|1007|READ|/dev/shm/.malware|success|{"suspicious": true, "sequence": 10538}
2025-03-22T06:55:14Z|9104|ATTRIBUTE|/etc/shadow|success|{}
2025-03-22T06:55:16Z|9104|DELETE|/tmp/test.txt|success|{}
2025-03-22T06:55:44Z|6008|READ|/etc/shadow|success|{}
2025-03-22T06:55:49Z|9201|EXECUTE|/etc/cron.d/.hack|success|{}
2025-03-22T06:56:10Z|9004|RENAME|/tmp/.hidden_script|success|{}
2025-03-22T06:56:29Z|9003|RENAME|/etc/passwd|success|{}
2025-03-22T06:56:30Z|1000|WRITE|/etc/shadow|failure|{"size": 318393}
2025-03-22T06:56:42Z|9202|EXECUTE|/tmp/test.txt|success|{}
2025-03-22T06:57:01Z|5005|ATTRIBUTE|/var/log/syslog|success|{}
2025-03-22T06:57:04Z|1007|WRITE|/etc/shadow|success|{"size": 92730}
2025-03-22T06:57:11Z|9002|EXECUTE|/etc/passwd|success|{}
2025-03-22T06:57:19Z|6008|ATTRIBUTE|/home/user/documents/report.doc|failure|{}
2025-03-22T06:57:42Z|5005|DELETE|/etc/passwd|success|{}
2025-03-22T06:57:55Z|5014|ATTRIBUTE|/tmp/.hidden_script|success|{}
2025-03-22T06:58:03Z|4|ATTRIBUTE|/tmp/.hidden_script|success|{}
2025-03-22T06:58:23Z|9200|WRITE|/var/www/.shell.php|success|{"suspicious": true, "sequence": 10554}
2025-03-22T06:58:27Z|9101|ATTRIBUTE|/var/log/syslog|success|{}
2025-03-22T06:58:38Z|1000|WRITE|/etc/hosts|failure|{"size": 246246}
2025-03-22T06:59:07Z|9003|DELETE|/etc/hosts|success|{}
2025-03-22T06:59:22Z|6009|WRITE|/tmp/.hidden_script|success|{"suspicious": true, "sequence": 10558}
2025-03-22T06:59:24Z|9001|WRITE|/var/www/.shell.php|success|{"suspicious": true, "sequence": 10559}
2025-03-22T06:59:27Z|4|DELETE|/etc/hosts|success|{}
2025-03-22T06:59:39Z|7002|RENAME|/etc/hosts|success|{}
2025-03-22T07:00:04Z|1014|EXECUTE|/var/log/syslog|success|{}
2025-03-22T07:00:19Z|1013|RENAME|/tmp/test.txt|success|{}
2025-03-22T07:00:35Z|4022|RENAME|/home/user/documents/report.doc|success|{}
2025-03-22T07:00:36Z|1001|RENAME|/etc/hosts|success|{}
2025-03-22T07:01:04Z|9102|ATTRIBUTE|/tmp/test.txt|success|{}
2025-03-22T07:01:23Z|5014|RENAME|/home/user/documents/report.doc|failure|{}
2025-03-22T07:01:27Z|9104|WRITE|/var/www/.shell.php|success|{"suspicious": true, "sequence": 10568}
2025-03-22T07:01:55Z|9102|ATTRIBUTE|/etc/hosts|success|{}
2025-03-22T07:02:05Z|1015|ATTRIBUTE|/etc/cron.d/.hack|success|{}
2025-03-22T07:02:33Z|4007|READ|/tmp/test.txt|success|{}
2025-03-22T07:02:56Z|6005|DELETE|/tmp/test.txt|success|{}
2025-03-22T07:03:24Z|9001|EXECUTE|/var/www/.shell.php|success|{}
2025-03-22T07:03:26Z|4004|DELETE|/dev/shm/.malware|success|{}
2025-03-22T07:03:46Z|6002|ATTRIBUTE|/tmp/backdoor.bin|success|{}
2025-03-22T07:04:06Z|6001|ATTRIBUTE|/etc/cron.d/.hack|success|{}
2025-03-22T07:04:19Z|4020|DELETE|/tmp/backdoor.bin|success|{}
2025-03-22T07:04:28Z|4024|EXECUTE|/var/log/syslog|success|{}
2025-03-22T07:04:47Z|5010|READ|/etc/shadow|success|{}
2025-03-22T07:04:56Z|1013|READ|/var/log/auth.log|success|{}
2025-03-22T07:05:22Z|7004|WRITE|/etc/cron.d/.hack|success|{"suspicious": true, "sequence": 10581}
2025-03-22T07:05:50Z|9203|RENAME|/home/user/.ssh/id_rsa|success|{}
2025-03-22T07:05:55Z|5014|READ|/tmp/test.txt|success|{}
2025-03-22T07:06:13Z|7001|READ|/dev/shm/.malware|success|{"suspicious": true, "sequence": 10584}
2025-03-22T07:06:24Z|1011|RENAME|/etc/passwd|success|{}
2025-03-22T07:06:50Z|9204|EXECUTE|/var/log/syslog|success|{}
2025-03-22T07:07:18Z|9101|READ|/etc/hosts|success|{}
2025-03-22T07:07:20Z|9202|DELETE|/tmp/backdoor.bin|failure|{}
2025-03-22T07:07:34Z|7000|WRITE|/tmp/.hidden_script|success|{"suspicious": true, "sequence": 10589}
2025-03-22T07:07:59Z|6009|RENAME|/tmp/.hidden_script|success|{}
2025-03-22T07:08:08Z|9003|WRITE|/var/www/.shell.php|success|{"suspicious": true, "sequence": 10591}
2025-03-22T07:08:27Z|9202|WRITE|/tmp/.hidden_script|success|{"suspicious": true, "sequence": 10592}
2025-03-22T07:08:57Z|1|WRITE|/etc/cron.d/.hack|success|{"suspicious": true, "sequence": 10593}
2025-03-22T07:09:23Z|9101|WRITE|/etc/hosts|success|{"size": 778534}
2025-03-22T07:09:33Z|9100|READ|/tmp/test.txt|success|{}
2025-03-22T07:09:37Z|1|EXECUTE|/dev/shm/.malware|success|{}
2025-03-22T07:09:40Z|9204|READ|/tmp/test.txt|success|{}
2025-03-22T07:10:09Z|2|DELETE|/etc/passwd|success|{}
2025-03-22T07:10:37Z|5010|WRITE|/var/www/.shell.php|success|{"suspicious": true, "sequence": 10599}
2025-03-22T07:10:56Z|9002|WRITE|/tmp/.hidden_script|success|{"suspicious": true, "sequence": 10600}
2025-03-22T07:11:13Z|3|READ|/etc/shadow|success|{}
2025-03-22T07:11:39Z|9200|DELETE|/dev/shm/.malware|success|{}
2025-03-22T07:12:07Z|6004|EXECUTE|/etc/shadow|failure|{}
2025-03-22T07:12:28Z|4019|DELETE|/tmp/backdoor.bin|success|{}
2025-03-22T07:12:31Z|6003|EXECUTE|/tmp/backdoor.bin|success|{}
2025-03-22T07:12:45Z|6005|ATTRIBUTE|/etc/passwd|success|{}
2025-03-22T07:13:07Z|3|ATTRIBUTE|/tmp/test.txt|success|{}
2025-03-22T07:13:37Z|6008|DELETE|/home/user/documents/report.doc|success|{}
2025-03-22T07:14:04Z|7002|EXECUTE|/tmp/test.txt|success|{}
2025-03-22T07:14:08Z|9000|ATTRIBUTE|/tmp/test.txt|success|{}
2025-03-22T07:14:34Z|9200|READ|/var/log/syslog|success|{}
2025-03-22T07:14:58Z|4021|EXECUTE|/etc/cron.d/.hack|success|{}
2025-03-22T07:15:15Z|5002|EXECUTE|/home/user/.ssh/id_rsa|success|{}
2025-03-22T07:15:36Z|9003|EXECUTE|/tmp/.hidden_script|success|{}
2025-03-22T07:15:56Z|4003|WRITE|/home/user/documents/report.doc|success|{"size": 678274}
2025-03-22T07:16:09Z|9203|ATTRIBUTE|/var/log/auth.log|success|{}
2025-03-22T07:16:32Z|5|WRITE|/etc/shadow|success|{"size": 960915}
2025-03-22T07:16:35Z|7003|ATTRIBUTE|/var/www/.shell.php|success|{}
2025-03-22T07:16:54Z|4015|READ|/etc/passwd|success|{}
2025-03-22T07:17:11Z|9200|EXECUTE|/tmp/.hidden_script|failure|{}
2025-03-22T07:17:39Z|9101|RENAME|/etc/hosts|success|{}
2025-03-22T07:17:41Z|6003|EXECUTE|/var/log/auth.log|success|{}
2025-03-22T07:17:57Z|4|RENAME|/home/user/.ssh/id_rsa|success|{}
2025-03-22T07:18:18Z|9101|WRITE|/etc/shadow|success|{"size": 55263}
2025-03-22T07:18:27Z|9000|DELETE|/tmp/.hidden_script|success|{}
2025-03-22T07:18:32Z|4013|WRITE|/tmp/backdoor.bin|success|{"suspicious": true, "sequence": 10626}
2025-03-22T07:18:47Z|9101|READ|/tmp/test.txt|success|{}
2025-03-22T07:19:09Z|7004|DELETE|/var/log/auth.log|success|{}
2025-03-22T07:19:22Z|1006|ATTRIBUTE|/var/log/syslog|success|{}
2025-03-22T07:19:31Z|7000|RENAME|/dev/shm/.malware|success|{}
2025-03-22T07:19:35Z|9200|EXECUTE|/etc/hosts|success|{}
2025-03-22T07:19:48Z|9002|ATTRIBUTE|/etc/cron.d/.hack|success|{}
2025-03-22T07:20:13Z|5012|READ|/var/log/auth.log|success|{}
2025-03-22T07:20:14Z|5014|WRITE|/var/log/syslog|failure|{"size": 838153}
2025-03-22T07:20:23Z|6003|EXECUTE|/etc/hosts|success|{}
2025-03-22T07:20:38Z|4028|RENAME|/home/user/documents/report.doc|success|{}
2025-03-22T07:21:06Z|5000|EXECUTE|/var/www/.shell.php|success|{}
2025-03-22T07:21:35Z|2|DELETE|/var/www/.shell.php|success|{}
2025-03-22T07:21:44Z|9000|RENAME|/var/www/.shell.php|success|{}
2025-03-22T07:22:03Z|1007|WRITE|/dev/shm/.malware|success|{"suspicious": true, "sequence": 10640}
2025-03-22T07:22:04Z|4028|EXECUTE|/dev/shm/.malware|success|{}
2025-03-22T07:22:20Z|9202|WRITE|/etc/shadow|success|{"size": 372753}
2025-03-22T07:22:41Z|7003|EXECUTE|/var/www/.shell.php|success|{}
2025-03-22T07:22:46Z|9204|ATTRIBUTE|/etc/hosts|success|{}
2025-03-22T07:23:02Z|2|READ|/tmp/test.txt|success|{}
2025-03-22T07:23:20Z|9103|DELETE|/etc/hosts|success|{}
2025-03-22T07:23:21Z|6005|ATTRIBUTE|/etc/passwd|success|{}
2025-03-22T07:23:45Z|9101|WRITE|/home/user/documents/report.doc|success|{"size": 465393}
2025-03-22T07:24:02Z|9001|EXECUTE|/tmp/test.txt|success|{}
2025-03-22T07:24:03Z|1|DELETE|/tmp/backdoor.bin|success|{}
2025-03-22T07:24:13Z|9104|DELETE|/var/log/auth.log|success|{}
2025-03-22T07:24:18Z|7000|ATTRIBUTE|/home/user/.ssh/id_rsa|success|{}
2025-03-22T07:24:38Z|9103|EXECUTE|/etc/shadow|success|{}
2025-03-22T07:25:01Z|5000|READ|/var/www/.shell.php|success|{"suspicious": true, "sequence": 10654}
2025-03-22T07:25:27Z|6009|ATTRIBUTE|/var/www/.shell.php|success|{}
2025-03-22T07:25:31Z|9203|ATTRIBUTE|/var/log/auth.log|success|{}
2025-03-22T07:25:48Z|6009|ATTRIBUTE|/var/log/auth.log|failure|{}
2025-03-22T07:26:04Z|9002|WRITE|/etc/cron.d/.hack|success|{"suspicious": true, "sequence": 10658}
2025-03-22T07:26:19Z|9201|RENAME|/home/user/.ssh/id_rsa|success|{}
2025-03-22T07:26:42Z|1009|RENAME|/etc/shadow|success|{}
2025-03-22T07:26:44Z|1017|ATTRIBUTE|/etc/passwd|success|{}
2025-03-22T07:27:10Z|5001|RENAME|/etc/cron.d/.hack|success|{}
2025-03-22T07:27:37Z|9203|WRITE|/etc/cron.d/.hack|success|{"suspicious": true, "sequence": 10663}
2025-03-22T07:27:49Z|4|ATTRIBUTE|/var/log/syslog|success|{}
2025-03-22T07:27:50Z|9101|RENAME|/home/user/.ssh/id_rsa|success|{}
2025-03-22T07:27:52Z|9101|READ|/etc/shadow|success|{}
2025-03-22T07:28:17Z|7003|WRITE|/var/log/syslog|success|{"size": 839183}
2025-03-22T07:28:45Z|7003|WRITE|/etc/shadow|failure|{"size": 651915}
2025-03-22T07:28:47Z|5005|EXECUTE|/etc/cron.d/.hack|success|{}
2025-03-22T07:28:50Z|4021|DELETE|/etc/shadow|success|{}
2025-03-22T07:28:59Z|7000|RENAME|/tmp/test.txt|failure|{}
2025-03-22T07:29:11Z|7000|DELETE|/etc/passwd|success|{}
2025-03-22T07:29:24Z|5005|DELETE|/etc/cron.d/.hack|failure|{}
2025-03-22T07:29:43Z|5010|READ|/var/log/auth.log|success|{}
2025-03-22T07:30:02Z|9101|DELETE|/etc/cron.d/.hack|success|{}
2025-03-22T07:30:15Z|9100|RENAME|/home/user/.ssh/id_rsa|success|{}
2025-03-22T07:30:33Z|9004|EXECUTE|/tmp/backdoor.bin|success|{}
2025-03-22T07:30:57Z|4003|ATTRIBUTE|/var/log/syslog|failure|{}
2025-03-22T07:31:14Z|6008|EXECUTE|/etc/cron.d/.hack|success|{}
2025-03-22T07:31:24Z|5008|RENAME|/etc/passwd|success|{}
2025-03-22T07:31:48Z|5014|EXECUTE|/tmp/backdoor.bin|success|{}
2025-03-22T07:32:13Z|9102|ATTRIBUTE|/tmp/backdoor.bin|success|{}
2025-03-22T07:32:19Z|6004|ATTRIBUTE|/var/www/.shell.php|success|{}
2025-03-22T07:32:27Z|9002|EXECUTE|/var/log/syslog|success|{}
2025-03-22T07:32:48Z|9202|WRITE|/home/user/.ssh/id_rsa|success|{"size": 485623}
2025-03-22T07:32:52Z|9203|DELETE|/etc/shadow|success|{}
2025-03-22T07:32:58Z|7002|READ|/var/log/auth.log|success|{}
2025-03-22T07:32:59Z|3|ATTRIBUTE|/etc/shadow|success|{}
2025-03-22T07:33:25Z|1|RENAME|/etc/cron.d/.hack|success|{}
2025-03-22T07:33:41Z|9101|EXECUTE|/tmp/backdoor.bin|success|{}
2025-03-22T07:34:07Z|9101|RENAME|/tmp/backdoor.bin|success|{}
2025-03-22T07:34:24Z|6001|READ|/tmp/backdoor.bin|success|{"suspicious": true, "sequence": 10692}
2025-03-22T07:34:54Z|1017|READ|/home/user/.ssh/id_rsa|success|{}
2025-03-22T07:35:07Z|6001|ATTRIBUTE|/var/log/syslog|failure|{}
2025-03-22T07:35:17Z|7002|RENAME|/var/log/auth.log|success|{}
2025-03-22T07:35:27Z|9201|RENAME|/etc/passwd|success|{}
2025-03-22T07:35:40Z|9104|WRITE|/dev/shm/.malware|failure|{"suspicious": true, "sequence": 10697}
2025-03-22T07:36:02Z|5008|DELETE|/etc/hosts|success|{}
2025-03-22T07:36:10Z|1009|READ|/etc/hosts|success|{}
2025-03-22T07:36:27Z|9202|ATTRIBUTE|/var/log/syslog|success|{}
2025-03-22T07:36:42Z|6009|WRITE|/var/log/auth.log|success|{"size": 981800}
2025-03-22T07:36:57Z|9001|DELETE|/var/log/auth.log|success|{}
2025-03-22T07:37:04Z|7002|WRITE|/etc/cron.d/.hack|success|{"suspicious": true, "sequence": 10703}
2025-03-22T07:37:22Z|9101|EXECUTE|/home/user/documents/report.doc|success|{}
2025-03-22T07:37:29Z|7000|RENAME|/dev/shm/.malware|success|{}
2025-03-22T07:37:40Z|1|DELETE|/dev/shm/.malware|success|{}
2025-03-22T07:37:54Z|6001|READ|/var/www/.shell.php|success|{"suspicious": true, "sequence": 10707}
2025-03-22T07:37:57Z|9104|WRITE|/etc/passwd|success|{"size": 689829}
2025-03-22T07:37:59Z|4|RENAME|/var/www/.shell.php|success|{}
2025-03-22T07:38:11Z|1012|EXECUTE|/home/user/.ssh/id_rsa|success|{}
2025-03-22T07:38:16Z|9104|READ|/var/www/.shell.php|success|{"suspicious": true, "sequence": 10711}
2025-03-22T07:38:26Z|5012|READ|/var/www/.shell.php|success|{"suspicious": true, "sequence": 10712}
2025-03-22T07:38:56Z|4023|DELETE|/etc/cron.d/.hack|failure|{}
2025-03-22T07:39:23Z|1002|ATTRIBUTE|/tmp/.hidden_script|success|{}
2025-03-22T07:39:25Z|5003|ATTRIBUTE|/home/user/.ssh/id_rsa|success|{}
2025-03-22T07:39:32Z|6007|DELETE|/var/log/syslog|success|{}
2025-03-22T07:39:59Z|9104|WRITE|/tmp/backdoor.bin|success|{"suspicious": true, "sequence": 10717}
2025-03-22T07:40:01Z|9103|EXECUTE|/home/user/.ssh/id_rsa|success|{}
2025-03-22T07:40:12Z|5009|RENAME|/tmp/backdoor.bin|success|{}
2025-03-22T07:40:30Z|6000|DELETE|/etc/cron.d/.hack|success|{}
2025-03-22T07:40:38Z|9200|RENAME|/tmp/backdoor.bin|success|{}
2025-03-22T07:40:53Z|1|EXECUTE|/etc/hosts|success|{}
2025-03-22T07:41:10Z|9203|WRITE|/etc/shadow|success|{"size": 538518}
2025-03-22T07:41:36Z|9002|RENAME|/etc/shadow|success|{}
2025-03-22T07:41:56Z|6004|READ|/home/user/documents/report.doc|success|{}
2025-03-22T07:42:00Z|7003|ATTRIBUTE|/var/log/syslog|success|{}
2025-03-22T07:42:14Z|5012|WRITE|/etc/shadow|success|{"size": 70419}
2025-03-22T07:42:41Z|5003|RENAME|/home/user/.ssh/id_rsa|failure|{}
2025-03-22T07:42:44Z|9203|RENAME|/home/user/documents/report.doc|success|{}
2025-03-22T07:43:04Z|9200|READ|/etc/cron.d/.hack|success|{"suspicious": true, "sequence": 10730}
2025-03-22T07:43:17Z|4025|RENAME|/home/user/documents/report.doc|success|{}
2025-03-22T07:43:46Z|7003|ATTRIBUTE|/tmp/.hidden_script|success|{}
2025-03-22T07:44:14Z|4028|READ|/var/log/auth.log|success|{}
2025-03-22T07:44:15Z|9004|EXECUTE|/etc/passwd|success|{}
2025-03-22T07:44:34Z|3|EXECUTE|/var/log/syslog|success|{}
2025-03-22T07:45:01Z|6005|DELETE|/tmp/test.txt|success|{}
2025-03-22T07:45:08Z|5002|DELETE|/var/log/syslog|success|{}
2025-03-22T07:45:12Z|4005|ATTRIBUTE|/etc/passwd|success|{}
2025-03-22T07:45:36Z|1|READ|/tmp/test.txt|success|{}
2025-03-22T07:45:44Z|1015|WRITE|/etc/hosts|success|{"size": 884831}
2025-03-22T07:46:04Z|6004|RENAME|/etc/shadow|failure|{}
2025-03-22T07:46:21Z|5010|DELETE|/home/user/documents/report.doc|success|{}
2025-03-22T07:46:47Z|9201|ATTRIBUTE|/home/user/.ssh/id_rsa|success|{}
2025-03-22T07:47:03Z|3|EXECUTE|/etc/cron.d/.hack|failure|{}
2025-03-22T07:47:07Z|4029|DELETE|/etc/cron.d/.hack|success|{}
2025-03-22T07:47:10Z|6005|RENAME|/tmp/.hidden_script|success|{}
2025-03-22T07:47:26Z|9102|EXECUTE|/tmp/test.txt|failure|{}
2025-03-22T07:47:49Z|7004|WRITE|/tmp/backdoor.bin|success|{"suspicious": true, "sequence": 10748}
2025-03-22T07:48:03Z|9002|WRITE|/var/log/auth.log|success|{"size": 543420}
2025-03-22T07:48:24Z|5012|READ|/etc/cron.d/.hack|success|{"suspicious": true, "sequence": 10750}
2025-03-22T07:48:39Z|9201|DELETE|/tmp/.hidden_script|success|{}
2025-03-22T07:48:57Z|9103|READ|/dev/shm/.malware|success|{"suspicious": true, "sequence": 10752}
2025-03-22T07:49:24Z|4029|READ|/etc/passwd|success|{}
2025-03-22T07:49:47Z|6008|EXECUTE|/var/log/auth.log|success|{}
2025-03-22T07:50:14Z|4019|WRITE|/etc/cron.d/.hack|success|{"suspicious": true, "sequence": 10755}
2025-03-22T07:50:31Z|4000|ATTRIBUTE|/etc/hosts|success|{}
2025-03-22T07:51:01Z|1015|READ|/home/user/.ssh/id_rsa|success|{}
2025-03-22T07:51:08Z|4024|READ|/tmp/.hidden_script|success|{"suspicious": true, "sequence": 10758}
2025-03-22T07:51:25Z|7002|RENAME|/tmp/test.txt|success|{}
2025-03-22T07:51:40Z|1012|RENAME|/etc/hosts|success|{}
2025-03-22T07:52:09Z|9102|ATTRIBUTE|/var/www/.shell.php|failure|{}
2025-03-22T07:52:30Z|9103|WRITE|/var/www/.shell.php|success|{"suspicious": true, "sequence": 10762}
2025-03-22T07:52:40Z|9204|WRITE|/home/user/documents/report.doc|success|{"size": 185724}
2025-03-22T07:52:54Z|5010|RENAME|/home/user/documents/report.doc|success|{}
2025-03-22T07:53:13Z|5010|READ|/tmp/.hidden_script|failure|{"suspicious": true, "sequence": 10765}
2025-03-22T07:53:40Z|6005|EXECUTE|/home/user/documents/report.doc|success|{}
2025-03-22T07:53:47Z|1010|DELETE|/var/log/syslog|success|{}
2025-03-22T07:53:48Z|9104|ATTRIBUTE|/var/log/syslog|success|{}
2025-03-22T07:54:05Z|6005|ATTRIBUTE|/var/log/syslog|success|{}
2025-03-22T07:54:09Z|7002|EXECUTE|/var/www/.shell.php|success|{}
2025-03-22T07:54:36Z|7003|WRITE|/home/user/documents/report.doc|success|{"size": 551164}
2025-03-22T07:54:51Z|9104|EXECUTE|/var/www/.shell.php|success|{}
2025-03-22T07:55:03Z|1|RENAME|/etc/hosts|success|{}
2025-03-22T07:55:12Z|4010|READ|/tmp/test.txt|success|{}
2025-03-22T07:55:28Z|7001|WRITE|/var/www/.shell.php|failure|{"suspicious": true, "sequence": 10775}
2025-03-22T07:55:49Z|9203|READ|/tmp/test.txt|success|{}
2025-03-22T07:56:04Z|9102|EXECUTE|/tmp/.hidden_script|success|{}
2025-03-22T07:56:06Z|5014|READ|/tmp/.hidden_script|success|{"suspicious": true, "sequence": 10778}
2025-03-22T07:56:23Z|1011|READ|/var/log/auth.log|success|{}
2025-03-22T07:56:51Z|6008|READ|/etc/shadow|success|{}
2025-03-22T07:56:52Z|7001|EXECUTE|/home/user/.ssh/id_rsa|success|{}
2025-03-22T07:57:00Z|1014|DELETE|/etc/cron.d/.hack|success|{}
2025-03-22T07:57:08Z|4027|WRITE|/etc/passwd|success|{"size": 164664}
2025-03-22T07:57:37Z|5007|ATTRIBUTE|/var/log/auth.log|success|{}
2025-03-22T07:57:58Z|9103|READ|/dev/shm/.malware|success|{"suspicious": true, "sequence": 10785}
2025-03-22T07:58:17Z|9104|RENAME|/tmp/backdoor.bin|success|{}
2025-03-22T07:58:43Z|6002|DELETE|/etc/passwd|success|{}
2025-03-22T07:59:10Z|9204|EXECUTE|/etc/passwd|success|{}
2025-03-22T07:59:19Z|9003|DELETE|/tmp/backdoor.bin|success|{}
2025-03-22T07:59:21Z|9203|READ|/var/log/auth.log|success|{}
2025-03-22T07:59:51Z|3|EXECUTE|/var/log/syslog|success|{}
2025-03-22T08:00:13Z|9103|WRITE|/var/log/auth.log|success|{"size": 127642}
2025-03-22T08:00:20Z|4006|WRITE|/tmp/backdoor.bin|success|{"suspicious": true, "sequence": 10793}
2025-03-22T08:00:48Z|3|RENAME|/etc/passwd|success|{}
2025-03-22T08:01:15Z|9100|READ|/etc/cron.d/.hack|success|{"suspicious": true, "sequence": 10795}
2025-03-22T08:01:30Z|9200|RENAME|/var/log/auth.log|success|{}
2025-03-22T08:02:00Z|1018|WRITE|/var/log/syslog|success|{"size": 114759}
2025-03-22T08:02:23Z|4013|DELETE|/tmp/.hidden_script|success|{}
2025-03-22T08:02:50Z|5002|RENAME|/tmp/.hidden_script|success|{}
2025-03-22T08:03:07Z|4018|ATTRIBUTE|/var/www/.shell.php|success|{}
2025-03-22T08:03:15Z|5001|RENAME|/etc/passwd|success|{}
2025-03-22T08:03:20Z|4006|DELETE|/etc/passwd|success|{}
2025-03-22T08:03:46Z|6008|ATTRIBUTE|/var/log/syslog|success|{}
2025-03-22T08:04:13Z|5003|READ|/home/user/documents/report.doc|success|{}
2025-03-22T08:04:26Z|1|ATTRIBUTE|/home/user/.ssh/id_rsa|success|{}
2025-03-22T08:04:33Z|9202|RENAME|/home/user/.ssh/id_rsa|success|{}
2025-03-22T08:05:03Z|5002|ATTRIBUTE|/etc/shadow|success|{}
2025-03-22T08:05:21Z|9200|READ|/var/log/auth.log|success|{}
2025-03-22T08:05:39Z|5012|WRITE|/etc/shadow|success|{"size": 706499}
2025-03-22T08:05:43Z|9204|RENAME|/tmp/test.txt|success|{}
2025-03-22T08:06:13Z|7001|ATTRIBUTE|/tmp/.hidden_script|success|{}
2025-03-22T08:06:15Z|9003|DELETE|/home/user/documents/report.doc|success|{}
2025-03-22T08:06:31Z|9001|ATTRIBUTE|/tmp/backdoor.bin|success|{}
2025-03-22T08:06:34Z|4014|READ|/tmp/test.txt|success|{}
2025-03-22T08:06:41Z|4|READ|/tmp/.hidden_script|success|{"suspicious": true, "sequence": 10815}
2025-03-22T08:06:52Z|7002|RENAME|/home/user/documents/report.doc|success|{}
2025-03-22T08:07:01Z|9000|EXECUTE|/var/log/syslog|failure|{}
2025-03-22T08:07:10Z|9102|ATTRIBUTE|/var/log/auth.log|failure|{}
2025-03-22T08:07:27Z|6004|ATTRIBUTE|/var/log/auth.log|failure|{}
2025-03-22T08:07:51Z|1007|READ|/var/log/syslog|success|{}
2025-03-22T08:08:16Z|1011|READ|/var/www/.shell.php|failure|{"suspicious": true, "sequence": 10821}
2025-03-22T08:08:27Z|9000|WRITE|/var/log/auth.log|success|{"size": 368336}
2025-03-22T08:08:34Z|4004|RENAME|/var/www/.shell.php|success|{}
2025-03-22T08:08:52Z|5001|READ|/etc/cron.d/.hack|success|{"suspicious": true, "sequence": 10824}
2025-03-22T08:09:13Z|9202|ATTRIBUTE|/var/log/auth.log|success|{}
2025-03-22T08:09:31Z|1|WRITE|/etc/passwd|success|{"size": 922672}
2025-03-22T08:09:48Z|9004|READ|/tmp/backdoor.bin|failure|{"suspicious": true, "sequence": 10827}
2025-03-22T08:10:09Z|7003|RENAME|/dev/shm/.malware|success|{}
2025-03-22T08:10:21Z|9102|EXECUTE|/tmp/test.txt|success|{}
2025-03-22T08:10:50Z|5003|READ|/etc/cron.d/.hack|failure|{"suspicious": true, "sequence": 10830}
2025-03-22T08:11:10Z|9202|RENAME|/etc/passwd|success|{}
2025-03-22T08:11:36Z|6000|EXECUTE|/etc/hosts|failure|{}
2025-03-22T08:11:54Z|9102|EXECUTE|/etc/cron.d/.hack|success|{}
2025-03-22T08:12:07Z|1|EXECUTE|/etc/passwd|success|{}
2025-03-22T08:12:29Z|3|DELETE|/tmp/.hidden_script|success|{}
2025-03-22T08:12:30Z|5006|WRITE|/dev/shm/.malware|success|{"suspicious": true, "sequence": 10836}
2025-03-22T08:12:41Z|4025|WRITE|/tmp/backdoor.bin|failure|{"suspicious": true, "sequence": 10837}
2025-03-22T08:13:09Z|9000|EXECUTE|/home/user/.ssh/id_rsa|success|{}
2025-03-22T08:13:21Z|6009|RENAME|/tmp/backdoor.bin|success|{}
2025-03-22T08:13:26Z|9201|ATTRIBUTE|/home/user/.ssh/id_rsa|success|{}
2025-03-22T08:13:39Z|5010|READ|/etc/shadow|success|{}
2025-03-22T08:14:08Z|1006|ATTRIBUTE|/var/log/auth.log|success|{}
2025-03-22T08:14:27Z|5008|RENAME|/var/log/auth.log|success|{}
2025-03-22T08:14:42Z|7004|RENAME|/etc/hosts|failure|{}
2025-03-22T08:15:10Z|6006|WRITE|/etc/shadow|success|{"size": 617583}
2025-03-22T08:15:17Z|9202|ATTRIBUTE|/home/user/documents/report.doc|success|{}
2025-03-22T08:15:37Z|7002|DELETE|/etc/hosts|failure|{}
2025-03-22T08:15:57Z|9101|DELETE|/home/user/documents/report.doc|success|{}
2025-03-22T08:15:59Z|9004|WRITE|/tmp/.hidden_script|success|{"suspicious": true, "sequence": 10849}
2025-03-22T08:16:05Z|9202|RENAME|/var/www/.shell.php|success|{}
2025-03-22T08:16:28Z|7003|EXECUTE|/tmp/test.txt|success|{}
2025-03-22T08:16:50Z|4008|DELETE|/etc/cron.d/.hack|success|{}
2025-03-22T08:17:09Z|5012|READ|/tmp/backdoor.bin|success|{"suspicious": true, "sequence": 10853}
2025-03-22T08:17:38Z|4007|DELETE|/var/log/auth.log|success|{}
2025-03-22T08:18:05Z|5013|WRITE|/tmp/backdoor.bin|success|{"suspicious": true, "sequence": 10855}
2025-03-22T08:18:14Z|9001|READ|/home/user/.ssh/id_rsa|success|{}
2025-03-22T08:18:20Z|9102|READ|/var/log/auth.log|success|{}
2025-03-22T08:18:45Z|3|DELETE|/var/log/syslog|success|{}
2025-03-22T08:18:53Z|9102|DELETE|/var/log/syslog|success|{}
2025-03-22T08:19:06Z|4024|RENAME|/home/user/documents/report.doc|success|{}
2025-03-22T08:19:16Z|9004|ATTRIBUTE|/var/log/syslog|success|{}
2025-03-22T08:19:23Z|6006|DELETE|/var/www/.shell.php|success|{}
2025-03-22T08:19:32Z|7000|DELETE|/tmp/backdoor.bin|failure|{}
2025-03-22T08:19:42Z|9003|ATTRIBUTE|/var/www/.shell.php|success|{}
2025-03-22T08:19:45Z|4|READ|/var/www/.shell.php|success|{"suspicious": true, "sequence": 10865}
2025-03-22T08:20:15Z|9101|READ|/etc/passwd|success|{}
2025-03-22T08:20:17Z|7002|RENAME|/tmp/test.txt|success|{}
2025-03-22T08:20:19Z|1004|ATTRIBUTE|/dev/shm/.malware|success|{}
2025-03-22T08:20:40Z|1010|RENAME|/etc/cron.d/.hack|success|{}
2025-03-22T08:21:08Z|5005|READ|/home/user/.ssh/id_rsa|success|{}
2025-03-22T08:21:12Z|9204|EXECUTE|/var/log/syslog|success|{}
2025-03-22T08:21:17Z|4016|ATTRIBUTE|/etc/passwd|success|{}
2025-03-22T08:21:20Z|9101|ATTRIBUTE|/etc/shadow|failure|{}
2025-03-22T08:21:30Z|5007|EXECUTE|/home/user/documents/report.doc|success|{}
2025-03-22T08:21:50Z|9200|RENAME|/etc/cron.d/.hack|success|{}
2025-03-22T08:21:57Z|4026|ATTRIBUTE|/etc/passwd|success|{}
2025-03-22T08:22:00Z|9101|ATTRIBUTE|/tmp/backdoor.bin|success|{}
2025-03-22T08:22:18Z|4006|EXECUTE|/etc/shadow|success|{}
2025-03-22T08:22:29Z|4019|DELETE|/home/user/.ssh/id_rsa|success|{}
2025-03-22T08:22:55Z|9002|RENAME|/home/user/documents/report.doc|success|{}
2025-03-22T08:23:25Z|3|DELETE|/var/log/syslog|success|{}
2025-03-22T08:23:27Z|5008|READ|/var/log/syslog|success|{}
2025-03-22T08:23:50Z|5008|WRITE|/tmp/test.txt|success|{"size": 506277}
2025-03-22T08:24:16Z|9004|DELETE|/etc/shadow|success|{}
2025-03-22T08:24:38Z|5005|EXECUTE|/var/log/auth.log|success|{}
2025-03-22T08:24:41Z|4|READ|/var/log/auth.log|success|{}
2025-03-22T08:24:59Z|9104|RENAME|/etc/passwd|success|{}
2025-03-22T08:25:01Z|6003|RENAME|/etc/shadow|failure|{}
2025-03-22T08:25:16Z|9100|DELETE|/home/user/.ssh/id_rsa|success|{}
2025-03-22T08:25:40Z|9203|ATTRIBUTE|/home/user/documents/report.doc|success|{}
2025-03-22T08:25:59Z|6003|WRITE|/var/log/auth.log|success|{"size": 350836}
2025-03-22T08:26:02Z|5005|DELETE|/tmp/test.txt|success|{}
2025-03-22T08:26:11Z|5008|EXECUTE|/tmp/.hidden_script|success|{}
2025-03-22T08:26:18Z|9202|DELETE|/etc/hosts|failure|{}
2025-03-22T08:26:38Z|5003|EXECUTE|/etc/passwd|success|{}
2025-03-22T08:27:03Z|9103|WRITE|/tmp/test.txt|success|{"size": 953425}
2025-03-22T08:27:32Z|7003|READ|/etc/hosts|success|{}
2025-03-22T08:27:46Z|4013|DELETE|/etc/cron.d/.hack|failure|{}
2025-03-22T08:27:56Z|7002|EXECUTE|/tmp/.hidden_script|failure|{}
2025-03-22T08:28:11Z|7001|ATTRIBUTE|/dev/shm/.malware|failure|{}
2025-03-22T08:28:29Z|7001|DELETE|/home/user/documents/report.doc|success|{}
2025-03-22T08:28:30Z|1009|RENAME|/dev/shm/.malware|failure|{}
2025-03-22T08:28:38Z|7003|RENAME|/etc/shadow|success|{}
2025-03-22T08:28:49Z|9102|WRITE|/tmp/test.txt|success|{"size": 1018931}
2025-03-22T08:29:11Z|4|WRITE|/dev/shm/.malware|success|{"suspicious": true, "sequence": 10905}
2025-03-22T08:29:29Z|1005|EXECUTE|/tmp/.hidden_script|success|{}
2025-03-22T08:29:52Z|9104|READ|/etc/passwd|failure|{}
2025-03-22T08:30:08Z|1016|WRITE|/etc/hosts|success|{"size": 3891}
2025-03-22T08:30:14Z|9204|WRITE|/etc/cron.d/.hack|failure|{"suspicious": true, "sequence": 10909}
2025-03-22T08:30:15Z|9004|WRITE|/etc/passwd|success|{"size": 155821}
2025-03-22T08:30:41Z|1003|RENAME|/dev/shm/.malware|success|{}
2025-03-22T08:30:58Z|5003|DELETE|/etc/shadow|success|{}
2025-03-22T08:31:25Z|6007|RENAME|/tmp/.hidden_script|success|{}
2025-03-22T08:31:53Z|7003|DELETE|/var/log/syslog|success|{}
2025-03-22T08:32:10Z|4|EXECUTE|/etc/hosts|success|{}
2025-03-22T08:32:26Z|4008|EXECUTE|/home/user/documents/report.doc|failure|{}
2025-03-22T08:32:34Z|4007|EXECUTE|/tmp/.hidden_script|success|{}
2025-03-22T08:32:39Z|1010|READ|/var/log/auth.log|failure|{}
2025-03-22T08:33:02Z|9201|ATTRIBUTE|/etc/passwd|success|{}
2025-03-22T08:33:26Z|6007|DELETE|/home/user/documents/report.doc|success|{}
2025-03-22T08:33:50Z|5012|READ|/tmp/test.txt|failure|{}
2025-03-22T08:33:51Z|6000|DELETE|/tmp/.hidden_script|success|{}
2025-03-22T08:34:09Z|4002|WRITE|/etc/passwd|success|{"size": 634021}
2025-03-22T08:34:27Z|5000|DELETE|/var/log/auth.log|success|{}
2025-03-22T08:34:51Z|4027|WRITE|/tmp/backdoor.bin|success|{"suspicious": true, "sequence": 10925}
2025-03-22T08:35:03Z|1003|READ|/etc/hosts|success|{}
2025-03-22T08:35:16Z|4012|EXECUTE|/var/www/.shell.php|success|{}
2025-03-22T08:35:28Z|7004|DELETE|/var/log/auth.log|failure|{}
2025-03-22T08:35:43Z|7004|DELETE|/tmp/.hidden_script|success|{}
2025-03-22T08:35:44Z|5|ATTRIBUTE|/etc/passwd|success|{}
2025-03-22T08:36:11Z|9002|WRITE|/etc/cron.d/.hack|success|{"suspicious": true, "sequence": 10931}
2025-03-22T08:36:17Z|9000|WRITE|/var/log/auth.log|success|{"size": 802005}
2025-03-22T08:36:35Z|6008|DELETE|/tmp/.hidden_script|success|{}
2025-03-22T08:37:02Z|4001|RENAME|/tmp/test.txt|success|{}
2025-03-22T08:37:09Z|9204|EXECUTE|/var/log/syslog|success|{}
2025-03-22T08:37:18Z|9102|ATTRIBUTE|/etc/cron.d/.hack|success|{}
2025-03-22T08:37:28Z|5005|EXECUTE|/etc/passwd|success|{}
2025-03-22T08:37:30Z|5012|READ|/tmp/test.txt|success|{}
2025-03-22T08:37:55Z|7003|EXECUTE|/tmp/.hidden_script|success|{}
2025-03-22T08:38:08Z|4019|RENAME|/var/log/syslog|success|{}
2025-03-22T08:38:16Z|9202|WRITE|/tmp/test.txt|success|{"size": 558121}
2025-03-22T08:38:19Z|7004|READ|/dev/shm/.malware|success|{"suspicious": true, "sequence": 10942}
2025-03-22T08:38:24Z|4|DELETE|/home/user/.ssh/id_rsa|success|{}
2025-03-22T08:38:51Z|4012|DELETE|/tmp/test.txt|success|{}
2025-03-22T08:39:10Z|1013|EXECUTE|/home/user/.ssh/id_rsa|success|{}
2025-03-22T08:39:40Z|9202|RENAME|/dev/shm/.malware|success|{}
2025-03-22T08:40:03Z|9200|DELETE|/tmp/.hidden_script|success|{}
2025-03-22T08:40:20Z|4015|WRITE|/home/user/documents/report.doc|failure|{"size": 398618}
2025-03-22T08:40:50Z|9101|WRITE|/etc/cron.d/.hack|success|{"suspicious": true, "sequence": 10949}
2025-03-22T08:41:17Z|9003|RENAME|/home/user/.ssh/id_rsa|success|{}
2025-03-22T08:41:45Z|9102|ATTRIBUTE|/var/www/.shell.php|success|{}
2025-03-22T08:42:14Z|9101|EXECUTE|/tmp/backdoor.bin|success|{}
2025-03-22T08:42:35Z|9101|EXECUTE|/etc/passwd|success|{}
2025-03-22T08:42:51Z|9200|EXECUTE|/etc/shadow|success|{}
2025-03-22T08:43:17Z|9002|ATTRIBUTE|/etc/shadow|success|{}
2025-03-22T08:43:39Z|5|EXECUTE|/home/user/documents/report.doc|success|{}
2025-03-22T08:44:07Z|9103|DELETE|/etc/passwd|success|{}
2025-03-22T08:44:27Z|9100|RENAME|/tmp/.hidden_script|success|{}
2025-03-22T08:44:35Z|5010|WRITE|/var/www/.shell.php|success|{"suspicious": true, "sequence": 10959}
2025-03-22T08:45:04Z|9200|DELETE|/var/log/syslog|success|{}
2025-03-22T08:45:25Z|1009|EXECUTE|/tmp/.hidden_script|success|{}
2025-03-22T08:45:42Z|7001|EXECUTE|/dev/shm/.malware|success|{}
2025-03-22T08:45:45Z|4010|READ|/home/user/.ssh/id_rsa|success|{}
2025-03-22T08:46:05Z|1008|ATTRIBUTE|/etc/shadow|success|{}
2025-03-22T08:46:15Z|4027|DELETE|/home/user/documents/report.doc|success|{}
2025-03-22T08:46:26Z|9203|EXECUTE|/var/log/auth.log|success|{}
2025-03-22T08:46:28Z|7001|ATTRIBUTE|/var/log/syslog|success|{}
2025-03-22T08:46:46Z|9201|DELETE|/tmp/test.txt|success|{}
2025-03-22T08:46:55Z|5014|DELETE|/tmp/backdoor.bin|success|{}
2025-03-22T08:47:23Z|6001|EXECUTE|/var/log/syslog|success|{}
2025-03-22T08:47:27Z|5004|READ|/tmp/backdoor.bin|success|{"suspicious": true, "sequence": 10971}
2025-03-22T08:47:51Z|2|ATTRIBUTE|/tmp/backdoor.bin|success|{}
2025-03-22T08:48:16Z|9101|ATTRIBUTE|/tmp/.hidden_script|success|{}
2025-03-22T08:48:17Z|5008|EXECUTE|/etc/passwd|success|{}
2025-03-22T08:48:25Z|3|EXECUTE|/tmp/test.txt|success|{}
2025-03-22T08:48:33Z|4004|ATTRIBUTE|/var/www/.shell.php|success|{}
2025-03-22T08:48:52Z|5|EXECUTE|/tmp/test.txt|success|{}
2025-03-22T08:49:03Z|9203|EXECUTE|/etc/shadow|success|{}
2025-03-22T08:49:17Z|3|READ|/etc/hosts|success|{}
2025-03-22T08:49:26Z|6006|EXECUTE|/tmp/.hidden_script|failure|{}
2025-03-22T08:49:53Z|3|ATTRIBUTE|/var/www/.shell.php|success|{}
2025-03-22T08:50:15Z|1|ATTRIBUTE|/tmp/test.txt|success|{}
2025-03-22T08:50:42Z|5003|EXECUTE|/var/log/auth.log|success|{}
2025-03-22T08:51:11Z|3|WRITE|/home/user/documents/report.doc|success|{"size": 387341}
2025-03-22T08:51:32Z|5002|READ|/etc/shadow|success|{}
2025-03-22T08:51:36Z|4006|EXECUTE|/etc/shadow|success|{}
2025-03-22T08:52:04Z|9001|WRITE|/etc/hosts|success|{"size": 210887}
2025-03-22T08:52:20Z|7002|ATTRIBUTE|/etc/cron.d/.hack|success|{}
2025-03-22T08:52:47Z|6003|DELETE|/var/www/.shell.php|failure|{}
2025-03-22T08:53:08Z|5013|READ|/etc/hosts|success|{}
2025-03-22T08:53:16Z|9200|ATTRIBUTE|/home/user/.ssh/id_rsa|success|{}
2025-03-22T08:53:33Z|9204|RENAME|/var/log/auth.log|failure|{}
2025-03-22T08:53:36Z|9102|READ|/var/log/syslog|success|{}
2025-03-22T08:53:38Z|6004|RENAME|/etc/passwd|success|{}
2025-03-22T08:53:54Z|7003|WRITE|/home/user/.ssh/id_rsa|success|{"size": 275864}
2025-03-22T08:54:08Z|7000|ATTRIBUTE|/var/log/syslog|success|{}
2025-03-22T08:54:19Z|9201|EXECUTE|/etc/cron.d/.hack|failure|{}
2025-03-22T08:54:22Z|4021|READ|/tmp/test.txt|success|{}
2025-03-22T08:54:29Z|9203|RENAME|/tmp/test.txt|success|{}
2025-03-22T08:54:39Z|5003|READ|/var/log/auth.log|success|{}
2025-03-22T08:54:54Z|5009|EXECUTE|/etc/hosts|success|{}
2025-03-22T08:55:10Z|9204|READ|/etc/passwd|success|{}
2025-03-22T08:55:25Z|5|DELETE|/etc/shadow|success|{}
2025-03-22T08:55:35Z|4002|READ|/home/user/.ssh/id_rsa|success|{}
2025-03-22T08:55:57Z|4001|DELETE|/dev/shm/.malware|success|{}
2025-03-22T08:56:01Z|4023|READ|/tmp/test.txt|success|{}
2025-03-22T08:56:09Z|6006|RENAME|/etc/hosts|success|{}
2025-03-22T08:56:22Z|4013|DELETE|/var/www/.shell.php|success|{}
2025-03-22T08:56:28Z|9001|EXECUTE|/etc/hosts|success|{}
2025-03-22T08:56:33Z|9202|READ|/etc/passwd|success|{}
2025-03-22T08:56:57Z|5007|WRITE|/home/user/documents/report.doc|success|{"size": 360503}
2025-03-22T08:57:26Z|5009|RENAME|/etc/shadow|success|{}
2025-03-22T08:57:52Z|9202|READ|/tmp/.hidden_script|success|{"suspicious": true, "sequence": 11013}
2025-03-22T08:58:11Z|4|WRITE|/var/log/syslog|success|{"size": 842599}
2025-03-22T08:58:40Z|1008|RENAME|/home/user/documents/report.doc|success|{}
2025-03-22T08:59:00Z|9103|EXECUTE|/etc/shadow|failure|{}
2025-03-22T08:59:07Z|5004|READ|/etc/shadow|success|{}
2025-03-22T08:59:14Z|4007|READ|/etc/hosts|success|{}
2025-03-22T08:59:38Z|1018|READ|/home/user/documents/report.doc|success|{}
2025-03-22T09:00:05Z|6007|DELETE|/etc/passwd|success|{}
2025-03-22T09:00:27Z|7002|ATTRIBUTE|/var/log/syslog|success|{}
2025-03-22T09:00:51Z|9003|RENAME|/tmp/.hidden_script|success|{}
2025-03-22T09:00:56Z|7004|DELETE|/home/user/.ssh/id_rsa|success|{}
2025-03-22T09:00:58Z|1015|ATTRIBUTE|/etc/shadow|success|{}
2025-03-22T09:01:12Z|3|DELETE|/etc/shadow|success|{}
2025-03-22T09:01:24Z|7004|EXECUTE|/dev/shm/.malware|success|{}
2025-03-22T09:01:53Z|5003|RENAME|/etc/cron.d/.hack|success|{}
2025-03-22T09:02:10Z|3|EXECUTE|/dev/shm/.malware|success|{}
2025-03-22T09:02:31Z|5003|RENAME|/tmp/backdoor.bin|success|{}
2025-03-22T09:02:50Z|4027|ATTRIBUTE|/var/log/auth.log|success|{}
2025-03-22T09:03:15Z|1|DELETE|/home/user/documents/report.doc|success|{}
2025-03-22T09:03:22Z|9004|ATTRIBUTE|/etc/passwd|failure|{}
2025-03-22T09:03:24Z|5005|DELETE|/var/log/syslog|success|{}
2025-03-22T09:03:50Z|9003|DELETE|/home/user/.ssh/id_rsa|success|{}
2025-03-22T09:03:58Z|9102|EXECUTE|/tmp/test.txt|success|{}
2025-03-22T09:04:21Z|5006|RENAME|/var/log/auth.log|success|{}
2025-03-22T09:04:29Z|5001|DELETE|/dev/shm/.malware|success|{}
2025-03-22T09:04:30Z|9100|DELETE|/etc/cron.d/.hack|success|{}
2025-03-22T09:04:37Z|9100|READ|/etc/cron.d/.hack|success|{"suspicious": true, "sequence": 11039}
2025-03-22T09:05:03Z|9003|EXECUTE|/var/log/syslog|success|{}
2025-03-22T09:05:24Z|9002|READ|/etc/shadow|failure|{}
2025-03-22T09:05:34Z|7004|DELETE|/tmp/.hidden_script|success|{}
2025-03-22T09:05:41Z|6004|RENAME|/var/log/syslog|success|{}
2025-03-22T09:06:10Z|5|EXECUTE|/tmp/.hidden_script|success|{}
2025-03-22T09:06:36Z|4026|DELETE|/etc/shadow|success|{}
2025-03-22T09:06:44Z|9202|WRITE|/tmp/test.txt|success|{"size": 754184}
2025-03-22T09:07:09Z|9101|ATTRIBUTE|/etc/hosts|success|{}
2025-03-22T09:07:11Z|2|READ|/etc/hosts|success|{}
2025-03-22T09:07:14Z|2|READ|/var/log/syslog|success|{}
2025-03-22T09:07:29Z|9102|WRITE|/dev/shm/.malware|success|{"suspicious": true, "sequence": 11050}
2025-03-22T09:07:39Z|7003|RENAME|/var/log/syslog|success|{}
2025-03-22T09:07:51Z|1011|ATTRIBUTE|/home/user/documents/report.doc|success|{}
2025-03-22T09:08:19Z|4017|EXECUTE|/dev/shm/.malware|success|{}
2025-03-22T09:08:48Z|9200|WRITE|/tmp/test.txt|failure|{"size": 917018}
2025-03-22T09:08:57Z|6001|DELETE|/home/user/.ssh/id_rsa|success|{}
2025-03-22T09:09:03Z|1013|READ|/home/user/documents/report.doc|success|{}
2025-03-22T09:09:12Z|7004|WRITE|/var/log/auth.log|success|{"size": 1045204}
2025-03-22T09:09:27Z|4015|ATTRIBUTE|/tmp/.hidden_script|success|{}
2025-03-22T09:09:54Z|7004|EXECUTE|/etc/cron.d/.hack|failure|{}
2025-03-22T09:10:07Z|9204|READ|/var/www/.shell.php|failure|{"suspicious": true, "sequence": 11060}
2025-03-22T09:10:22Z|1019|DELETE|/etc/shadow|success|{}
2025-03-22T09:10:51Z|9201|READ|/tmp/test.txt|success|{}
2025-03-22T09:11:14Z|5002|RENAME|/home/user/documents/report.doc|success|{}
2025-03-22T09:11:21Z|9003|READ|/tmp/backdoor.bin|success|{"suspicious": true, "sequence": 11064}
2025-03-22T09:11:30Z|9004|WRITE|/etc/cron.d/.hack|success|{"suspicious": true, "sequence": 11065}
2025-03-22T09:11:41Z|2|ATTRIBUTE|/home/user/.ssh/id_rsa|success|{}
2025-03-22T09:11:55Z|5004|WRITE|/home/user/.ssh/id_rsa|success|{"size": 594729}
2025-03-22T09:12:21Z|5|DELETE|/etc/hosts|success|{}
2025-03-22T09:12:34Z|7001|DELETE|/var/www/.shell.php|success|{}
2025-03-22T09:12:35Z|1015|RENAME|/tmp/.hidden_script|failure|{}
2025-03-22T09:12:41Z|4|ATTRIBUTE|/etc/hosts|success|{}
2025-03-22T09:13:04Z|6001|EXECUTE|/etc/hosts|failure|{}
2025-03-22T09:13:27Z|5011|EXECUTE|/dev/shm/.malware|success|{}
2025-03-22T09:13:53Z|9201|WRITE|/var/log/auth.log|success|{"size": 991121}
2025-03-22T09:14:04Z|9002|EXECUTE|/etc/hosts|success|{}
2025-03-22T09:14:25Z|9000|ATTRIBUTE|/dev/shm/.malware|success|{}
2025-03-22T09:14:34Z|9004|READ|/etc/hosts|success|{}
2025-03-22T09:15:03Z|7000|EXECUTE|/etc/cron.d/.hack|success|{}
2025-03-22T09:15:12Z|6001|RENAME|/var/log/syslog|success|{}
2025-03-22T09:15:39Z|9000|EXECUTE|/home/user/documents/report.doc|success|{}
2025-03-22T09:15:50Z|1018|WRITE|/dev/shm/.malware|success|{"suspicious": true, "sequence": 11081}
2025-03-22T09:16:00Z|5010|DELETE|/var/www/.shell.php|success|{}
2025-03-22T09:16:15Z|9204|RENAME|/home/user/.ssh/id_rsa|success|{}
2025-03-22T09:16:24Z|9100|WRITE|/home/user/.ssh/id_rsa|success|{"size": 871720}
2025-03-22T09:16:47Z|9101|EXECUTE|/tmp/backdoor.bin|success|{}
2025-03-22T09:17:08Z|2|WRITE|/etc/shadow|success|{"size": 658004}
2025-03-22T09:17:09Z|9102|WRITE|/tmp/.hidden_script|success|{"suspicious": true, "sequence": 11087}
2025-03-22T09:17:10Z|9001|EXECUTE|/var/log/auth.log|failure|{}
2025-03-22T09:17:40Z|9200|WRITE|/tmp/backdoor.bin|success|{"suspicious": true, "sequence": 11089}
2025-03-22T09:17:53Z|6002|ATTRIBUTE|/etc/hosts|failure|{}
2025-03-22T09:17:57Z|9100|RENAME|/home/user/documents/report.doc|success|{}
2025-03-22T09:18:15Z|9104|WRITE|/var/log/syslog|success|{"size": 987480}
2025-03-22T09:18:19Z|1016|READ|/home/user/.ssh/id_rsa|success|{}
2025-03-22T09:18:47Z|7001|READ|/var/www/.shell.php|success|{"suspicious": true, "sequence": 11094}
2025-03-22T09:19:10Z|5010|EXECUTE|/tmp/backdoor.bin|success|{}
2025-03-22T09:19:15Z|5000|READ|/tmp/test.txt|success|{}
2025-03-22T09:19:25Z|1004|EXECUTE|/home/user/documents/report.doc|success|{}
2025-03-22T09:19:32Z|7002|RENAME|/etc/hosts|success|{}
2025-03-22T09:19:33Z|4020|RENAME|/tmp/backdoor.bin|success|{}
2025-03-22T09:19:41Z|9203|RENAME|/tmp/.hidden_script|success|{}
2025-03-22T09:20:01Z|9002|EXECUTE|/home/user/documents/report.doc|success|{}
2025-03-22T09:20:12Z|9100|DELETE|/var/log/auth.log|success|{}
2025-03-22T09:20:33Z|4012|DELETE|/var/log/syslog|success|{}
2025-03-22T09:20:52Z|5|EXECUTE|/var/log/syslog|success|{}
2025-03-22T09:20:58Z|1007|ATTRIBUTE|/home/user/documents/report.doc|success|{}
2025-03-22T09:21:17Z|7000|ATTRIBUTE|/home/user/documents/report.doc|success|{}
2025-03-22T09:21:35Z|9004|READ|/etc/passwd|success|{}
2025-03-22T09:21:58Z|7000|READ|/etc/shadow|failure|{}
2025-03-22T09:22:11Z|6009|ATTRIBUTE|/var/www/.shell.php|success|{}
2025-03-22T09:22:36Z|1015|DELETE|/var/log/auth.log|success|{}
2025-03-22T09:22:53Z|9204|WRITE|/var/www/.shell.php|success|{"suspicious": true, "sequence": 11111}
2025-03-22T09:23:20Z|1|DELETE|/tmp/backdoor.bin|success|{}
2025-03-22T09:23:31Z|7004|DELETE|/var/www/.shell.php|success|{}
2025-03-22T09:23:59Z|5001|WRITE|/etc/cron.d/.hack|success|{"suspicious": true, "sequence": 11114}
2025-03-22T09:24:23Z|5|WRITE|/etc/hosts|success|{"size": 626458}
2025-03-22T09:24:33Z|4001|EXECUTE|/var/log/syslog|success|{}
2025-03-22T09:24:42Z|2|ATTRIBUTE|/var/log/syslog|failure|{}
2025-03-22T09:25:08Z|9103|RENAME|/dev/shm/.malware|success|{}
2025-03-22T09:25:38Z|9100|RENAME|/var/log/syslog|success|{}
2025-03-22T09:25:54Z|9002|RENAME|/etc/shadow|success|{}
2025-03-22T09:26:03Z|7002|READ|/tmp/.hidden_script|success|{"suspicious": true, "sequence": 11121}
2025-03-22T09:26:17Z|5009|WRITE|/var/log/auth.log|success|{"size": 867227}
2025-03-22T09:26:39Z|5012|RENAME|/tmp/test.txt|success|{}
2025-03-22T09:26:58Z|6004|DELETE|/tmp/backdoor.bin|success|{}
2025-03-22T09:27:16Z|6003|RENAME|/etc/hosts|success|{}
2025-03-22T09:27:39Z|7004|DELETE|/home/user/.ssh/id_rsa|success|{}
2025-03-22T09:27:43Z|4026|READ|/tmp/.hidden_script|success|{"suspicious": true, "sequence": 11127}
2025-03-22T09:27:50Z|7001|WRITE|/var/www/.shell.php|success|{"suspicious": true, "sequence": 11128}
2025-03-22T09:27:52Z|9004|WRITE|/tmp/backdoor.bin|success|{"suspicious": true, "sequence": 11129}
2025-03-22T09:27:53Z|4002|EXECUTE|/tmp/.hidden_script|success|{}
2025-03-22T09:28:08Z|9100|EXECUTE|/var/log/syslog|failure|{}
2025-03-22T09:28:11Z|4010|DELETE|/var/www/.shell.php|success|{}
2025-03-22T09:28:32Z|2|WRITE|/etc/hosts|success|{"size": 36135}
2025-03-22T09:28:43Z|1012|DELETE|/etc/hosts|success|{}
2025-03-22T09:29:13Z|9001|ATTRIBUTE|/tmp/test.txt|success|{}
2025-03-22T09:29:16Z|5006|EXECUTE|/tmp/test.txt|success|{}
2025-03-22T09:29:21Z|9101|DELETE|/dev/shm/.malware|success|{}
2025-03-22T09:29:46Z|9101|RENAME|/var/log/syslog|success|{}
2025-03-22T09:29:59Z|4027|WRITE|/var/log/auth.log|success|{"size": 274480}
2025-03-22T09:30:08Z|1011|DELETE|/home/user/documents/report.doc|success|{}
2025-03-22T09:30:09Z|5013|ATTRIBUTE|/dev/shm/.malware|failure|{}
2025-03-22T09:30:30Z|6003|DELETE|/tmp/backdoor.bin|success|{}
2025-03-22T09:30:34Z|1000|DELETE|/etc/hosts|success|{}
2025-03-22T09:31:01Z|9204|EXECUTE|/var/log/auth.log|success|{}
2025-03-22T09:31:03Z|4001|READ|/var/log/auth.log|success|{}
2025-03-22T09:31:12Z|3|EXECUTE|/home/user/.ssh/id_rsa|success|{}
2025-03-22T09:31:14Z|9102|RENAME|/var/log/auth.log|failure|{}
2025-03-22T09:31:28Z|4012|DELETE|/tmp/backdoor.bin|success|{}
2025-03-22T09:31:35Z|9200|EXECUTE|/etc/cron.d/.hack|success|{}
2025-03-22T09:32:00Z|6005|WRITE|/etc/shadow|success|{"size": 292817}
2025-03-22T09:32:29Z|6008|WRITE|/etc/cron.d/.hack|success|{"suspicious": true, "sequence": 11151}
2025-03-22T09:32:41Z|7003|READ|/tmp/.hidden_script|failure|{"suspicious": true, "sequence": 11152}
2025-03-22T09:32:57Z|9100|READ|/tmp/backdoor.bin|success|{"suspicious": true, "sequence": 11153}
2025-03-22T09:33:16Z|4018|ATTRIBUTE|/etc/shadow|success|{}
2025-03-22T09:33:40Z|4019|RENAME|/home/user/documents/report.doc|success|{}
2025-03-22T09:34:06Z|9204|DELETE|/tmp/test.txt|success|{}
2025-03-22T09:34:24Z|1008|WRITE|/var/log/auth.log|success|{"size": 523632}
2025-03-22T09:34:42Z|5004|RENAME|/tmp/backdoor.bin|success|{}
2025-03-22T09:34:49Z|6001|RENAME|/home/user/.ssh/id_rsa|success|{}
2025-03-22T09:34:56Z|1018|DELETE|/dev/shm/.malware|failure|{}
2025-03-22T09:35:11Z|6000|EXECUTE|/etc/shadow|success|{}
2025-03-22T09:35:26Z|9003|DELETE|/tmp/test.txt|success|{}
2025-03-22T09:35:28Z|9103|READ|/etc/hosts|success|{}
2025-03-22T09:35:51Z|6007|ATTRIBUTE|/tmp/.hidden_script|success|{}
2025-03-22T09:36:21Z|5004|EXECUTE|/etc/shadow|failure|{}
2025-03-22T09:36:47Z|6001|ATTRIBUTE|/tmp/.hidden_script|success|{}
2025-03-22T09:37:15Z|4017|READ|/home/user/documents/report.doc|success|{}
2025-03-22T09:37:44Z|4010|ATTRIBUTE|/home/user/.ssh/id_rsa|success|{}
2025-03-22T09:38:02Z|9000|RENAME|/etc/cron.d/.hack|success|{}
2025-03-22T09:38:05Z|7000|EXECUTE|/tmp/backdoor.bin|success|{}
2025-03-22T09:38:10Z|1011|READ|/etc/passwd|success|{}
2025-03-22T09:38:27Z|9003|DELETE|/tmp/.hidden_script|success|{}
2025-03-22T09:38:32Z|9001|DELETE|/tmp/test.txt|success|{}
2025-03-22T09:38:48Z|6006|ATTRIBUTE|/var/log/auth.log|failure|{}
2025-03-22T09:39:04Z|4004|ATTRIBUTE|/var/www/.shell.php|failure|{}
2025-03-22T09:39:14Z|5003|WRITE|/var/log/syslog|success|{"size": 663621}
2025-03-22T09:39:27Z|4010|READ|/home/user/.ssh/id_rsa|failure|{}
2025-03-22T09:39:31Z|1014|WRITE|/dev/shm/.malware|failure|{"suspicious": true, "sequence": 11178}
2025-03-22T09:39:45Z|4002|DELETE|/tmp/backdoor.bin|success|{}
2025-03-22T09:40:08Z|5012|READ|/etc/hosts|success|{}
2025-03-22T09:40:32Z|6001|RENAME|/tmp/test.txt|success|{}
2025-03-22T09:40:50Z|9003|DELETE|/etc/hosts|success|{}
2025-03-22T09:41:14Z|9003|READ|/etc/passwd|success|{}
2025-03-22T09:41:35Z|5003|ATTRIBUTE|/tmp/backdoor.bin|success|{}
2025-03-22T09:41:42Z|4|WRITE|/var/log/auth.log|success|{"size": 537375}
2025-03-22T09:42:11Z|4025|WRITE|/etc/hosts|success|{"size": 548604}
2025-03-22T09:42:18Z|1|DELETE|/etc/shadow|success|{}
2025-03-22T09:42:33Z|6000|EXECUTE|/tmp/backdoor.bin|success|{}
2025-03-22T09:42:37Z|9204|DELETE|/var/log/syslog|success|{}
2025-03-22T09:42:38Z|9101|ATTRIBUTE|/tmp/test.txt|success|{}
2025-03-22T09:42:47Z|9000|READ|/etc/cron.d/.hack|failure|{"suspicious": true, "sequence": 11191}
2025-03-22T09:43:13Z|9000|RENAME|/home/user/documents/report.doc|success|{}
2025-03-22T09:43:35Z|5011|WRITE|/etc/shadow|success|{"size": 16096}
2025-03-22T09:43:55Z|1|EXECUTE|/dev/shm/.malware|success|{}
2025-03-22T09:44:25Z|9102|EXECUTE|/var/log/auth.log|success|{}
2025-03-22T09:44:37Z|7003|DELETE|/etc/cron.d/.hack|success|{}
2025-03-22T09:45:03Z|9104|ATTRIBUTE|/home/user/documents/report.doc|success|{}
2025-03-22T09:45:12Z|9203|RENAME|/etc/cron.d/.hack|success|{}
2025-03-22T09:45:42Z|9003|RENAME|/home/user/.ssh/id_rsa|success|{}
2025-03-22T09:46:05Z|5001|EXECUTE|/etc/shadow|success|{}
2025-03-22T09:46:34Z|6004|ATTRIBUTE|/dev/shm/.malware|success|{}
2025-03-22T09:46:50Z|6000|RENAME|/tmp/test.txt|success|{}
2025-03-22T09:47:12Z|5003|WRITE|/var/log/syslog|success|{"size": 55067}
2025-03-22T09:47:18Z|7003|DELETE|/tmp/backdoor.bin|success|{}
2025-03-22T09:47:19Z|6004|DELETE|/var/log/syslog|success|{}
2025-03-22T09:47:41Z|4002|EXECUTE|/dev/shm/.malware|success|{}
2025-03-22T09:48:10Z|1017|WRITE|/home/user/documents/report.doc|success|{"size": 354864}
2025-03-22T09:48:35Z|2|WRITE|/var/log/syslog|success|{"size": 507256}
2025-03-22T09:48:45Z|9103|DELETE|/etc/hosts|success|{}
2025-03-22T09:48:48Z|3|DELETE|/etc/cron.d/.hack|success|{}
2025-03-22T09:48:51Z|7002|ATTRIBUTE|/home/user/.ssh/id_rsa|failure|{}
2025-03-22T09:49:21Z|2|WRITE|/tmp/.hidden_script|success|{"suspicious": true, "sequence": 11212}
2025-03-22T09:49:47Z|5010|EXECUTE|/var/log/syslog|success|{}
2025-03-22T09:50:14Z|2|EXECUTE|/etc/cron.d/.hack|success|{}
2025-03-22T09:50:32Z|4014|WRITE|/etc/hosts|success|{"size": 171673}
2025-03-22T09:50:47Z|7001|READ|/home/user/documents/report.doc|success|{}
2025-03-22T09:50:55Z|4029|DELETE|/etc/cron.d/.hack|success|{}
2025-03-22T09:51:17Z|5002|EXECUTE|/var/log/syslog|success|{}
2025-03-22T09:51:44Z|9000|RENAME|/tmp/.hidden_script|success|{}
2025-03-22T09:51:55Z|4023|RENAME|/home/user/.ssh/id_rsa|success|{}
2025-03-22T09:52:22Z|5|READ|/tmp/backdoor.bin|success|{"suspicious": true, "sequence": 11221}
2025-03-22T09:52:33Z|7001|EXECUTE|/var/log/syslog|success|{}
2025-03-22T09:52:54Z|4010|ATTRIBUTE|/var/www/.shell.php|success|{}
2025-03-22T09:52:58Z|1011|EXECUTE|/home/user/.ssh/id_rsa|failure|{}
2025-03-22T09:53:25Z|9000|RENAME|/home/user/documents/report.doc|success|{}
2025-03-22T09:53:55Z|9004|RENAME|/tmp/backdoor.bin|success|{}
2025-03-22T09:54:01Z|6006|EXECUTE|/var/log/syslog|success|{}
2025-03-22T09:54:25Z|4028|RENAME|/tmp/backdoor.bin|success|{}
2025-03-22T09:54:39Z|1|RENAME|/etc/cron.d/.hack|success|{}
2025-03-22T09:55:09Z|4027|READ|/var/www/.shell.php|success|{"suspicious": true, "sequence": 11230}
2025-03-22T09:55:28Z|7000|DELETE|/home/user/documents/report.doc|success|{}
2025-03-22T09:55:39Z|9202|READ|/etc/passwd|success|{}
2025-03-22T09:55:51Z|4001|WRITE|/var/log/syslog|success|{"size": 1012575}
2025-03-22T09:56:07Z|9203|DELETE|/var/www/.shell.php|success|{}
2025-03-22T09:56:32Z|9101|RENAME|/etc/hosts|success|{}
2025-03-22T09:56:56Z|2|ATTRIBUTE|/etc/passwd|success|{}
2025-03-22T09:56:59Z|5005|EXECUTE|/dev/shm/.malware|success|{}
2025-03-22T09:57:23Z|1009|ATTRIBUTE|/var/log/syslog|success|{}
2025-03-22T09:57:32Z|9002|RENAME|/var/www/.shell.php|success|{}
2025-03-22T09:57:49Z|4017|WRITE|/home/user/.ssh/id_rsa|success|{"size": 813855}
2025-03-22T09:58:05Z|7004|READ|/home/user/documents/report.doc|success|{}
2025-03-22T09:58:09Z|5012|EXECUTE|/etc/hosts|success|{}
2025-03-22T09:58:24Z|2|EXECUTE|/var/log/syslog|success|{}
2025-03-22T09:58:40Z|9002|EXECUTE|/etc/shadow|success|{}
2025-03-22T09:58:49Z|7004|ATTRIBUTE|/home/user/.ssh/id_rsa|success|{}
2025-03-22T09:59:17Z|1015|RENAME|/home/user/.ssh/id_rsa|success|{}
2025-03-22T09:59:39Z|7002|WRITE|/tmp/backdoor.bin|success|{"suspicious": true, "sequence": 11247}
2025-03-22T09:59:59Z|4011|RENAME|/var/log/auth.log|success|{}
2025-03-22T10:00:12Z|7000|READ|/tmp/test.txt|success|{}
2025-03-22T10:00:27Z|6005|WRITE|/etc/hosts|success|{"size": 772959}
2025-03-22T10:00:31Z|4018|RENAME|/var/www/.shell.php|failure|{}
2025-03-22T10:00:33Z|1|DELETE|/home/user/documents/report.doc|success|{}
2025-03-22T10:01:03Z|9100|EXECUTE|/var/www/.shell.php|success|{}
2025-03-22T10:01:14Z|2|EXECUTE|/home/user/documents/report.doc|success|{}
2025-03-22T10:01:37Z|6003|EXECUTE|/tmp/test.txt|success|{}
2025-03-22T10:02:07Z|7001|ATTRIBUTE|/tmp/test.txt|success|{}
2025-03-22T10:02:35Z|9202|RENAME|/tmp/test.txt|success|{}
2025-03-22T10:02:45Z|9201|READ|/etc/cron.d/.hack|success|{"suspicious": true, "sequence": 11258}
2025-03-22T10:02:47Z|9204|ATTRIBUTE|/tmp/backdoor.bin|success|{}
2025-03-22T10:03:15Z|1008|RENAME|/var/www/.shell.php|failure|{}
2025-03-22T10:03:18Z|9002|READ|/etc/hosts|success|{}
2025-03-22T10:03:42Z|1019|EXECUTE|/tmp/.hidden_script|success|{}
2025-03-22T10:03:47Z|9004|WRITE|/etc/cron.d/.hack|success|{"suspicious": true, "sequence": 11263}
2025-03-22T10:03:59Z|3|EXECUTE|/etc/shadow|success|{}
2025-03-22T10:04:03Z|5014|RENAME|/home/user/documents/report.doc|success|{}
2025-03-22T10:04:25Z|7000|ATTRIBUTE|/home/user/documents/report.doc|success|{}
2025-03-22T10:04:41Z|5004|WRITE|/var/www/.shell.php|success|{"suspicious": true, "sequence": 11267}
2025-03-22T10:05:00Z|4011|EXECUTE|/var/log/auth.log|success|{}
2025-03-22T10:05:20Z|9104|DELETE|/var/log/auth.log|success|{}
2025-03-22T10:05:45Z|5013|WRITE|/home/user/documents/report.doc|success|{"size": 814532}
2025-03-22T10:06:00Z|1004|RENAME|/var/log/syslog|success|{}
2025-03-22T10:06:01Z|5010|EXECUTE|/etc/hosts|success|{}
2025-03-22T10:06:26Z|2|READ|/var/log/syslog|success|{}
2025-03-22T10:06:28Z|7002|WRITE|/var/www/.shell.php|success|{"suspicious": true, "sequence": 11274}
2025-03-22T10:06:58Z|9004|ATTRIBUTE|/etc/cron.d/.hack|success|{}
2025-03-22T10:07:22Z|7000|EXECUTE|/etc/passwd|success|{}
2025-03-22T10:07:24Z|4002|EXECUTE|/tmp/backdoor.bin|success|{}
2025-03-22T10:07:47Z|6003|ATTRIBUTE|/dev/shm/.malware|failure|{}
2025-03-22T10:08:04Z|9203|WRITE|/home/user/.ssh/id_rsa|success|{"size": 341599}
2025-03-22T10:08:19Z|9102|READ|/var/log/syslog|failure|{}
2025-03-22T10:08:26Z|9101|RENAME|/etc/shadow|success|{}
2025-03-22T10:08:34Z|5003|ATTRIBUTE|/tmp/.hidden_script|success|{}
2025-03-22T10:08:37Z|9204|DELETE|/var/www/.shell.php|success|{}
2025-03-22T10:08:53Z|5013|RENAME|/var/log/auth.log|success|{}
2025-03-22T10:08:57Z|1014|EXECUTE|/etc/passwd|success|{}
2025-03-22T10:09:03Z|5014|WRITE|/home/user/documents/report.doc|success|{"size": 124782}
2025-03-22T10:09:06Z|9001|RENAME|/tmp/backdoor.bin|success|{}
2025-03-22T10:09:24Z|5008|RENAME|/var/log/syslog|success|{}
2025-03-22T10:09:49Z|4|EXECUTE|/var/www/.shell.php|success|{}
2025-03-22T10:09:51Z|6003|EXECUTE|/tmp/test.txt|success|{}
2025-03-22T10:10:16Z|9103|EXECUTE|/tmp/backdoor.bin|failure|{}
2025-03-22T10:10:31Z|5|EXECUTE|/dev/shm/.malware|success|{}
2025-03-22T10:10:58Z|4|ATTRIBUTE|/tmp/.hidden_script|success|{}
2025-03-22T10:11:22Z|6008|RENAME|/etc/cron.d/.hack|success|{}
2025-03-22T10:11:42Z|5001|RENAME|/tmp/backdoor.bin|success|{}
2025-03-22T10:11:55Z|1011|READ|/home/user/documents/report.doc|success|{}
2025-03-22T10:12:08Z|9000|EXECUTE|/var/log/syslog|success|{}
2025-03-22T10:12:12Z|5|READ|/tmp/backdoor.bin|success|{"suspicious": true, "sequence": 11298}
2025-03-22T10:12:27Z|9204|READ|/home/user/.ssh/id_rsa|failure|{}
2025-03-22T10:12:43Z|1004|READ|/etc/cron.d/.hack|success|{"suspicious": true, "sequence": 11300}
2025-03-22T10:13:11Z|3|ATTRIBUTE|/tmp/.hidden_script|success|{}
2025-03-22T10:13:39Z|9100|READ|/etc/hosts|success|{}
2025-03-22T10:13:40Z|7000|EXECUTE|/tmp/.hidden_script|success|{}
2025-03-22T10:13:41Z|5007|READ|/tmp/test.txt|success|{}
2025-03-22T10:13:44Z|6002|EXECUTE|/tmp/.hidden_script|success|{}
2025-03-22T10:13:50Z|9204|ATTRIBUTE|/etc/shadow|success|{}
2025-03-22T10:13:51Z|9202|EXECUTE|/etc/passwd|failure|{}
2025-03-22T10:13:54Z|1|EXECUTE|/dev/shm/.malware|success|{}
2025-03-22T10:14:14Z|1001|RENAME|/dev/shm/.malware|success|{}
2025-03-22T10:14:18Z|1001|EXECUTE|/dev/shm/.malware|success|{}
2025-03-22T10:14:28Z|1014|EXECUTE|/dev/shm/.malware|failure|{}
2025-03-22T10:14:47Z|9004|EXECUTE|/etc/hosts|success|{}
2025-03-22T10:15:13Z|1002|ATTRIBUTE|/var/log/auth.log|success|{}
2025-03-22T10:15:16Z|4|RENAME|/home/user/.ssh/id_rsa|success|{}
2025-03-22T10:15:39Z|4001|EXECUTE|/var/www/.shell.php|success|{}
2025-03-22T10:15:44Z|6001|EXECUTE|/home/user/documents/report.doc|success|{}
2025-03-22T10:15:56Z|7000|RENAME|/etc/passwd|success|{}
2025-03-22T10:16:20Z|5010|WRITE|/var/log/auth.log|success|{"size": 111475}
2025-03-22T10:16:27Z|6008|READ|/tmp/.hidden_script|success|{"suspicious": true, "sequence": 11319}
2025-03-22T10:16:53Z|5|DELETE|/var/www/.shell.php|success|{}
2025-03-22T10:17:13Z|7002|WRITE|/var/log/auth.log|success|{"size": 738864}
2025-03-22T10:17:37Z|6006|RENAME|/etc/passwd|success|{}
2025-03-22T10:17:42Z|1014|ATTRIBUTE|/tmp/test.txt|success|{}
2025-03-22T10:18:09Z|6004|RENAME|/etc/cron.d/.hack|success|{}
2025-03-22T10:18:17Z|9204|READ|/tmp/test.txt|success|{}
2025-03-22T10:18:42Z|9203|ATTRIBUTE|/tmp/backdoor.bin|success|{}
2025-03-22T10:19:05Z|7002|DELETE|/var/log/auth.log|success|{}
2025-03-22T10:19:28Z|9000|EXECUTE|/dev/shm/.malware|success|{}
2025-03-22T10:19:48Z|9203|EXECUTE|/etc/passwd|failure|{}
2025-03-22T10:20:14Z|6008|DELETE|/tmp/backdoor.bin|success|{}
2025-03-22T10:20:39Z|7003|DELETE|/etc/cron.d/.hack|success|{}
2025-03-22T10:20:54Z|5012|RENAME|/etc/shadow|failure|{}
2025-03-22T10:21:04Z|5|EXECUTE|/var/www/.shell.php|success|{}
2025-03-22T10:21:29Z|6009|EXECUTE|/var/log/auth.log|success|{}
2025-03-22T10:21:54Z|7004|ATTRIBUTE|/var/www/.shell.php|failure|{}
2025-03-22T10:22:13Z|7004|ATTRIBUTE|/var/log/auth.log|success|{}
2025-03-22T10:22:25Z|9000|ATTRIBUTE|/var/log/auth.log|success|{}
2025-03-22T10:22:43Z|9002|EXECUTE|/var/log/auth.log|success|{}
2025-03-22T10:22:51Z|9001|EXECUTE|/var/www/.shell.php|success|{}
2025-03-22T10:23:21Z|1016|READ|/dev/shm/.malware|success|{"suspicious": true, "sequence": 11340}
2025-03-22T10:23:51Z|7000|WRITE|/var/www/.shell.php|success|{"suspicious": true, "sequence": 11341}
2025-03-22T10:24:19Z|7004|ATTRIBUTE|/var/log/auth.log|success|{}
2025-03-22T10:24:27Z|9001|READ|/etc/shadow|success|{}
2025-03-22T10:24:56Z|6008|EXECUTE|/var/log/auth.log|success|{}
2025-03-22T10:25:14Z|5009|WRITE|/var/www/.shell.php|success|{"suspicious": true, "sequence": 11345}
2025-03-22T10:25:17Z|9103|EXECUTE|/tmp/.hidden_script|success|{}
2025-03-22T10:25:44Z|5011|DELETE|/etc/passwd|success|{}
2025-03-22T10:26:11Z|1016|DELETE|/etc/cron.d/.hack|success|{}
2025-03-22T10:26:12Z|9002|ATTRIBUTE|/tmp/.hidden_script|success|{}
2025-03-22T10:26:18Z|6003|EXECUTE|/tmp/test.txt|success|{}
2025-03-22T10:26:42Z|5002|ATTRIBUTE|/var/log/syslog|success|{}
2025-03-22T10:27:03Z|5011|READ|/tmp/backdoor.bin|success|{"suspicious": true, "sequence": 11352}
2025-03-22T10:27:23Z|9100|DELETE|/etc/cron.d/.hack|success|{}
2025-03-22T10:27:40Z|6004|DELETE|/tmp/test.txt|success|{}
2025-03-22T10:27:50Z|9100|ATTRIBUTE|/etc/cron.d/.hack|success|{}
2025-03-22T10:28:18Z|5011|RENAME|/var/www/.shell.php|success|{}
2025-03-22T10:28:43Z|5003|READ|/tmp/test.txt|success|{}
2025-03-22T10:29:06Z|5007|DELETE|/tmp/test.txt|success|{}
2025-03-22T10:29:30Z|4015|RENAME|/tmp/test.txt|success|{}
2025-03-22T10:29:47Z|5005|EXECUTE|/var/log/auth.log|success|{}
2025-03-22T10:29:48Z|1008|DELETE|/tmp/test.txt|success|{}
2025-03-22T10:30:05Z|4004|EXECUTE|/etc/passwd|success|{}
2025-03-22T10:30:12Z|4026|RENAME|/tmp/.hidden_script|success|{}
2025-03-22T10:30:15Z|9100|ATTRIBUTE|/var/log/auth.log|success|{}
2025-03-22T10:30:42Z|1017|WRITE|/etc/shadow|success|{"size": 33044}
2025-03-22T10:30:46Z|9100|ATTRIBUTE|/tmp/.hidden_script|success|{}
2025-03-22T10:30:51Z|1011|WRITE|/dev/shm/.malware|success|{"suspicious": true, "sequence": 11367}
2025-03-22T10:31:15Z|9203|WRITE|/var/log/auth.log|failure|{"size": 884510}
2025-03-22T10:31:23Z|2|READ|/dev/shm/.malware|success|{"suspicious": true, "sequence": 11369}
2025-03-22T10:31:47Z|2|READ|/tmp/.hidden_script|success|{"suspicious": true, "sequence": 11370}
2025-03-22T10:32:11Z|4027|DELETE|/tmp/backdoor.bin|success|{}
2025-03-22T10:32:38Z|4010|DELETE|/var/www/.shell.php|failure|{}
2025-03-22T10:32:41Z|7002|EXECUTE|/var/www/.shell.php|success|{}
2025-03-22T10:33:11Z|4017|ATTRIBUTE|/tmp/test.txt|success|{}
2025-03-22T10:33:14Z|5003|WRITE|/var/log/auth.log|success|{"size": 166958}
2025-03-22T10:33:34Z|2|EXECUTE|/etc/cron.d/.hack|success|{}
2025-03-22T10:33:45Z|9104|RENAME|/etc/shadow|success|{}
2025-03-22T10:34:10Z|9204|READ|/tmp/backdoor.bin|success|{"suspicious": true, "sequence": 11378}
2025-03-22T10:34:29Z|1016|READ|/etc/cron.d/.hack|success|{"suspicious": true, "sequence": 11379}
2025-03-22T10:34:58Z|5006|READ|/dev/shm/.malware|success|{"suspicious": true, "sequence": 11380}
2025-03-22T10:35:10Z|9002|DELETE|/tmp/.hidden_script|success|{}
2025-03-22T10:35:26Z|1018|WRITE|/etc/hosts|success|{"size": 831294}
2025-03-22T10:35:32Z|4|DELETE|/home/user/.ssh/id_rsa|success|{}
2025-03-22T10:35:56Z|4013|WRITE|/tmp/backdoor.bin|success|{"suspicious": true, "sequence": 11384}
2025-03-22T10:36:20Z|5001|WRITE|/tmp/backdoor.bin|success|{"suspicious": true, "sequence": 11385}
2025-03-22T10:36:45Z|9203|EXECUTE|/tmp/.hidden_script|success|{}
2025-03-22T10:37:02Z|7004|ATTRIBUTE|/etc/passwd|success|{}
2025-03-22T10:37:20Z|2|DELETE|/etc/cron.d/.hack|success|{}
2025-03-22T10:37:31Z|6000|ATTRIBUTE|/var/log/syslog|success|{}
2025-03-22T10:37:41Z|9201|DELETE|/var/log/syslog|success|{}
2025-03-22T10:38:05Z|5009|DELETE|/etc/passwd|success|{}
2025-03-22T10:38:33Z|6009|WRITE|/tmp/test.txt|success|{"size": 767985}
2025-03-22T10:38:38Z|4|EXECUTE|/tmp/backdoor.bin|success|{}
2025-03-22T10:38:59Z|6005|WRITE|/tmp/backdoor.bin|success|{"suspicious": true, "sequence": 11394}
2025-03-22T10:39:00Z|5006|WRITE|/etc/hosts|success|{"size": 486052}
2025-03-22T10:39:23Z|4001|WRITE|/tmp/backdoor.bin|failure|{"suspicious": true, "sequence": 11396}
2025-03-22T10:39:24Z|7003|EXECUTE|/dev/shm/.malware|success|{}
2025-03-22T10:39:39Z|9004|RENAME|/var/log/syslog|success|{}
2025-03-22T10:39:46Z|9200|READ|/var/log/syslog|success|{}
2025-03-22T10:39:54Z|7003|WRITE|/home/user/documents/report.doc|success|{"size": 791489}
2025-03-22T10:40:08Z|7002|WRITE|/dev/shm/.malware|success|{"suspicious": true, "sequence": 11401}
2025-03-22T10:40:33Z|9101|EXECUTE|/etc/passwd|success|{}
2025-03-22T10:40:39Z|9100|WRITE|/tmp/.hidden_script|success|{"suspicious": true, "sequence": 11403}
2025-03-22T10:41:00Z|9204|DELETE|/dev/shm/.malware|success|{}
2025-03-22T10:41:29Z|6008|RENAME|/var/log/syslog|success|{}
2025-03-22T10:41:31Z|3|ATTRIBUTE|/home/user/.ssh/id_rsa|success|{}
2025-03-22T10:41:43Z|6004|ATTRIBUTE|/home/user/documents/report.doc|success|{}
2025-03-22T10:42:10Z|9203|ATTRIBUTE|/home/user/.ssh/id_rsa|success|{}
2025-03-22T10:42:29Z|5011|ATTRIBUTE|/tmp/backdoor.bin|success|{}
2025-03-22T10:42:53Z|9001|DELETE|/home/user/documents/report.doc|success|{}
2025-03-22T10:43:21Z|5001|ATTRIBUTE|/var/log/syslog|success|{}
2025-03-22T10:43:36Z|9204|DELETE|/etc/hosts|success|{}
2025-03-22T10:43:47Z|9103|WRITE|/tmp/.hidden_script|success|{"suspicious": true, "sequence": 11413}
2025-03-22T10:43:49Z|6006|EXECUTE|/etc/cron.d/.hack|success|{}
2025-03-22T10:43:51Z|9100|ATTRIBUTE|/dev/shm/.malware|success|{}
2025-03-22T10:44:02Z|9201|EXECUTE|/var/log/auth.log|failure|{}
2025-03-22T10:44:23Z|9002|ATTRIBUTE|/home/user/.ssh/id_rsa|success|{}
2025-03-22T10:44:25Z|2|DELETE|/var/www/.shell.php|failure|{}
2025-03-22T10:44:27Z|9004|READ|/tmp/backdoor.bin|success|{"suspicious": true, "sequence": 11419}
2025-03-22T10:44:40Z|9202|READ|/tmp/.hidden_script|success|{"suspicious": true, "sequence": 11420}
2025-03-22T10:44:43Z|6007|ATTRIBUTE|/etc/hosts|success|{}
2025-03-22T10:45:12Z|9200|RENAME|/etc/shadow|success|{}
2025-03-22T10:45:26Z|9101|DELETE|/etc/shadow|success|{}
2025-03-22T10:45:52Z|4015|EXECUTE|/tmp/backdoor.bin|failure|{}
2025-03-22T10:46:03Z|7001|READ|/etc/shadow|success|{}
2025-03-22T10:46:23Z|9001|RENAME|/tmp/test.txt|success|{}
2025-03-22T10:46:36Z|9001|RENAME|/etc/hosts|success|{}
2025-03-22T10:46:50Z|7003|READ|/home/user/documents/report.doc|success|{}
2025-03-22T10:47:12Z|5|DELETE|/tmp/test.txt|success|{}
2025-03-22T10:47:14Z|5008|READ|/var/log/auth.log|success|{}
2025-03-22T10:47:39Z|9200|DELETE|/dev/shm/.malware|success|{}
2025-03-22T10:47:42Z|4009|DELETE|/etc/passwd|success|{}
2025-03-22T10:47:58Z|6000|ATTRIBUTE|/tmp/backdoor.bin|success|{}
2025-03-22T10:47:59Z|9001|READ|/home/user/.ssh/id_rsa|success|{}
2025-03-22T10:48:12Z|9203|DELETE|/tmp/.hidden_script|success|{}
2025-03-22T10:48:38Z|7001|ATTRIBUTE|/etc/hosts|success|{}
2025-03-22T10:49:00Z|7004|EXECUTE|/home/user/.ssh/id_rsa|success|{}
2025-03-22T10:49:07Z|4027|READ|/dev/shm/.malware|success|{"suspicious": true, "sequence": 11438}
2025-03-22T10:49:12Z|5004|DELETE|/etc/cron.d/.hack|success|{}
2025-03-22T10:49:35Z|7003|DELETE|/tmp/backdoor.bin|success|{}
2025-03-22T10:49:36Z|7001|ATTRIBUTE|/var/www/.shell.php|success|{}
2025-03-22T10:49:55Z|4001|DELETE|/etc/passwd|success|{}
2025-03-22T10:50:20Z|5004|EXECUTE|/etc/cron.d/.hack|success|{}
2025-03-22T10:50:45Z|5000|WRITE|/etc/hosts|success|{"size": 919631}
2025-03-22T10:50:57Z|1|ATTRIBUTE|/dev/shm/.malware|success|{}
2025-03-22T10:50:58Z|6005|READ|/tmp/test.txt|success|{}
2025-03-22T10:51:12Z|9204|EXECUTE|/etc/cron.d/.hack|success|{}
2025-03-22T10:51:18Z|5009|READ|/home/user/documents/report.doc|success|{}
2025-03-22T10:51:47Z|1004|RENAME|/tmp/backdoor.bin|success|{}
2025-03-22T10:52:12Z|9200|RENAME|/etc/passwd|failure|{}
2025-03-22T10:52:18Z|6004|WRITE|/etc/passwd|success|{"size": 539726}
2025-03-22T10:52:23Z|9004|DELETE|/etc/passwd|success|{}
2025-03-22T10:52:40Z|9102|READ|/etc/hosts|success|{}
2025-03-22T10:53:00Z|4000|EXECUTE|/dev/shm/.malware|success|{}
2025-03-22T10:53:09Z|2|READ|/etc/cron.d/.hack|success|{"suspicious": true, "sequence": 11455}
2025-03-22T10:53:21Z|1018|EXECUTE|/dev/shm/.malware|success|{}
2025-03-22T10:53:39Z|7001|WRITE|/tmp/test.txt|failure|{"size": 652607}
2025-03-22T10:53:42Z|5|DELETE|/etc/passwd|success|{}
2025-03-22T10:54:09Z|9002|EXECUTE|/tmp/test.txt|success|{}
2025-03-22T10:54:30Z|7000|EXECUTE|/etc/passwd|success|{}
2025-03-22T10:54:37Z|9201|DELETE|/etc/hosts|success|{}
2025-03-22T10:54:46Z|1010|WRITE|/etc/cron.d/.hack|success|{"suspicious": true, "sequence": 11462}
2025-03-22T10:55:10Z|5001|READ|/etc/hosts|failure|{}
2025-03-22T10:55:32Z|3|READ|/tmp/.hidden_script|success|{"suspicious": true, "sequence": 11464}
2025-03-22T10:55:57Z|5|ATTRIBUTE|/etc/shadow|success|{}
2025-03-22T10:56:25Z|5|WRITE|/dev/shm/.malware|success|{"suspicious": true, "sequence": 11466}
2025-03-22T10:56:38Z|4018|WRITE|/var/log/syslog|success|{"size": 910536}
2025-03-22T10:57:05Z|5004|DELETE|/var/log/syslog|success|{}
2025-03-22T10:57:09Z|1006|ATTRIBUTE|/tmp/test.txt|success|{}
2025-03-22T10:57:16Z|4025|ATTRIBUTE|/dev/shm/.malware|success|{}
2025-03-22T10:57:35Z|9203|READ|/tmp/test.txt|success|{}
2025-03-22T10:58:03Z|4001|EXECUTE|/tmp/test.txt|success|{}
2025-03-22T10:58:20Z|5|WRITE|/tmp/.hidden_script|success|{"suspicious": true, "sequence": 11473}
2025-03-22T10:58:22Z|5001|RENAME|/home/user/.ssh/id_rsa|success|{}
2025-03-22T10:58:49Z|7004|RENAME|/dev/shm/.malware|success|{}
2025-03-22T10:58:56Z|7002|ATTRIBUTE|/tmp/backdoor.bin|success|{}
2025-03-22T10:59:11Z|1004|ATTRIBUTE|/var/www/.shell.php|success|{}
2025-03-22T10:59:31Z|9101|DELETE|/var/log/auth.log|success|{}
2025-03-22T10:59:44Z|5|ATTRIBUTE|/etc/hosts|success|{}
2025-03-22T10:59:46Z|6003|DELETE|/var/www/.shell.php|success|{}
2025-03-22T11:00:16Z|2|EXECUTE|/var/www/.shell.php|success|{}
2025-03-22T11:00:24Z|9204|RENAME|/dev/shm/.malware|success|{}
2025-03-22T11:00:41Z|9104|WRITE|/tmp/.hidden_script|success|{"suspicious": true, "sequence": 11483}
2025-03-22T11:00:42Z|5006|READ|/tmp/test.txt|success|{}
2025-03-22T11:00:57Z|9000|DELETE|/tmp/backdoor.bin|success|{}
2025-03-22T11:01:11Z|7004|DELETE|/var/log/syslog|success|{}
2025-03-22T11:01:29Z|9000|WRITE|/dev/shm/.malware|success|{"suspicious": true, "sequence": 11487}
2025-03-22T11:01:42Z|5007|RENAME|/etc/shadow|success|{}
2025-03-22T11:02:01Z|9102|ATTRIBUTE|/tmp/backdoor.bin|success|{}
2025-03-22T11:02:29Z|7004|RENAME|/var/www/.shell.php|success|{}
2025-03-22T11:02:49Z|4026|READ|/etc/passwd|success|{}
2025-03-22T11:02:54Z|6009|WRITE|/home/user/documents/report.doc|success|{"size": 996787}
2025-03-22T11:03:24Z|4018|WRITE|/var/www/.shell.php|success|{"suspicious": true, "sequence": 11493}
2025-03-22T11:03:35Z|5009|ATTRIBUTE|/var/log/syslog|success|{}
2025-03-22T11:03:56Z|6009|WRITE|/var/www/.shell.php|success|{"suspicious": true, "sequence": 11495}
2025-03-22T11:04:25Z|4022|EXECUTE|/dev/shm/.malware|success|{}
2025-03-22T11:04:55Z|4008|EXECUTE|/home/user/.ssh/id_rsa|success|{}
2025-03-22T11:04:58Z|9202|READ|/home/user/documents/report.doc|success|{}
2025-03-22T11:05:25Z|5004|READ|/var/log/auth.log|failure|{}
2025-03-22T11:05:55Z|5012|RENAME|/var/log/syslog|failure|{}
2025-03-22T11:06:11Z|9000|ATTRIBUTE|/var/log/syslog|success|{}
2025-03-22T11:06:39Z|1012|RENAME|/var/log/auth.log|success|{}
2025-03-22T11:07:08Z|1019|DELETE|/tmp/.hidden_script|success|{}
2025-03-22T11:07:36Z|6006|RENAME|/home/user/documents/report.doc|success|{}
2025-03-22T11:07:38Z|6008|EXECUTE|/etc/hosts|success|{}
2025-03-22T11:08:08Z|1|RENAME|/dev/shm/.malware|success|{}
2025-03-22T11:08:31Z|5007|READ|/tmp/.hidden_script|success|{"suspicious": true, "sequence": 11507}
2025-03-22T11:08:55Z|9002|READ|/var/log/auth.log|success|{}
2025-03-22T11:09:19Z|1006|WRITE|/dev/shm/.malware|success|{"suspicious": true, "sequence": 11509}
2025-03-22T11:09:39Z|6002|DELETE|/etc/cron.d/.hack|success|{}
2025-03-22T11:09:48Z|2|READ|/etc/cron.d/.hack|success|{"suspicious": true, "sequence": 11511}
2025-03-22T11:10:11Z|4|ATTRIBUTE|/home/user/.ssh/id_rsa|success|{}
2025-03-22T11:10:26Z|9000|ATTRIBUTE|/var/www/.shell.php|success|{}
2025-03-22T11:10:39Z|1008|DELETE|/etc/shadow|success|{}
2025-03-22T11:11:05Z|4009|RENAME|/dev/shm/.malware|success|{}
2025-03-22T11:11:35Z|5009|DELETE|/etc/shadow|success|{}
2025-03-22T11:11:47Z|3|RENAME|/home/user/documents/report.doc|success|{}
2025-03-22T11:12:10Z|9001|RENAME|/var/log/auth.log|success|{}
2025-03-22T11:12:15Z|5012|READ|/home/user/.ssh/id_rsa|success|{}
2025-03-22T11:12:19Z|7003|DELETE|/etc/cron.d/.hack|success|{}
2025-03-22T11:12:23Z|4|RENAME|/tmp/.hidden_script|success|{}
2025-03-22T11:12:47Z|9001|EXECUTE|/etc/hosts|failure|{}
2025-03-22T11:13:08Z|2|DELETE|/var/log/auth.log|success|{}
2025-03-22T11:13:24Z|9002|EXECUTE|/var/log/syslog|success|{}
2025-03-22T11:13:41Z|1003|WRITE|/home/user/.ssh/id_rsa|failure|{"size": 728339}
2025-03-22T11:14:00Z|1010|READ|/etc/hosts|success|{}
2025-03-22T11:14:06Z|1007|RENAME|/var/log/auth.log|success|{}
2025-03-22T11:14:33Z|5010|EXECUTE|/etc/passwd|success|{}
2025-03-22T11:14:34Z|7000|ATTRIBUTE|/etc/cron.d/.hack|success|{}
2025-03-22T11:14:44Z|6008|ATTRIBUTE|/var/www/.shell.php|success|{}
2025-03-22T11:15:12Z|4017|WRITE|/etc/cron.d/.hack|success|{"suspicious": true, "sequence": 11531}
2025-03-22T11:15:35Z|7000|WRITE|/etc/shadow|success|{"size": 699556}
2025-03-22T11:15:40Z|9101|READ|/tmp/.hidden_script|failure|{"suspicious": true, "sequence": 11533}
2025-03-22T11:16:03Z|4010|WRITE|/etc/shadow|success|{"size": 373952}
2025-03-22T11:16:16Z|6005|RENAME|/var/log/syslog|success|{}
2025-03-22T11:16:26Z|9201|WRITE|/home/user/documents/report.doc|success|{"size": 27046}
2025-03-22T11:16:44Z|9003|READ|/var/log/auth.log|success|{}
2025-03-22T11:17:02Z|4007|RENAME|/etc/passwd|success|{}
2025-03-22T11:17:31Z|7000|WRITE|/home/user/.ssh/id_rsa|success|{"size": 794570}
2025-03-22T11:17:39Z|7001|READ|/etc/shadow|success|{}
2025-03-22T11:17:54Z|5013|DELETE|/home/user/documents/report.doc|success|{}
2025-03-22T11:18:04Z|6004|READ|/tmp/test.txt|success|{}
2025-03-22T11:18:18Z|4004|EXECUTE|/tmp/test.txt|success|{}
2025-03-22T11:18:34Z|9203|EXECUTE|/etc/hosts|success|{}
2025-03-22T11:19:04Z|5002|DELETE|/dev/shm/.malware|failure|{}
2025-03-22T11:19:29Z|9201|WRITE|/tmp/test.txt|success|{"size": 976144}
2025-03-22T11:19:57Z|9001|RENAME|/etc/hosts|success|{}
2025-03-22T11:20:07Z|9201|READ|/etc/hosts|success|{}
2025-03-22T11:20:37Z|4023|RENAME|/tmp/test.txt|success|{}
2025-03-22T11:20:51Z|9202|EXECUTE|/var/log/auth.log|success|{}
2025-03-22T11:20:57Z|9202|ATTRIBUTE|/etc/cron.d/.hack|success|{}
2025-03-22T11:21:09Z|4002|RENAME|/dev/shm/.malware|success|{}
2025-03-22T11:21:30Z|3|DELETE|/home/user/documents/report.doc|success|{}
2025-03-22T11:21:55Z|7000|DELETE|/tmp/test.txt|success|{}
2025-03-22T11:22:16Z|7003|READ|/var/www/.shell.php|failure|{"suspicious": true, "sequence": 11555}
2025-03-22T11:22:40Z|9203|RENAME|/home/user/documents/report.doc|success|{}
2025-03-22T11:23:04Z|5006|DELETE|/dev/shm/.malware|success|{}
2025-03-22T11:23:33Z|9202|ATTRIBUTE|/var/www/.shell.php|success|{}
2025-03-22T11:23:58Z|1008|ATTRIBUTE|/etc/cron.d/.hack|success|{}
2025-03-22T11:24:25Z|6003|ATTRIBUTE|/var/www/.shell.php|success|{}
2025-03-22T11:24:27Z|9203|ATTRIBUTE|/tmp/backdoor.bin|success|{}
2025-03-22T11:24:36Z|9101|DELETE|/home/user/documents/report.doc|success|{}
2025-03-22T11:24:45Z|2|READ|/dev/shm/.malware|success|{"suspicious": true, "sequence": 11563}
2025-03-22T11:25:03Z|4012|ATTRIBUTE|/etc/hosts|success|{}
2025-03-22T11:25:09Z|6004|READ|/tmp/.hidden_script|success|{"suspicious": true, "sequence": 11565}
2025-03-22T11:25:17Z|5011|WRITE|/etc/passwd|success|{"size": 511332}
2025-03-22T11:25:44Z|9204|WRITE|/etc/shadow|success|{"size": 458275}
2025-03-22T11:25:59Z|7004|EXECUTE|/home/user/.ssh/id_rsa|success|{}
2025-03-22T11:26:22Z|9001|RENAME|/home/user/.ssh/id_rsa|success|{}
2025-03-22T11:26:27Z|4008|WRITE|/tmp/test.txt|success|{"size": 676044}
2025-03-22T11:26:37Z|4025|DELETE|/home/user/.ssh/id_rsa|success|{}
2025-03-22T11:26:53Z|4|WRITE|/tmp/test.txt|success|{"size": 73630}
2025-03-22T11:27:02Z|1005|READ|/home/user/.ssh/id_rsa|success|{}
2025-03-22T11:27:24Z|9102|RENAME|/var/log/auth.log|success|{}
2025-03-22T11:27:31Z|4018|DELETE|/tmp/test.txt|success|{}
2025-03-22T11:27:58Z|7003|ATTRIBUTE|/etc/shadow|success|{}
2025-03-22T11:28:26Z|4002|ATTRIBUTE|/home/user/.ssh/id_rsa|success|{}
2025-03-22T11:28:31Z|6003|RENAME|/etc/passwd|success|{}
2025-03-22T11:28:59Z|9004|READ|/tmp/backdoor.bin|success|{"suspicious": true, "sequence": 11579}
2025-03-22T11:29:26Z|2|RENAME|/var/log/auth.log|success|{}
2025-03-22T11:29:43Z|9200|ATTRIBUTE|/home/user/documents/report.doc|failure|{}
2025-03-22T11:29:59Z|9203|READ|/etc/shadow|success|{}
2025-03-22T11:30:11Z|9101|ATTRIBUTE|/etc/hosts|failure|{}
2025-03-22T11:30:36Z|1018|READ|/var/log/syslog|success|{}
2025-03-22T11:30:39Z|4|WRITE|/home/user/documents/report.doc|success|{"size": 748632}
2025-03-22T11:31:07Z|4012|WRITE|/etc/passwd|success|{"size": 288227}
2025-03-22T11:31:35Z|6008|DELETE|/tmp/backdoor.bin|failure|{}
2025-03-22T11:31:41Z|5013|ATTRIBUTE|/var/www/.shell.php|success|{}
2025-03-22T11:31:42Z|4|RENAME|/etc/shadow|success|{}
2025-03-22T11:31:53Z|9000|RENAME|/var/log/syslog|success|{}
2025-03-22T11:32:10Z|9100|EXECUTE|/var/www/.shell.php|success|{}
2025-03-22T11:32:39Z|9103|DELETE|/home/user/documents/report.doc|success|{}
2025-03-22T11:33:05Z|9002|ATTRIBUTE|/etc/cron.d/.hack|success|{}
2025-03-22T11:33:27Z|2|ATTRIBUTE|/dev/shm/.malware|success|{}
2025-03-22T11:33:28Z|1015|RENAME|/home/user/.ssh/id_rsa|success|{}
2025-03-22T11:33:47Z|9002|ATTRIBUTE|/var/log/auth.log|success|{}
2025-03-22T11:34:07Z|9002|RENAME|/etc/passwd|success|{}
2025-03-22T11:34:10Z|7002|READ|/tmp/test.txt|success|{}
2025-03-22T11:34:32Z|9102|READ|/var/www/.shell.php|success|{"suspicious": true, "sequence": 11599}
2025-03-22T11:34:36Z|6006|EXECUTE|/etc/hosts|success|{}
2025-03-22T11:35:02Z|9001|READ|/var/log/syslog|success|{}
2025-03-22T11:35:04Z|9001|EXECUTE|/etc/passwd|failure|{}
2025-03-22T11:35:05Z|9104|DELETE|/var/log/auth.log|success|{}
2025-03-22T11:35:14Z|5|WRITE|/var/log/syslog|success|{"size": 216295}
2025-03-22T11:35:40Z|6008|DELETE|/etc/hosts|failure|{}
2025-03-22T11:35:49Z|1007|DELETE|/etc/passwd|success|{}
2025-03-22T11:35:50Z|1012|DELETE|/var/log/syslog|success|{}
2025-03-22T11:35:51Z|5008|RENAME|/var/log/syslog|success|{}
2025-03-22T11:36:15Z|9000|WRITE|/etc/cron.d/.hack|success|{"suspicious": true, "sequence": 11609}
2025-03-22T11:36:27Z|5005|EXECUTE|/var/log/syslog|success|{}
2025-03-22T11:36:46Z|9001|RENAME|/etc/passwd|success|{}
2025-03-22T11:37:05Z|9203|EXECUTE|/etc/passwd|success|{}
2025-03-22T11:37:17Z|9202|ATTRIBUTE|/home/user/documents/report.doc|success|{}
2025-03-22T11:37:40Z|9000|DELETE|/etc/shadow|success|{}
2025-03-22T11:38:05Z|1000|DELETE|/var/www/.shell.php|success|{}
2025-03-22T11:38:12Z|7004|WRITE|/var/log/auth.log|success|{"size": 280793}
2025-03-22T11:38:15Z|9201|READ|/etc/hosts|success|{}
2025-03-22T11:38:17Z|7002|EXECUTE|/var/www/.shell.php|success|{}
2025-03-22T11:38:22Z|9101|READ|/etc/shadow|success|{}
2025-03-22T11:38:43Z|4010|DELETE|/tmp/test.txt|success|{}
2025-03-22T11:39:04Z|6001|ATTRIBUTE|/var/log/syslog|success|{}
2025-03-22T11:39:05Z|6005|RENAME|/dev/shm/.malware|success|{}
2025-03-22T11:39:16Z|4024|RENAME|/var/log/auth.log|success|{}
2025-03-22T11:39:24Z|7004|ATTRIBUTE|/var/log/syslog|success|{}
2025-03-22T11:39:47Z|9003|EXECUTE|/var/log/auth.log|success|{}
2025-03-22T11:40:17Z|6008|READ|/var/www/.shell.php|success|{"suspicious": true, "sequence": 11626}
2025-03-22T11:40:36Z|1000|RENAME|/etc/hosts|success|{}
2025-03-22T11:40:58Z|1019|RENAME|/var/log/auth.log|success|{}
2025-03-22T11:41:03Z|9003|DELETE|/home/user/documents/report.doc|success|{}
2025-03-22T11:41:25Z|1010|ATTRIBUTE|/tmp/.hidden_script|success|{}
2025-03-22T11:41:46Z|7002|RENAME|/home/user/.ssh/id_rsa|success|{}
2025-03-22T11:42:15Z|1002|RENAME|/home/user/documents/report.doc|success|{}
2025-03-22T11:42:37Z|9104|WRITE|/tmp/.hidden_script|success|{"suspicious": true, "sequence": 11633}
2025-03-22T11:42:43Z|5013|EXECUTE|/tmp/.hidden_script|success|{}
2025-03-22T11:43:06Z|1|RENAME|/var/log/syslog|success|{}
2025-03-22T11:43:36Z|7001|RENAME|/tmp/test.txt|success|{}
2025-03-22T11:43:43Z|9100|EXECUTE|/etc/passwd|success|{}
2025-03-22T11:44:11Z|7002|DELETE|/etc/cron.d/.hack|success|{}
2025-03-22T11:44:24Z|9100|EXECUTE|/etc/hosts|success|{}
2025-03-22T11:44:53Z|7001|WRITE|/dev/shm/.malware|success|{"suspicious": true, "sequence": 11640}
2025-03-22T11:44:57Z|5010|EXECUTE|/etc/passwd|success|{}
2025-03-22T11:45:26Z|1014|ATTRIBUTE|/etc/hosts|success|{}
2025-03-22T11:45:52Z|9103|WRITE|/var/www/.shell.php|success|{"suspicious": true, "sequence": 11643}
2025-03-22T11:45:56Z|7003|WRITE|/home/user/.ssh/id_rsa|success|{"size": 829322}
2025-03-22T11:46:09Z|5012|RENAME|/tmp/test.txt|failure|{}
2025-03-22T11:46:31Z|5002|WRITE|/etc/hosts|success|{"size": 985471}
2025-03-22T11:46:51Z|9100|READ|/var/log/syslog|success|{}
2025-03-22T11:47:18Z|1004|READ|/var/log/syslog|success|{}
2025-03-22T11:47:30Z|5010|RENAME|/tmp/.hidden_script|success|{}
2025-03-22T11:47:48Z|1016|EXECUTE|/tmp/test.txt|success|{}
2025-03-22T11:47:59Z|1018|EXECUTE|/dev/shm/.malware|success|{}
2025-03-22T11:48:09Z|7000|ATTRIBUTE|/tmp/test.txt|success|{}
2025-03-22T11:48:34Z|7000|WRITE|/tmp/test.txt|success|{"size": 118863}
2025-03-22T11:48:54Z|9002|RENAME|/tmp/test.txt|success|{}
2025-03-22T11:49:22Z|4005|WRITE|/etc/shadow|success|{"size": 142669}
2025-03-22T11:49:49Z|1000|READ|/var/log/syslog|success|{}
2025-03-22T11:50:14Z|9000|WRITE|/etc/cron.d/.hack|failure|{"suspicious": true, "sequence": 11657}
2025-03-22T11:50:17Z|2|READ|/dev/shm/.malware|success|{"suspicious": true, "sequence": 11658}
2025-03-22T11:50:29Z|5011|READ|/etc/hosts|failure|{}
2025-03-22T11:50:33Z|6006|WRITE|/etc/shadow|success|{"size": 823734}
2025-03-22T11:50:45Z|1003|RENAME|/tmp/test.txt|failure|{}
2025-03-22T11:51:15Z|2|DELETE|/dev/shm/.malware|success|{}
2025-03-22T11:51:39Z|7004|RENAME|/tmp/.hidden_script|success|{}
2025-03-22T11:51:49Z|9103|ATTRIBUTE|/var/www/.shell.php|success|{}
2025-03-22T11:51:57Z|9204|ATTRIBUTE|/home/user/documents/report.doc|success|{}
2025-03-22T11:52:06Z|4013|DELETE|/home/user/.ssh/id_rsa|success|{}
2025-03-22T11:52:21Z|6002|READ|/home/user/.ssh/id_rsa|success|{}
2025-03-22T11:52:37Z|1007|EXECUTE|/etc/passwd|success|{}
2025-03-22T11:52:40Z|7002|WRITE|/etc/hosts|success|{"size": 285690}
2025-03-22T11:52:42Z|1006|READ|/etc/passwd|success|{}
2025-03-22T11:53:04Z|4010|WRITE|/var/www/.shell.php|success|{"suspicious": true, "sequence": 11671}
2025-03-22T11:53:21Z|4027|WRITE|/etc/shadow|success|{"size": 507411}
2025-03-22T11:53:38Z|9103|RENAME|/var/log/auth.log|success|{}
2025-03-22T11:54:06Z|9001|EXECUTE|/var/log/syslog|success|{}
2025-03-22T11:54:26Z|9004|WRITE|/etc/cron.d/.hack|success|{"suspicious": true, "sequence": 11675}
2025-03-22T11:54:53Z|7002|EXECUTE|/tmp/.hidden_script|success|{}
2025-03-22T11:55:18Z|9203|EXECUTE|/var/log/auth.log|success|{}
2025-03-22T11:55:29Z|1010|RENAME|/var/log/auth.log|success|{}
2025-03-22T11:55:32Z|9002|ATTRIBUTE|/home/user/documents/report.doc|success|{}
2025-03-22T11:55:44Z|9003|READ|/etc/hosts|success|{}
2025-03-22T11:55:45Z|4023|EXECUTE|/home/user/documents/report.doc|failure|{}
2025-03-22T11:55:49Z|7000|RENAME|/var/www/.shell.php|success|{}
2025-03-22T11:56:14Z|9004|ATTRIBUTE|/var/www/.shell.php|success|{}
2025-03-22T11:56:23Z|9100|EXECUTE|/home/user/.ssh/id_rsa|success|{}
2025-03-22T11:56:36Z|1004|WRITE|/var/www/.shell.php|success|{"suspicious": true, "sequence": 11685}
2025-03-22T11:56:41Z|9004|WRITE|/etc/hosts|success|{"size": 896337}
2025-03-22T11:56:47Z|5001|ATTRIBUTE|/tmp/backdoor.bin|failure|{}
2025-03-22T11:57:06Z|9203|EXECUTE|/tmp/backdoor.bin|success|{}
2025-03-22T11:57:30Z|7000|ATTRIBUTE|/etc/passwd|success|{}
2025-03-22T11:57:33Z|9001|ATTRIBUTE|/etc/cron.d/.hack|success|{}
2025-03-22T11:57:58Z|9101|ATTRIBUTE|/tmp/backdoor.bin|failure|{}
2025-03-22T11:58:27Z|1003|READ|/tmp/.hidden_script|success|{"suspicious": true, "sequence": 11692}
2025-03-22T11:58:43Z|9200|WRITE|/etc/passwd|failure|{"size": 911853}
2025-03-22T11:59:06Z|5003|EXECUTE|/tmp/test.txt|success|{}
2025-03-22T11:59:31Z|9103|DELETE|/etc/hosts|success|{}
2025-03-22T11:59:34Z|6009|RENAME|/home/user/.ssh/id_rsa|success|{}
2025-03-22T11:59:36Z|7003|READ|/etc/hosts|success|{}
2025-03-22T12:00:03Z|4|RENAME|/var/www/.shell.php|success|{}
2025-03-22T12:00:28Z|9201|READ|/var/www/.shell.php|success|{"suspicious": true, "sequence": 11699}
2025-03-22T12:00:38Z|9201|WRITE|/etc/hosts|success|{"size": 924534}
2025-03-22T12:01:03Z|7003|EXECUTE|/dev/shm/.malware|failure|{}
2025-03-22T12:01:19Z|5004|EXECUTE|/etc/passwd|success|{}
2025-03-22T12:01:33Z|7002|WRITE|/var/log/syslog|failure|{"size": 866898}
2025-03-22T12:01:37Z|1007|EXECUTE|/var/log/syslog|success|{}
2025-03-22T12:01:55Z|9101|ATTRIBUTE|/etc/cron.d/.hack|success|{}
2025-03-22T12:02:21Z|5009|EXECUTE|/tmp/test.txt|success|{}
2025-03-22T12:02:32Z|9201|READ|/var/log/auth.log|failure|{}
2025-03-22T12:02:49Z|6004|RENAME|/home/user/documents/report.doc|success|{}
2025-03-22T12:03:09Z|6004|WRITE|/etc/shadow|success|{"size": 637034}
2025-03-22T12:03:23Z|4016|READ|/etc/hosts|failure|{}
2025-03-22T12:03:48Z|6001|DELETE|/etc/cron.d/.hack|success|{}
2025-03-22T12:03:49Z|2|WRITE|/var/log/auth.log|success|{"size": 430899}
2025-03-22T12:04:03Z|6007|DELETE|/var/log/auth.log|success|{}
2025-03-22T12:04:21Z|9000|ATTRIBUTE|/etc/passwd|success|{}
2025-03-22T12:04:41Z|9104|RENAME|/tmp/backdoor.bin|success|{}
2025-03-22T12:05:01Z|9200|WRITE|/dev/shm/.malware|success|{"suspicious": true, "sequence": 11716}
2025-03-22T12:05:19Z|9001|WRITE|/etc/shadow|success|{"size": 7875}
2025-03-22T12:05:27Z|9204|ATTRIBUTE|/etc/cron.d/.hack|success|{}
2025-03-22T12:05:50Z|6003|RENAME|/etc/shadow|success|{}
2025-03-22T12:05:59Z|7000|RENAME|/etc/passwd|success|{}
2025-03-22T12:06:13Z|9100|EXECUTE|/var/log/auth.log|success|{}
2025-03-22T12:06:34Z|1005|ATTRIBUTE|/home/user/documents/report.doc|success|{}
2025-03-22T12:06:56Z|6006|WRITE|/etc/cron.d/.hack|success|{"suspicious": true, "sequence": 11723}
2025-03-22T12:07:05Z|4010|EXECUTE|/var/www/.shell.php|success|{}
2025-03-22T12:07:34Z|9100|ATTRIBUTE|/etc/cron.d/.hack|success|{}
2025-03-22T12:07:52Z|6001|WRITE|/tmp/.hidden_script|success|{"suspicious": true, "sequence": 11726}
2025-03-22T12:08:15Z|6001|ATTRIBUTE|/tmp/backdoor.bin|success|{}
2025-03-22T12:08:27Z|1018|RENAME|/etc/passwd|success|{}
2025-03-22T12:08:36Z|9003|WRITE|/etc/cron.d/.hack|success|{"suspicious": true, "sequence": 11729}
2025-03-22T12:08:58Z|9203|RENAME|/home/user/.ssh/id_rsa|success|{}
2025-03-22T12:09:15Z|9004|WRITE|/etc/passwd|success|{"size": 763144}
2025-03-22T12:09:38Z|9104|DELETE|/tmp/test.txt|success|{}
2025-03-22T12:09:40Z|5014|DELETE|/tmp/test.txt|success|{}
2025-03-22T12:09:42Z|9200|READ|/etc/cron.d/.hack|success|{"suspicious": true, "sequence": 11734}
2025-03-22T12:10:10Z|9003|WRITE|/tmp/backdoor.bin|failure|{"suspicious": true, "sequence": 11735}
2025-03-22T12:10:12Z|4|WRITE|/tmp/backdoor.bin|success|{"suspicious": true, "sequence": 11736}
2025-03-22T12:10:42Z|9202|DELETE|/var/log/syslog|success|{}
2025-03-22T12:11:02Z|5007|EXECUTE|/etc/cron.d/.hack|success|{}
2025-03-22T12:11:15Z|5003|ATTRIBUTE|/home/user/.ssh/id_rsa|success|{}
2025-03-22T12:11:17Z|9203|READ|/tmp/backdoor.bin|success|{"suspicious": true, "sequence": 11740}
2025-03-22T12:11:46Z|4|WRITE|/var/www/.shell.php|success|{"suspicious": true, "sequence": 11741}
2025-03-22T12:12:11Z|9003|DELETE|/etc/hosts|success|{}
2025-03-22T12:12:21Z|9204|EXECUTE|/var/log/syslog|success|{}
2025-03-22T12:12:28Z|7003|ATTRIBUTE|/var/www/.shell.php|success|{}
2025-03-22T12:12:37Z|4014|ATTRIBUTE|/tmp/.hidden_script|success|{}
2025-03-22T12:12:58Z|1002|READ|/home/user/documents/report.doc|failure|{}
2025-03-22T12:13:09Z|9002|DELETE|/var/log/auth.log|success|{}
2025-03-22T12:13:26Z|9201|ATTRIBUTE|/dev/shm/.malware|success|{}
2025-03-22T12:13:37Z|4028|READ|/etc/shadow|success|{}
2025-03-22T12:14:02Z|1|WRITE|/tmp/test.txt|success|{"size": 934514}
2025-03-22T12:14:18Z|9204|WRITE|/home/user/.ssh/id_rsa|success|{"size": 498710}
2025-03-22T12:14:28Z|9103|DELETE|/etc/shadow|success|{}
2025-03-22T12:14:32Z|4016|EXECUTE|/var/log/auth.log|success|{}
2025-03-22T12:14:36Z|4004|RENAME|/dev/shm/.malware|success|{}
2025-03-22T12:15:06Z|5014|ATTRIBUTE|/var/log/syslog|success|{}
2025-03-22T12:15:33Z|9104|RENAME|/var/log/auth.log|success|{}
2025-03-22T12:15:37Z|4027|DELETE|/home/user/documents/report.doc|success|{}
2025-03-22T12:15:45Z|1012|READ|/var/log/syslog|success|{}
2025-03-22T12:16:07Z|4|WRITE|/etc/passwd|success|{"size": 908669}
2025-03-22T12:16:16Z|5009|ATTRIBUTE|/etc/cron.d/.hack|success|{}
2025-03-22T12:16:17Z|5004|WRITE|/etc/passwd|success|{"size": 426530}
2025-03-22T12:16:22Z|2|RENAME|/etc/shadow|success|{}
2025-03-22T12:16:30Z|9102|ATTRIBUTE|/tmp/.hidden_script|success|{}
2025-03-22T12:16:40Z|9003|RENAME|/home/user/documents/report.doc|success|{}
2025-03-22T12:16:56Z|9101|ATTRIBUTE|/etc/cron.d/.hack|success|{}
2025-03-22T12:17:04Z|4009|ATTRIBUTE|/tmp/backdoor.bin|success|{}
2025-03-22T12:17:08Z|9203|EXECUTE|/tmp/test.txt|success|{}
2025-03-22T12:17:29Z|9201|WRITE|/etc/cron.d/.hack|failure|{"suspicious": true, "sequence": 11768}
2025-03-22T12:17:38Z|4|WRITE|/tmp/test.txt|success|{"size": 17375}
2025-03-22T12:17:49Z|3|ATTRIBUTE|/var/www/.shell.php|success|{}
2025-03-22T12:18:19Z|6006|RENAME|/etc/hosts|failure|{}
2025-03-22T12:18:38Z|9204|WRITE|/etc/passwd|success|{"size": 636153}
2025-03-22T12:18:49Z|4017|READ|/etc/cron.d/.hack|success|{"suspicious": true, "sequence": 11773}
2025-03-22T12:19:00Z|1010|RENAME|/tmp/test.txt|success|{}
2025-03-22T12:19:20Z|4007|EXECUTE|/etc/shadow|success|{}
2025-03-22T12:19:25Z|5006|RENAME|/etc/hosts|failure|{}
2025-03-22T12:19:33Z|9202|ATTRIBUTE|/etc/passwd|success|{}
2025-03-22T12:19:43Z|9103|READ|/var/www/.shell.php|success|{"suspicious": true, "sequence": 11778}
2025-03-22T12:20:04Z|5005|DELETE|/dev/shm/.malware|success|{}
2025-03-22T12:20:14Z|9100|EXECUTE|/etc/hosts|success|{}
2025-03-22T12:20:20Z|4003|ATTRIBUTE|/home/user/documents/report.doc|success|{}
2025-03-22T12:20:32Z|1010|EXECUTE|/home/user/documents/report.doc|success|{}
2025-03-22T12:20:40Z|4015|ATTRIBUTE|/home/user/.ssh/id_rsa|success|{}
2025-03-22T12:21:07Z|9202|ATTRIBUTE|/var/log/auth.log|failure|{}
2025-03-22T12:21:26Z|5008|EXECUTE|/home/user/documents/report.doc|failure|{}
2025-03-22T12:21:41Z|9202|READ|/var/www/.shell.php|success|{"suspicious": true, "sequence": 11786}
2025-03-22T12:21:54Z|9004|EXECUTE|/var/log/auth.log|success|{}
2025-03-22T12:21:55Z|5000|ATTRIBUTE|/dev/shm/.malware|success|{}
2025-03-22T12:22:19Z|3|EXECUTE|/var/www/.shell.php|success|{}
2025-03-22T12:22:38Z|4012|ATTRIBUTE|/var/www/.shell.php|failure|{}
2025-03-22T12:22:52Z|5014|ATTRIBUTE|/tmp/test.txt|success|{}
2025-03-22T12:22:59Z|7000|ATTRIBUTE|/etc/passwd|success|{}
2025-03-22T12:23:16Z|9004|READ|/etc/passwd|success|{}
2025-03-22T12:23:31Z|6006|DELETE|/home/user/documents/report.doc|success|{}
2025-03-22T12:23:39Z|4024|WRITE|/var/log/syslog|success|{"size": 324574}
2025-03-22T12:24:06Z|6009|EXECUTE|/etc/passwd|success|{}
2025-03-22T12:24:08Z|6003|EXECUTE|/etc/cron.d/.hack|success|{}
2025-03-22T12:24:24Z|2|DELETE|/home/user/documents/report.doc|success|{}
2025-03-22T12:24:40Z|9201|EXECUTE|/var/log/auth.log|success|{}
2025-03-22T12:24:41Z|1019|WRITE|/dev/shm/.malware|success|{"suspicious": true, "sequence": 11800}
2025-03-22T12:24:58Z|7004|ATTRIBUTE|/home/user/documents/report.doc|success|{}
2025-03-22T12:25:10Z|5|READ|/var/log/auth.log|success|{}
2025-03-22T12:25:36Z|9201|RENAME|/var/log/auth.log|success|{}
2025-03-22T12:25:43Z|4006|READ|/etc/hosts|success|{}
2025-03-22T12:25:57Z|9000|EXECUTE|/home/user/.ssh/id_rsa|success|{}
2025-03-22T12:26:16Z|5004|READ|/var/www/.shell.php|success|{"suspicious": true, "sequence": 11806}
2025-03-22T12:26:19Z|1019|EXECUTE|/var/www/.shell.php|success|{}
2025-03-22T12:26:33Z|6006|DELETE|/var/www/.shell.php|success|{}
2025-03-22T12:26:48Z|9100|RENAME|/tmp/backdoor.bin|success|{}
2025-03-22T12:27:15Z|5013|RENAME|/etc/hosts|success|{}
2025-03-22T12:27:17Z|4|EXECUTE|/tmp/test.txt|success|{}
2025-03-22T12:27:20Z|6000|RENAME|/var/log/syslog|success|{}
2025-03-22T12:27:39Z|9201|WRITE|/tmp/.hidden_script|success|{"suspicious": true, "sequence": 11813}
2025-03-22T12:28:07Z|6001|ATTRIBUTE|/etc/passwd|failure|{}
2025-03-22T12:28:24Z|4008|DELETE|/var/www/.shell.php|success|{}
2025-03-22T12:28:47Z|6000|READ|/etc/shadow|success|{}
2025-03-22T12:28:59Z|9201|WRITE|/home/user/documents/report.doc|failure|{"size": 836908}
2025-03-22T12:29:26Z|9004|DELETE|/tmp/.hidden_script|success|{}
2025-03-22T12:29:40Z|7000|ATTRIBUTE|/home/user/documents/report.doc|success|{}
2025-03-22T12:29:52Z|9004|EXECUTE|/etc/cron.d/.hack|success|{}
2025-03-22T12:29:54Z|2|ATTRIBUTE|/tmp/backdoor.bin|success|{}
2025-03-22T12:30:05Z|9003|EXECUTE|/var/log/auth.log|success|{}
2025-03-22T12:30:19Z|2|EXECUTE|/dev/shm/.malware|failure|{}
2025-03-22T12:30:37Z|1|DELETE|/var/log/syslog|success|{}
2025-03-22T12:30:52Z|3|READ|/var/www/.shell.php|success|{"suspicious": true, "sequence": 11825}
2025-03-22T12:31:06Z|5013|ATTRIBUTE|/var/www/.shell.php|success|{}
2025-03-22T12:31:33Z|5000|DELETE|/var/log/syslog|success|{}
2025-03-22T12:31:37Z|5002|DELETE|/tmp/test.txt|success|{}
2025-03-22T12:32:03Z|4005|ATTRIBUTE|/etc/shadow|success|{}
2025-03-22T12:32:04Z|5|DELETE|/etc/cron.d/.hack|success|{}
2025-03-22T12:32:18Z|4001|DELETE|/etc/hosts|success|{}
2025-03-22T12:32:36Z|9204|EXECUTE|/etc/shadow|failure|{}
2025-03-22T12:32:38Z|6006|READ|/var/log/auth.log|failure|{}
2025-03-22T12:32:54Z|5012|READ|/tmp/backdoor.bin|success|{"suspicious": true, "sequence": 11834}
2025-03-22T12:33:03Z|4027|DELETE|/var/www/.shell.php|success|{}
2025-03-22T12:33:25Z|5008|EXECUTE|/etc/shadow|success|{}
2025-03-22T12:33:45Z|6007|READ|/tmp/backdoor.bin|success|{"suspicious": true, "sequence": 11837}
2025-03-22T12:33:53Z|5008|READ|/home/user/.ssh/id_rsa|success|{}
2025-03-22T12:33:57Z|9202|ATTRIBUTE|/tmp/backdoor.bin|success|{}
2025-03-22T12:34:06Z|9202|DELETE|/tmp/.hidden_script|success|{}
2025-03-22T12:34:30Z|9002|ATTRIBUTE|/dev/shm/.malware|success|{}
2025-03-22T12:34:35Z|6009|WRITE|/home/user/.ssh/id_rsa|success|{"size": 309821}
2025-03-22T12:34:50Z|9002|DELETE|/home/user/.ssh/id_rsa|success|{}
2025-03-22T12:35:06Z|9101|WRITE|/home/user/documents/report.doc|success|{"size": 809048}
2025-03-22T12:35:15Z|4|READ|/etc/cron.d/.hack|success|{"suspicious": true, "sequence": 11845}
2025-03-22T12:35:25Z|6008|READ|/etc/cron.d/.hack|success|{"suspicious": true, "sequence": 11846}
2025-03-22T12:35:34Z|9104|ATTRIBUTE|/tmp/test.txt|success|{}
2025-03-22T12:35:45Z|6006|READ|/var/log/syslog|success|{}
2025-03-22T12:35:51Z|6004|RENAME|/etc/cron.d/.hack|success|{}
2025-03-22T12:35:58Z|1006|WRITE|/etc/hosts|success|{"size": 175502}
2025-03-22T12:36:09Z|1|WRITE|/dev/shm/.malware|success|{"suspicious": true, "sequence": 11851}
2025-03-22T12:36:27Z|7001|DELETE|/home/user/documents/report.doc|success|{}
2025-03-22T12:36:31Z|7000|DELETE|/etc/shadow|success|{}
2025-03-22T12:36:57Z|7002|EXECUTE|/etc/passwd|success|{}
2025-03-22T12:37:07Z|4011|WRITE|/tmp/test.txt|success|{"size": 511956}
2025-03-22T12:37:31Z|1009|READ|/etc/hosts|failure|{}
2025-03-22T12:37:54Z|1012|WRITE|/home/user/.ssh/id_rsa|success|{"size": 743293}
2025-03-22T12:38:15Z|6008|ATTRIBUTE|/dev/shm/.malware|success|{}
2025-03-22T12:38:36Z|1007|EXECUTE|/etc/hosts|success|{}
2025-03-22T12:38:55Z|9004|ATTRIBUTE|/var/www/.shell.php|failure|{}
2025-03-22T12:39:21Z|9101|READ|/var/www/.shell.php|failure|{"suspicious": true, "sequence": 11861}
2025-03-22T12:39:45Z|9001|READ|/etc/hosts|success|{}
2025-03-22T12:39:53Z|9100|EXECUTE|/tmp/test.txt|success|{}
2025-03-22T12:40:01Z|7004|READ|/dev/shm/.malware|failure|{"suspicious": true, "sequence": 11864}
2025-03-22T12:40:23Z|4011|RENAME|/home/user/.ssh/id_rsa|success|{}
2025-03-22T12:40:27Z|9101|RENAME|/home/user/.ssh/id_rsa|success|{}
2025-03-22T12:40:32Z|4029|ATTRIBUTE|/var/log/auth.log|success|{}
2025-03-22T12:40:44Z|7000|READ|/tmp/backdoor.bin|success|{"suspicious": true, "sequence": 11868}
2025-03-22T12:40:59Z|4004|RENAME|/etc/cron.d/.hack|success|{}
2025-03-22T12:41:20Z|9203|READ|/home/user/documents/report.doc|success|{}
2025-03-22T12:41:44Z|6003|ATTRIBUTE|/tmp/test.txt|success|{}
2025-03-22T12:42:10Z|5011|WRITE|/tmp/backdoor.bin|success|{"suspicious": true, "sequence": 11872}
2025-03-22T12:42:25Z|4|READ|/dev/shm/.malware|success|{"suspicious": true, "sequence": 11873}
2025-03-22T12:42:39Z|7002|RENAME|/var/log/auth.log|success|{}
2025-03-22T12:42:50Z|9001|WRITE|/dev/shm/.malware|success|{"suspicious": true, "sequence": 11875}
2025-03-22T12:43:01Z|9204|ATTRIBUTE|/tmp/test.txt|success|{}
2025-03-22T12:43:29Z|9001|WRITE|/var/www/.shell.php|success|{"suspicious": true, "sequence": 11877}
2025-03-22T12:43:44Z|5013|READ|/tmp/backdoor.bin|success|{"suspicious": true, "sequence": 11878}
2025-03-22T12:43:57Z|4020|RENAME|/etc/cron.d/.hack|success|{}
2025-03-22T12:44:02Z|7004|EXECUTE|/var/log/auth.log|success|{}
2025-03-22T12:44:23Z|9103|ATTRIBUTE|/var/log/auth.log|success|{}
2025-03-22T12:44:50Z|7000|ATTRIBUTE|/home/user/.ssh/id_rsa|success|{}
2025-03-22T12:44:57Z|5007|DELETE|/var/log/auth.log|success|{}
2025-03-22T12:45:21Z|9001|RENAME|/etc/cron.d/.hack|success|{}
2025-03-22T12:45:33Z|9203|EXECUTE|/etc/cron.d/.hack|failure|{}
2025-03-22T12:45:34Z|9100|WRITE|/var/log/auth.log|success|{"size": 55965}
2025-03-22T12:45:44Z|5010|DELETE|/home/user/.ssh/id_rsa|success|{}
2025-03-22T12:46:02Z|5004|WRITE|/var/www/.shell.php|failure|{"suspicious": true, "sequence": 11888}
2025-03-22T12:46:14Z|9002|RENAME|/etc/cron.d/.hack|failure|{}
2025-03-22T12:46:34Z|9101|EXECUTE|/home/user/.ssh/id_rsa|success|{}
2025-03-22T12:46:58Z|2|DELETE|/etc/hosts|success|{}
2025-03-22T12:47:17Z|6004|ATTRIBUTE|/etc/passwd|success|{}
2025-03-22T12:47:46Z|5013|ATTRIBUTE|/dev/shm/.malware|success|{}
2025-03-22T12:47:49Z|9002|DELETE|/tmp/.hidden_script|failure|{}
2025-03-22T12:48:19Z|6009|ATTRIBUTE|/tmp/test.txt|success|{}
2025-03-22T12:48:48Z|5005|EXECUTE|/etc/shadow|success|{}
2025-03-22T12:49:07Z|5|EXECUTE|/var/log/auth.log|success|{}
2025-03-22T12:49:18Z|2|RENAME|/tmp/backdoor.bin|success|{}
2025-03-22T12:49:41Z|6003|DELETE|/etc/shadow|success|{}
2025-03-22T12:49:52Z|7002|WRITE|/var/www/.shell.php|success|{"suspicious": true, "sequence": 11900}
2025-03-22T12:49:58Z|9003|EXECUTE|/etc/shadow|success|{}
2025-03-22T12:50:15Z|6009|DELETE|/tmp/.hidden_script|failure|{}
2025-03-22T12:50:25Z|6009|READ|/home/user/.ssh/id_rsa|success|{}
2025-03-22T12:50:29Z|5|ATTRIBUTE|/tmp/backdoor.bin|success|{}
2025-03-22T12:50:31Z|4002|RENAME|/home/user/documents/report.doc|success|{}
2025-03-22T12:50:42Z|6004|WRITE|/tmp/.hidden_script|success|{"suspicious": true, "sequence": 11906}
2025-03-22T12:51:10Z|1|EXECUTE|/etc/passwd|success|{}
2025-03-22T12:51:15Z|7003|RENAME|/var/log/auth.log|failure|{}
2025-03-22T12:51:31Z|6003|WRITE|/var/www/.shell.php|success|{"suspicious": true, "sequence": 11909}
2025-03-22T12:51:48Z|1|ATTRIBUTE|/tmp/.hidden_script|success|{}
2025-03-22T12:52:10Z|2|DELETE|/etc/passwd|success|{}
2025-03-22T12:52:26Z|4021|EXECUTE|/var/log/syslog|success|{}
2025-03-22T12:52:45Z|9001|RENAME|/var/www/.shell.php|success|{}
2025-03-22T12:52:47Z|1018|ATTRIBUTE|/tmp/test.txt|success|{}
2025-03-22T12:53:01Z|5008|DELETE|/var/www/.shell.php|success|{}
2025-03-22T12:53:23Z|6006|WRITE|/home/user/.ssh/id_rsa|success|{"size": 785784}
2025-03-22T12:53:40Z|9001|DELETE|/etc/passwd|success|{}
2025-03-22T12:53:45Z|1005|ATTRIBUTE|/etc/cron.d/.hack|success|{}
2025-03-22T12:53:59Z|1012|WRITE|/var/www/.shell.php|success|{"suspicious": true, "sequence": 11919}
2025-03-22T12:54:06Z|6002|EXECUTE|/etc/shadow|success|{}
2025-03-22T12:54:20Z|4011|ATTRIBUTE|/tmp/.hidden_script|success|{}
2025-03-22T12:54:34Z|9202|ATTRIBUTE|/tmp/backdoor.bin|success|{}
2025-03-22T12:54:48Z|7001|WRITE|/var/log/syslog|success|{"size": 691727}
2025-03-22T12:54:58Z|7002|READ|/etc/hosts|success|{}
2025-03-22T12:55:15Z|1003|RENAME|/etc/passwd|success|{}
2025-03-22T12:55:31Z|9000|EXECUTE|/etc/cron.d/.hack|success|{}
2025-03-22T12:56:00Z|9204|EXECUTE|/var/log/auth.log|success|{}
2025-03-22T12:56:06Z|4011|RENAME|/dev/shm/.malware|success|{}
2025-03-22T12:56:09Z|4008|ATTRIBUTE|/var/www/.shell.php|success|{}
2025-03-22T12:56:17Z|7004|WRITE|/var/log/auth.log|success|{"size": 213451}
2025-03-22T12:56:18Z|5011|EXECUTE|/etc/shadow|success|{}
2025-03-22T12:56:22Z|9001|WRITE|/tmp/backdoor.bin|success|{"suspicious": true, "sequence": 11932}
2025-03-22T12:56:25Z|7000|READ|/tmp/test.txt|success|{}
2025-03-22T12:56:31Z|5014|WRITE|/etc/shadow|failure|{"size": 644012}
2025-03-22T12:57:01Z|5014|RENAME|/home/user/documents/report.doc|success|{}
2025-03-22T12:57:25Z|5001|WRITE|/tmp/test.txt|success|{"size": 884616}
2025-03-22T12:57:36Z|6006|READ|/tmp/.hidden_script|success|{"suspicious": true, "sequence": 11937}
2025-03-22T12:58:00Z|4005|ATTRIBUTE|/tmp/.hidden_script|success|{}
2025-03-22T12:58:13Z|7003|WRITE|/home/user/documents/report.doc|success|{"size": 683626}
2025-03-22T12:58:21Z|9104|READ|/var/www/.shell.php|success|{"suspicious": true, "sequence": 11940}
2025-03-22T12:58:50Z|5005|RENAME|/dev/shm/.malware|success|{}
2025-03-22T12:58:58Z|5|WRITE|/tmp/.hidden_script|success|{"suspicious": true, "sequence": 11942}
2025-03-22T12:59:16Z|9204|ATTRIBUTE|/tmp/backdoor.bin|success|{}
2025-03-22T12:59:19Z|7001|RENAME|/home/user/documents/report.doc|success|{}
2025-03-22T12:59:43Z|5014|ATTRIBUTE|/var/log/auth.log|success|{}
2025-03-22T13:00:13Z|3|EXECUTE|/dev/shm/.malware|success|{}
2025-03-22T13:00:25Z|9200|EXECUTE|/tmp/backdoor.bin|success|{}
2025-03-22T13:00:28Z|5|RENAME|/tmp/backdoor.bin|success|{}
2025-03-22T13:00:33Z|9002|EXECUTE|/tmp/.hidden_script|success|{}
2025-03-22T13:00:44Z|2|RENAME|/var/www/.shell.php|success|{}
2025-03-22T13:00:53Z|9104|READ|/home/user/.ssh/id_rsa|success|{}
2025-03-22T13:01:10Z|7004|RENAME|/home/user/documents/report.doc|success|{}
2025-03-22T13:01:16Z|5014|EXECUTE|/dev/shm/.malware|success|{}
2025-03-22T13:01:45Z|9100|WRITE|/etc/hosts|success|{"size": 546903}
2025-03-22T13:01:56Z|1|READ|/etc/cron.d/.hack|success|{"suspicious": true, "sequence": 11955}
2025-03-22T13:02:00Z|9000|ATTRIBUTE|/etc/hosts|success|{}
2025-03-22T13:02:22Z|9100|WRITE|/var/log/auth.log|failure|{"size": 575750}
2025-03-22T13:02:41Z|7004|READ|/home/user/.ssh/id_rsa|success|{}
2025-03-22T13:02:57Z|6002|WRITE|/tmp/.hidden_script|success|{"suspicious": true, "sequence": 11959}
2025-03-22T13:03:02Z|5005|READ|/tmp/test.txt|success|{}
2025-03-22T13:03:06Z|9103|DELETE|/var/log/syslog|success|{}
2025-03-22T13:03:35Z|9203|EXECUTE|/etc/passwd|failure|{}
2025-03-22T13:03:43Z|9103|EXECUTE|/etc/cron.d/.hack|success|{}
2025-03-22T13:03:56Z|7003|RENAME|/home/user/.ssh/id_rsa|success|{}
2025-03-22T13:04:09Z|5008|READ|/var/log/syslog|success|{}
2025-03-22T13:04:21Z|1002|WRITE|/dev/shm/.malware|success|{"suspicious": true, "sequence": 11966}
2025-03-22T13:04:26Z|1|RENAME|/var/log/auth.log|success|{}
2025-03-22T13:04:44Z|9201|DELETE|/tmp/test.txt|success|{}
2025-03-22T13:05:05Z|9202|EXECUTE|/tmp/test.txt|success|{}
2025-03-22T13:05:15Z|3|EXECUTE|/etc/cron.d/.hack|success|{}
2025-03-22T13:05:45Z|9004|EXECUTE|/var/www/.shell.php|success|{}
2025-03-22T13:05:52Z|5012|RENAME|/etc/shadow|success|{}
2025-03-22T13:06:10Z|2|RENAME|/tmp/test.txt|success|{}
2025-03-22T13:06:18Z|4023|ATTRIBUTE|/tmp/test.txt|success|{}
2025-03-22T13:06:30Z|7001|WRITE|/etc/cron.d/.hack|success|{"suspicious": true, "sequence": 11975}
2025-03-22T13:06:51Z|9102|ATTRIBUTE|/tmp/backdoor.bin|failure|{}
2025-03-22T13:06:58Z|9004|RENAME|/home/user/.ssh/id_rsa|success|{}
2025-03-22T13:07:15Z|1011|READ|/var/log/auth.log|success|{}
2025-03-22T13:07:34Z|9003|READ|/tmp/backdoor.bin|success|{"suspicious": true, "sequence": 11979}
2025-03-22T13:07:37Z|4022|DELETE|/home/user/.ssh/id_rsa|success|{}
2025-03-22T13:08:02Z|1|ATTRIBUTE|/home/user/documents/report.doc|success|{}
2025-03-22T13:08:09Z|4009|ATTRIBUTE|/var/www/.shell.php|success|{}
2025-03-22T13:08:37Z|9204|WRITE|/var/log/syslog|success|{"size": 489537}
2025-03-22T13:08:48Z|9000|RENAME|/home/user/.ssh/id_rsa|success|{}
2025-03-22T13:08:54Z|9200|RENAME|/etc/hosts|success|{}
2025-03-22T13:09:05Z|5|WRITE|/var/www/.shell.php|success|{"suspicious": true, "sequence": 11986}
2025-03-22T13:09:13Z|9201|DELETE|/dev/shm/.malware|success|{}
2025-03-22T13:09:43Z|1002|WRITE|/var/www/.shell.php|success|{"suspicious": true, "sequence": 11988}
2025-03-22T13:09:53Z|9000|WRITE|/var/log/auth.log|success|{"size": 818614}
2025-03-22T13:10:01Z|5008|ATTRIBUTE|/etc/passwd|success|{}
2025-03-22T13:10:04Z|1006|READ|/var/www/.shell.php|success|{"suspicious": true, "sequence": 11991}
2025-03-22T13:10:08Z|4015|EXECUTE|/tmp/test.txt|success|{}
2025-03-22T13:10:11Z|1|RENAME|/dev/shm/.malware|success|{}
2025-03-22T13:10:20Z|9002|RENAME|/etc/shadow|success|{}
2025-03-22T13:10:34Z|9200|ATTRIBUTE|/dev/shm/.malware|success|{}
2025-03-22T13:10:53Z|4020|WRITE|/etc/hosts|success|{"size": 646238}
2025-03-22T13:11:03Z|1018|RENAME|/tmp/test.txt|success|{}
2025-03-22T13:11:08Z|9204|RENAME|/etc/shadow|success|{}
2025-03-22T13:11:25Z|9002|ATTRIBUTE|/dev/shm/.malware|success|{}
2025-03-22T13:11:44Z|3|RENAME|/etc/passwd|success|{}
2025-03-22T13:11:45Z|7001|EXECUTE|/tmp/backdoor.bin|success|{}
2025-03-22T13:11:53Z|6002|ATTRIBUTE|/tmp/test.txt|success|{}
2025-03-22T13:12:00Z|2|RENAME|/var/log/syslog|success|{}
2025-03-22T13:12:05Z|4020|RENAME|/tmp/.hidden_script|success|{}
2025-03-22T13:12:33Z|1003|EXECUTE|/etc/passwd|success|{}
2025-03-22T13:13:00Z|9001|RENAME|/etc/cron.d/.hack|success|{}
2025-03-22T13:13:04Z|9001|DELETE|/tmp/.hidden_script|success|{}
2025-03-22T13:13:15Z|5012|WRITE|/dev/shm/.malware|success|{"suspicious": true, "sequence": 12008}
2025-03-22T13:13:38Z|9101|READ|/home/user/documents/report.doc|success|{}
2025-03-22T13:13:52Z|7002|DELETE|/home/user/.ssh/id_rsa|failure|{}
2025-03-22T13:14:20Z|6000|WRITE|/home/user/documents/report.doc|success|{"size": 745702}
2025-03-22T13:14:39Z|4028|DELETE|/etc/hosts|success|{}
2025-03-22T13:14:50Z|2|RENAME|/var/log/auth.log|success|{}
2025-03-22T13:15:12Z|7000|RENAME|/etc/cron.d/.hack|success|{}
2025-03-22T13:15:25Z|2|READ|/tmp/test.txt|success|{}
2025-03-22T13:15:55Z|1|ATTRIBUTE|/var/www/.shell.php|success|{}
2025-03-22T13:15:58Z|3|WRITE|/etc/cron.d/.hack|success|{"suspicious": true, "sequence": 12017}
2025-03-22T13:16:12Z|9203|READ|/etc/hosts|success|{}
2025-03-22T13:16:33Z|3|EXECUTE|/home/user/documents/report.doc|success|{}
2025-03-22T13:16:59Z|9003|WRITE|/home/user/.ssh/id_rsa|success|{"size": 1004490}
2025-03-22T13:17:09Z|6005|READ|/etc/shadow|failure|{}
2025-03-22T13:17:37Z|4025|DELETE|/home/user/.ssh/id_rsa|success|{}
2025-03-22T13:17:55Z|9100|WRITE|/dev/shm/.malware|success|{"suspicious": true, "sequence": 12023}
2025-03-22T13:18:09Z|9003|EXECUTE|/etc/shadow|success|{}
2025-03-22T13:18:13Z|1009|WRITE|/var/www/.shell.php|success|{"suspicious": true, "sequence": 12025}
2025-03-22T13:18:38Z|6001|ATTRIBUTE|/var/www/.shell.php|success|{}
2025-03-22T13:18:43Z|9200|WRITE|/var/log/syslog|success|{"size": 753253}
2025-03-22T13:18:49Z|9200|READ|/home/user/documents/report.doc|success|{}
2025-03-22T13:18:56Z|5007|DELETE|/var/www/.shell.php|success|{}
2025-03-22T13:18:58Z|9103|DELETE|/tmp/.hidden_script|success|{}
2025-03-22T13:19:05Z|6000|WRITE|/etc/hosts|success|{"size": 325733}
2025-03-22T13:19:20Z|5009|DELETE|/var/log/syslog|success|{}
2025-03-22T13:19:46Z|7002|DELETE|/etc/hosts|success|{}
2025-03-22T13:19:55Z|9200|EXECUTE|/etc/passwd|success|{}
2025-03-22T13:20:10Z|9200|DELETE|/etc/hosts|success|{}
2025-03-22T13:20:23Z|9102|ATTRIBUTE|/var/log/auth.log|success|{}
2025-03-22T13:20:24Z|5013|READ|/home/user/documents/report.doc|failure|{}
2025-03-22T13:20:26Z|1014|ATTRIBUTE|/etc/hosts|success|{}
2025-03-22T13:20:48Z|9200|WRITE|/etc/passwd|success|{"size": 833552}
2025-03-22T13:20:52Z|1005|ATTRIBUTE|/var/www/.shell.php|success|{}
2025-03-22T13:21:11Z|6008|ATTRIBUTE|/etc/cron.d/.hack|success|{}
2025-03-22T13:21:14Z|6003|RENAME|/home/user/.ssh/id_rsa|success|{}
2025-03-22T13:21:29Z|9003|RENAME|/etc/cron.d/.hack|success|{}
2025-03-22T13:21:49Z|4005|EXECUTE|/etc/hosts|failure|{}
2025-03-22T13:22:13Z|9000|DELETE|/home/user/documents/report.doc|success|{}
2025-03-22T13:22:30Z|9004|RENAME|/var/www/.shell.php|success|{}
2025-03-22T13:22:46Z|9002|WRITE|/tmp/backdoor.bin|success|{"suspicious": true, "sequence": 12047}
2025-03-22T13:23:00Z|7004|ATTRIBUTE|/home/user/documents/report.doc|success|{}
2025-03-22T13:23:27Z|9201|READ|/etc/cron.d/.hack|success|{"suspicious": true, "sequence": 12049}
2025-03-22T13:23:40Z|6005|RENAME|/var/log/syslog|success|{}
2025-03-22T13:23:49Z|9103|EXECUTE|/dev/shm/.malware|failure|{}
2025-03-22T13:23:50Z|9201|WRITE|/tmp/.hidden_script|success|{"suspicious": true, "sequence": 12052}
2025-03-22T13:24:08Z|4008|READ|/etc/hosts|failure|{}
2025-03-22T13:24:20Z|9001|WRITE|/home/user/.ssh/id_rsa|success|{"size": 847739}
2025-03-22T13:24:32Z|4010|READ|/home/user/documents/report.doc|success|{}
2025-03-22T13:24:38Z|4022|READ|/etc/hosts|success|{}
2025-03-22T13:24:59Z|6003|DELETE|/etc/cron.d/.hack|success|{}
2025-03-22T13:25:14Z|9200|EXECUTE|/etc/passwd|success|{}
2025-03-22T13:25:38Z|9004|DELETE|/etc/cron.d/.hack|success|{}
2025-03-22T13:26:05Z|9000|RENAME|/tmp/.hidden_script|success|{}
2025-03-22T13:26:15Z|1009|READ|/tmp/.hidden_script|success|{"suspicious": true, "sequence": 12061}
2025-03-22T13:26:37Z|5002|RENAME|/etc/cron.d/.hack|success|{}
2025-03-22T13:26:54Z|5008|WRITE|/home/user/documents/report.doc|success|{"size": 975194}
2025-03-22T13:26:57Z|5008|WRITE|/etc/shadow|success|{"size": 179716}
2025-03-22T13:27:26Z|9001|EXECUTE|/tmp/.hidden_script|success|{}
2025-03-22T13:27:34Z|7002|WRITE|/etc/cron.d/.hack|success|{"suspicious": true, "sequence": 12066}
2025-03-22T13:27:37Z|9203|EXECUTE|/etc/hosts|success|{}
2025-03-22T13:27:43Z|5000|EXECUTE|/var/www/.shell.php|success|{}
2025-03-22T13:27:44Z|6006|ATTRIBUTE|/tmp/backdoor.bin|success|{}
2025-03-22T13:28:13Z|9001|READ|/var/www/.shell.php|success|{"suspicious": true, "sequence": 12070}
2025-03-22T13:28:26Z|9002|DELETE|/var/log/syslog|success|{}
2025-03-22T13:28:41Z|9104|WRITE|/etc/cron.d/.hack|success|{"suspicious": true, "sequence": 12072}
2025-03-22T13:28:57Z|9100|READ|/var/log/auth.log|success|{}
2025-03-22T13:29:22Z|5|EXECUTE|/var/log/syslog|success|{}
2025-03-22T13:29:48Z|5009|DELETE|/tmp/test.txt|success|{}
2025-03-22T13:30:16Z|4005|WRITE|/var/log/syslog|success|{"size": 1029365}
2025-03-22T13:30:37Z|9002|RENAME|/var/log/syslog|success|{}
2025-03-22T13:30:45Z|5002|RENAME|/tmp/.hidden_script|success|{}
2025-03-22T13:31:13Z|1012|READ|/etc/cron.d/.hack|success|{"suspicious": true, "sequence": 12079}
2025-03-22T13:31:31Z|6007|EXECUTE|/home/user/.ssh/id_rsa|success|{}
2025-03-22T13:31:34Z|9004|WRITE|/var/www/.shell.php|success|{"suspicious": true, "sequence": 12081}
2025-03-22T13:31:50Z|9102|READ|/tmp/backdoor.bin|success|{"suspicious": true, "sequence": 12082}
2025-03-22T13:32:15Z|9204|WRITE|/tmp/test.txt|success|{"size": 224321}
2025-03-22T13:32:32Z|9203|DELETE|/tmp/.hidden_script|success|{}
2025-03-22T13:32:39Z|5012|DELETE|/dev/shm/.malware|success|{}
2025-03-22T13:32:49Z|1|READ|/dev/shm/.malware|success|{"suspicious": true, "sequence": 12086}
2025-03-22T13:32:53Z|2|DELETE|/etc/shadow|success|{}
2025-03-22T13:32:56Z|3|EXECUTE|/etc/shadow|success|{}
2025-03-22T13:33:18Z|1|WRITE|/tmp/backdoor.bin|success|{"suspicious": true, "sequence": 12089}
2025-03-22T13:33:47Z|4000|ATTRIBUTE|/var/log/auth.log|success|{}
2025-03-22T13:33:54Z|4027|ATTRIBUTE|/tmp/.hidden_script|success|{}
2025-03-22T13:34:07Z|9000|DELETE|/home/user/.ssh/id_rsa|success|{}
2025-03-22T13:34:23Z|6007|ATTRIBUTE|/var/log/syslog|success|{}
2025-03-22T13:34:39Z|4|ATTRIBUTE|/var/www/.shell.php|success|{}
2025-03-22T13:35:01Z|9100|READ|/etc/shadow|success|{}
2025-03-22T13:35:25Z|6008|READ|/tmp/.hidden_script|success|{"suspicious": true, "sequence": 12096}
2025-03-22T13:35:55Z|9103|DELETE|/dev/shm/.malware|success|{}
2025-03-22T13:36:05Z|6007|DELETE|/dev/shm/.malware|success|{}
2025-03-22T13:36:32Z|6007|ATTRIBUTE|/etc/hosts|success|{}
2025-03-22T13:36:35Z|9202|RENAME|/etc/hosts|success|{}
2025-03-22T13:36:57Z|9100|EXECUTE|/home/user/documents/report.doc|success|{}
2025-03-22T13:37:06Z|9203|READ|/var/log/auth.log|success|{}
2025-03-22T13:37:28Z|9004|RENAME|/var/www/.shell.php|success|{}
2025-03-22T13:37:56Z|9200|READ|/etc/hosts|success|{}
2025-03-22T13:38:18Z|9202|RENAME|/tmp/test.txt|success|{}
2025-03-22T13:38:20Z|6006|WRITE|/tmp/backdoor.bin|success|{"suspicious": true, "sequence": 12106}
2025-03-22T13:38:34Z|1009|EXECUTE|/dev/shm/.malware|success|{}
2025-03-22T13:38:58Z|7002|EXECUTE|/etc/hosts|success|{}
2025-03-22T13:39:14Z|9000|EXECUTE|/tmp/test.txt|success|{}
2025-03-22T13:39:19Z|9203|DELETE|/home/user/.ssh/id_rsa|failure|{}
2025-03-22T13:39:35Z|9203|WRITE|/etc/passwd|success|{"size": 262050}
2025-03-22T13:39:43Z|9200|WRITE|/home/user/.ssh/id_rsa|success|{"size": 805796}
2025-03-22T13:39:53Z|2|READ|/home/user/documents/report.doc|success|{}
2025-03-22T13:40:22Z|6001|DELETE|/home/user/.ssh/id_rsa|success|{}
2025-03-22T13:40:43Z|1004|RENAME|/etc/cron.d/.hack|success|{}
2025-03-22T13:40:47Z|9104|EXECUTE|/dev/shm/.malware|success|{}
2025-03-22T13:41:06Z|6006|DELETE|/home/user/documents/report.doc|success|{}
2025-03-22T13:41:19Z|9103|WRITE|/etc/passwd|success|{"size": 846343}
2025-03-22T13:41:38Z|9103|RENAME|/tmp/.hidden_script|success|{}
2025-03-22T13:42:01Z|1011|EXECUTE|/var/log/auth.log|success|{}
2025-03-22T13:42:31Z|7001|WRITE|/etc/passwd|success|{"size": 223651}
2025-03-22T13:42:52Z|4016|RENAME|/etc/cron.d/.hack|success|{}
2025-03-22T13:43:21Z|5002|READ|/etc/passwd|success|{}
2025-03-22T13:43:37Z|1016|ATTRIBUTE|/tmp/test.txt|success|{}
2025-03-22T13:43:40Z|1013|ATTRIBUTE|/tmp/backdoor.bin|success|{}
2025-03-22T13:43:41Z|9001|READ|/home/user/.ssh/id_rsa|success|{}
2025-03-22T13:43:51Z|9001|WRITE|/var/log/auth.log|success|{"size": 13333}
2025-03-22T13:44:09Z|6005|ATTRIBUTE|/var/log/syslog|failure|{}
2025-03-22T13:44:23Z|1004|ATTRIBUTE|/etc/cron.d/.hack|success|{}
2025-03-22T13:44:33Z|5001|DELETE|/etc/shadow|success|{}
2025-03-22T13:44:41Z|1003|ATTRIBUTE|/var/log/syslog|success|{}
2025-03-22T13:44:48Z|4|WRITE|/tmp/backdoor.bin|success|{"suspicious": true, "sequence": 12132}
2025-03-22T13:45:06Z|9100|WRITE|/var/www/.shell.php|success|{"suspicious": true, "sequence": 12133}
2025-03-22T13:45:33Z|5004|DELETE|/var/www/.shell.php|success|{}
2025-03-22T13:45:43Z|1003|RENAME|/var/log/syslog|success|{}
2025-03-22T13:45:50Z|5006|WRITE|/var/www/.shell.php|success|{"suspicious": true, "sequence": 12136}
2025-03-22T13:46:03Z|1007|EXECUTE|/home/user/.ssh/id_rsa|success|{}
2025-03-22T13:46:30Z|5006|ATTRIBUTE|/tmp/test.txt|success|{}
2025-03-22T13:46:56Z|6007|RENAME|/tmp/.hidden_script|success|{}
2025-03-22T13:47:26Z|4024|WRITE|/tmp/.hidden_script|success|{"suspicious": true, "sequence": 12140}
2025-03-22T13:47:31Z|1008|ATTRIBUTE|/tmp/test.txt|failure|{}
2025-03-22T13:47:55Z|1002|EXECUTE|/var/log/syslog|failure|{}
2025-03-22T13:48:17Z|9003|EXECUTE|/home/user/documents/report.doc|success|{}
2025-03-22T13:48:20Z|9202|RENAME|/tmp/test.txt|success|{}
2025-03-22T13:48:36Z|6000|DELETE|/etc/hosts|success|{}
2025-03-22T13:48:39Z|1015|EXECUTE|/var/www/.shell.php|success|{}
2025-03-22T13:48:44Z|6007|RENAME|/var/log/syslog|success|{}
2025-03-22T13:48:48Z|1010|ATTRIBUTE|/tmp/.hidden_script|success|{}
2025-03-22T13:48:52Z|4012|ATTRIBUTE|/home/user/.ssh/id_rsa|success|{}
2025-03-22T13:49:05Z|5003|RENAME|/var/log/syslog|success|{}
2025-03-22T13:49:25Z|4028|EXECUTE|/etc/cron.d/.hack|success|{}
2025-03-22T13:49:50Z|5003|READ|/etc/hosts|success|{}
2025-03-22T13:50:08Z|6001|ATTRIBUTE|/home/user/.ssh/id_rsa|success|{}
2025-03-22T13:50:37Z|7001|RENAME|/etc/passwd|success|{}
2025-03-22T13:50:50Z|3|RENAME|/tmp/test.txt|success|{}
2025-03-22T13:51:00Z|5004|ATTRIBUTE|/tmp/.hidden_script|success|{}
2025-03-22T13:51:07Z|7000|READ|/home/user/.ssh/id_rsa|success|{}
2025-03-22T13:51:17Z|9201|EXECUTE|/etc/passwd|success|{}
2025-03-22T13:51:18Z|2|READ|/tmp/test.txt|success|{}
2025-03-22T13:51:30Z|6002|DELETE|/home/user/documents/report.doc|success|{}
2025-03-22T13:51:55Z|9202|DELETE|/home/user/.ssh/id_rsa|success|{}
2025-03-22T13:52:06Z|1000|READ|/home/user/.ssh/id_rsa|success|{}
2025-03-22T13:52:19Z|3|READ|/tmp/.hidden_script|success|{"suspicious": true, "sequence": 12163}
2025-03-22T13:52:41Z|4016|RENAME|/tmp/backdoor.bin|success|{}
2025-03-22T13:52:45Z|9003|WRITE|/tmp/test.txt|success|{"size": 120421}
2025-03-22T13:53:15Z|9200|ATTRIBUTE|/etc/hosts|success|{}
2025-03-22T13:53:23Z|9000|EXECUTE|/tmp/.hidden_script|failure|{}
2025-03-22T13:53:52Z|1001|READ|/dev/shm/.malware|failure|{"suspicious": true, "sequence": 12168}
2025-03-22T13:53:53Z|5|READ|/etc/shadow|success|{}
2025-03-22T13:54:21Z|1004|EXECUTE|/etc/shadow|success|{}
2025-03-22T13:54:36Z|9203|WRITE|/etc/shadow|success|{"size": 461532}
2025-03-22T13:54:43Z|9201|DELETE|/home/user/documents/report.doc|failure|{}
2025-03-22T13:55:12Z|7001|RENAME|/var/www/.shell.php|success|{}
2025-03-22T13:55:39Z|7004|READ|/var/log/syslog|success|{}
2025-03-22T13:55:59Z|9002|ATTRIBUTE|/var/log/syslog|success|{}
2025-03-22T13:56:16Z|9204|WRITE|/dev/shm/.malware|success|{"suspicious": true, "sequence": 12176}
2025-03-22T13:56:39Z|7000|WRITE|/home/user/documents/report.doc|success|{"size": 497381}
2025-03-22T13:57:06Z|9000|DELETE|/tmp/.hidden_script|success|{}
2025-03-22T13:57:10Z|5012|DELETE|/tmp/test.txt|success|{}
2025-03-22T13:57:24Z|9101|WRITE|/home/user/.ssh/id_rsa|success|{"size": 104857}
2025-03-22T13:57:46Z|6006|RENAME|/tmp/test.txt|success|{}
2025-03-22T13:57:51Z|3|ATTRIBUTE|/dev/shm/.malware|success|{}
2025-03-22T13:57:53Z|9201|EXECUTE|/home/user/.ssh/id_rsa|success|{}
2025-03-22T13:57:58Z|9202|RENAME|/dev/shm/.malware|success|{}
2025-03-22T13:58:26Z|4022|EXECUTE|/etc/cron.d/.hack|success|{}
2025-03-22T13:58:40Z|2|RENAME|/etc/cron.d/.hack|success|{}
2025-03-22T13:59:10Z|1003|ATTRIBUTE|/home/user/documents/report.doc|success|{}
2025-03-22T13:59:16Z|4017|EXECUTE|/etc/passwd|success|{}
2025-03-22T13:59:42Z|9102|WRITE|/home/user/documents/report.doc|failure|{"size": 876337}
2025-03-22T14:00:04Z|4001|DELETE|/dev/shm/.malware|failure|{}
2025-03-22T14:00:21Z|6006|EXECUTE|/tmp/.hidden_script|success|{}
2025-03-22T14:00:41Z|6002|DELETE|/tmp/backdoor.bin|failure|{}
2025-03-22T14:00:54Z|9202|DELETE|/tmp/.hidden_script|success|{}
2025-03-22T14:01:15Z|6005|READ|/etc/passwd|success|{}
2025-03-22T14:01:27Z|5012|READ|/tmp/.hidden_script|success|{"suspicious": true, "sequence": 12195}
2025-03-22T14:01:45Z|6000|ATTRIBUTE|/etc/hosts|success|{}
2025-03-22T14:02:01Z|5002|RENAME|/home/user/.ssh/id_rsa|success|{}
2025-03-22T14:02:16Z|5007|RENAME|/home/user/.ssh/id_rsa|success|{}
2025-03-22T14:02:22Z|9002|RENAME|/etc/cron.d/.hack|success|{}
2025-03-22T14:02:52Z|9200|EXECUTE|/var/www/.shell.php|success|{}
2025-03-22T14:03:14Z|9201|RENAME|/etc/cron.d/.hack|success|{}
2025-03-22T14:03:32Z|1018|EXECUTE|/var/log/auth.log|success|{}
2025-03-22T14:03:44Z|2|RENAME|/etc/hosts|success|{}
2025-03-22T14:03:47Z|4008|ATTRIBUTE|/tmp/backdoor.bin|success|{}
2025-03-22T14:04:13Z|5003|DELETE|/home/user/.ssh/id_rsa|success|{}
2025-03-22T14:04:33Z|4020|WRITE|/etc/cron.d/.hack|success|{"suspicious": true, "sequence": 12206}
2025-03-22T14:04:48Z|7003|ATTRIBUTE|/var/log/syslog|success|{}
2025-03-22T14:04:53Z|5000|EXECUTE|/tmp/backdoor.bin|success|{}
2025-03-22T14:05:05Z|1016|RENAME|/dev/shm/.malware|success|{}
2025-03-22T14:05:21Z|6002|DELETE|/home/user/documents/report.doc|success|{}
2025-03-22T14:05:40Z|2|ATTRIBUTE|/var/log/syslog|success|{}
2025-03-22T14:05:51Z|5010|EXECUTE|/home/user/documents/report.doc|success|{}
2025-03-22T14:06:08Z|7000|EXECUTE|/var/www/.shell.php|success|{}
2025-03-22T14:06:18Z|9102|ATTRIBUTE|/tmp/test.txt|success|{}
2025-03-22T14:06:41Z|9004|WRITE|/home/user/documents/report.doc|success|{"size": 125864}
2025-03-22T14:07:08Z|1|ATTRIBUTE|/var/log/auth.log|failure|{}
2025-03-22T14:07:31Z|4020|DELETE|/etc/hosts|success|{}
2025-03-22T14:07:42Z|4024|WRITE|/etc/cron.d/.hack|success|{"suspicious": true, "sequence": 12218}
2025-03-22T14:07:50Z|9004|EXECUTE|/etc/passwd|success|{}
2025-03-22T14:08:03Z|7003|RENAME|/var/log/syslog|failure|{}
2025-03-22T14:08:30Z|7000|READ|/tmp/test.txt|success|{}
2025-03-22T14:08:46Z|9004|EXECUTE|/home/user/.ssh/id_rsa|success|{}
2025-03-22T14:09:14Z|5|ATTRIBUTE|/tmp/.hidden_script|success|{}
2025-03-22T14:09:16Z|4001|EXECUTE|/tmp/test.txt|success|{}
2025-03-22T14:09:32Z|6009|EXECUTE|/home/user/.ssh/id_rsa|success|{}
2025-03-22T14:09:53Z|7003|WRITE|/var/log/syslog|success|{"size": 708895}
2025-03-22T14:09:54Z|6004|WRITE|/tmp/test.txt|success|{"size": 675332}
2025-03-22T14:10:07Z|5|ATTRIBUTE|/dev/shm/.malware|failure|{}
2025-03-22T14:10:26Z|9000|RENAME|/etc/hosts|success|{}
2025-03-22T14:10:50Z|9204|DELETE|/var/log/syslog|success|{}
2025-03-22T14:11:20Z|9202|RENAME|/dev/shm/.malware|success|{}
2025-03-22T14:11:43Z|1|ATTRIBUTE|/tmp/test.txt|success|{}
2025-03-22T14:11:55Z|5013|DELETE|/home/user/.ssh/id_rsa|success|{}
2025-03-22T14:11:58Z|9203|ATTRIBUTE|/tmp/.hidden_script|success|{}
2025-03-22T14:12:11Z|3|DELETE|/tmp/backdoor.bin|success|{}
2025-03-22T14:12:41Z|6001|RENAME|/etc/cron.d/.hack|success|{}
2025-03-22T14:13:10Z|9202|ATTRIBUTE|/var/log/syslog|success|{}
2025-03-22T14:13:18Z|5008|EXECUTE|/home/user/.ssh/id_rsa|failure|{}
2025-03-22T14:13:30Z|9202|EXECUTE|/dev/shm/.malware|success|{}
2025-03-22T14:13:40Z|5009|READ|/var/log/auth.log|success|{}
2025-03-22T14:14:01Z|6002|RENAME|/var/www/.shell.php|success|{}
2025-03-22T14:14:08Z|4011|WRITE|/dev/shm/.malware|success|{"suspicious": true, "sequence": 12242}
2025-03-22T14:14:36Z|1004|ATTRIBUTE|/var/log/syslog|success|{}
2025-03-22T14:14:44Z|7001|ATTRIBUTE|/dev/shm/.malware|failure|{}
2025-03-22T14:15:08Z|4007|READ|/var/www/.shell.php|success|{"suspicious": true, "sequence": 12245}
2025-03-22T14:15:22Z|9002|DELETE|/dev/shm/.malware|success|{}
2025-03-22T14:15:35Z|9102|WRITE|/home/user/documents/report.doc|success|{"size": 841936}
2025-03-22T14:15:53Z|5002|DELETE|/var/log/auth.log|success|{}
2025-03-22T14:16:03Z|4011|READ|/tmp/test.txt|success|{}
2025-03-22T14:16:27Z|9003|READ|/var/log/syslog|success|{}
2025-03-22T14:16:38Z|3|READ|/etc/shadow|success|{}
2025-03-22T14:16:56Z|5005|READ|/dev/shm/.malware|success|{"suspicious": true, "sequence": 12252}
2025-03-22T14:17:12Z|9002|EXECUTE|/etc/shadow|success|{}
2025-03-22T14:17:32Z|6000|EXECUTE|/etc/hosts|success|{}
2025-03-22T14:17:59Z|1003|EXECUTE|/tmp/backdoor.bin|failure|{}
2025-03-22T14:18:09Z|2|READ|/var/log/auth.log|success|{}
2025-03-22T14:18:26Z|3|WRITE|/home/user/documents/report.doc|success|{"size": 767090}
2025-03-22T14:18:38Z|9003|WRITE|/tmp/.hidden_script|success|{"suspicious": true, "sequence": 12258}
2025-03-22T14:19:08Z|1006|EXECUTE|/etc/hosts|success|{}
2025-03-22T14:19:28Z|9001|READ|/var/www/.shell.php|failure|{"suspicious": true, "sequence": 12260}
2025-03-22T14:19:52Z|9202|ATTRIBUTE|/var/www/.shell.php|success|{}
2025-03-22T14:20:21Z|1017|RENAME|/var/log/syslog|success|{}
2025-03-22T14:20:40Z|6003|WRITE|/dev/shm/.malware|success|{"suspicious": true, "sequence": 12263}
2025-03-22T14:20:45Z|9200|EXECUTE|/dev/shm/.malware|success|{}
2025-03-22T14:21:00Z|9104|DELETE|/var/www/.shell.php|success|{}
2025-03-22T14:21:13Z|9000|RENAME|/tmp/backdoor.bin|success|{}
2025-03-22T14:21:39Z|9000|EXECUTE|/var/log/syslog|success|{}
2025-03-22T14:21:52Z|9202|WRITE|/var/log/auth.log|success|{"size": 136810}
2025-03-22T14:22:13Z|9102|WRITE|/tmp/backdoor.bin|success|{"suspicious": true, "sequence": 12269}
2025-03-22T14:22:20Z|1001|ATTRIBUTE|/tmp/backdoor.bin|success|{}
2025-03-22T14:22:46Z|5011|RENAME|/var/log/auth.log|success|{}
2025-03-22T14:23:01Z|6006|DELETE|/tmp/backdoor.bin|success|{}
2025-03-22T14:23:27Z|1|EXECUTE|/var/log/auth.log|success|{}
2025-03-22T14:23:41Z|9201|RENAME|/tmp/backdoor.bin|success|{}
2025-03-22T14:23:58Z|9103|READ|/etc/shadow|success|{}
2025-03-22T14:24:26Z|6009|READ|/home/user/documents/report.doc|success|{}
2025-03-22T14:24:32Z|7004|RENAME|/etc/hosts|failure|{}
2025-03-22T14:24:43Z|9201|READ|/var/log/syslog|success|{}
2025-03-22T14:24:54Z|4020|EXECUTE|/tmp/.hidden_script|success|{}
2025-03-22T14:25:05Z|9103|EXECUTE|/etc/shadow|failure|{}
2025-03-22T14:25:09Z|9200|EXECUTE|/etc/hosts|failure|{}
2025-03-22T14:25:12Z|9200|EXECUTE|/var/www/.shell.php|success|{}
2025-03-22T14:25:16Z|7000|READ|/var/log/syslog|success|{}
2025-03-22T14:25:25Z|3|WRITE|/home/user/documents/report.doc|success|{"size": 738761}
2025-03-22T14:25:38Z|1018|ATTRIBUTE|/dev/shm/.malware|success|{}
2025-03-22T14:25:44Z|5011|DELETE|/home/user/.ssh/id_rsa|failure|{}
2025-03-22T14:26:06Z|9202|WRITE|/etc/hosts|failure|{"size": 474380}
2025-03-22T14:26:15Z|1014|EXECUTE|/var/log/auth.log|success|{}
2025-03-22T14:26:22Z|1009|EXECUTE|/tmp/test.txt|success|{}
2025-03-22T14:26:48Z|5009|DELETE|/home/user/documents/report.doc|success|{}
2025-03-22T14:27:06Z|1|WRITE|/var/www/.shell.php|success|{"suspicious": true, "sequence": 12291}
2025-03-22T14:27:22Z|1|ATTRIBUTE|/var/log/syslog|success|{}
2025-03-22T14:27:52Z|6007|RENAME|/tmp/test.txt|success|{}
2025-03-22T14:28:15Z|5004|RENAME|/etc/shadow|success|{}
2025-03-22T14:28:35Z|9103|EXECUTE|/etc/hosts|success|{}
2025-03-22T14:29:01Z|6007|WRITE|/tmp/backdoor.bin|failure|{"suspicious": true, "sequence": 12296}
2025-03-22T14:29:29Z|9101|READ|/etc/passwd|failure|{}
2025-03-22T14:29:36Z|9204|DELETE|/dev/shm/.malware|success|{}
2025-03-22T14:29:40Z|9002|RENAME|/var/log/syslog|success|{}
2025-03-22T14:29:50Z|1|DELETE|/home/user/documents/report.doc|success|{}
2025-03-22T14:29:56Z|1003|RENAME|/tmp/test.txt|success|{}
2025-03-22T14:29:59Z|1|WRITE|/var/www/.shell.php|success|{"suspicious": true, "sequence": 12302}
2025-03-22T14:30:17Z|7000|DELETE|/etc/shadow|success|{}
2025-03-22T14:30:24Z|1016|WRITE|/var/log/syslog|success|{"size": 79706}
2025-03-22T14:30:50Z|1015|EXECUTE|/dev/shm/.malware|failure|{}
2025-03-22T14:31:09Z|9003|EXECUTE|/etc/hosts|success|{}
2025-03-22T14:31:38Z|7003|DELETE|/home/user/documents/report.doc|success|{}
2025-03-22T14:32:07Z|7000|EXECUTE|/var/log/syslog|success|{}
2025-03-22T14:32:26Z|9101|ATTRIBUTE|/etc/shadow|success|{}
2025-03-22T14:32:47Z|4015|DELETE|/dev/shm/.malware|success|{}
2025-03-22T14:33:00Z|5001|EXECUTE|/var/log/syslog|success|{}
2025-03-22T14:33:21Z|9000|READ|/var/log/syslog|success|{}
2025-03-22T14:33:22Z|2|RENAME|/tmp/.hidden_script|success|{}
2025-03-22T14:33:39Z|7000|WRITE|/home/user/documents/report.doc|failure|{"size": 616391}
2025-03-22T14:34:02Z|4012|RENAME|/etc/cron.d/.hack|success|{}
2025-03-22T14:34:13Z|7004|RENAME|/etc/cron.d/.hack|success|{}
2025-03-22T14:34:32Z|6007|READ|/dev/shm/.malware|success|{"suspicious": true, "sequence": 12317}
2025-03-22T14:34:40Z|6006|RENAME|/tmp/test.txt|success|{}
2025-03-22T14:34:58Z|7002|RENAME|/etc/hosts|success|{}
2025-03-22T14:35:01Z|6004|RENAME|/etc/shadow|success|{}
2025-03-22T14:35:15Z|7001|RENAME|/home/user/documents/report.doc|failure|{}
2025-03-22T14:35:36Z|9100|ATTRIBUTE|/var/www/.shell.php|success|{}
2025-03-22T14:35:46Z|9101|RENAME|/var/log/auth.log|success|{}
2025-03-22T14:35:47Z|9204|READ|/tmp/test.txt|failure|{}
2025-03-22T14:36:10Z|9203|EXECUTE|/home/user/.ssh/id_rsa|success|{}
2025-03-22T14:36:34Z|9203|DELETE|/tmp/test.txt|success|{}
2025-03-22T14:36:39Z|4010|WRITE|/tmp/test.txt|success|{"size": 697137}
2025-03-22T14:37:06Z|2|EXECUTE|/tmp/backdoor.bin|success|{}
2025-03-22T14:37:08Z|9104|READ|/tmp/backdoor.bin|success|{"suspicious": true, "sequence": 12329}
2025-03-22T14:37:17Z|9002|RENAME|/var/log/syslog|success|{}
2025-03-22T14:37:46Z|1003|DELETE|/home/user/documents/report.doc|success|{}
2025-03-22T14:38:01Z|9104|DELETE|/tmp/.hidden_script|success|{}
2025-03-22T14:38:10Z|9000|DELETE|/tmp/test.txt|success|{}
2025-03-22T14:38:11Z|4023|READ|/dev/shm/.malware|success|{"suspicious": true, "sequence": 12334}
2025-03-22T14:38:35Z|5013|ATTRIBUTE|/var/log/syslog|success|{}
2025-03-22T14:38:58Z|9200|DELETE|/dev/shm/.malware|failure|{}
2025-03-22T14:39:11Z|9201|READ|/etc/cron.d/.hack|success|{"suspicious": true, "sequence": 12337}
2025-03-22T14:39:23Z|9100|WRITE|/home/user/documents/report.doc|success|{"size": 637891}
2025-03-22T14:39:36Z|7004|WRITE|/etc/shadow|success|{"size": 615425}
2025-03-22T14:40:05Z|9103|DELETE|/etc/passwd|failure|{}
2025-03-22T14:40:24Z|7003|WRITE|/var/log/syslog|success|{"size": 355372}
2025-03-22T14:40:51Z|5010|WRITE|/var/log/auth.log|success|{"size": 234096}
2025-03-22T14:41:17Z|9100|DELETE|/etc/cron.d/.hack|success|{}
2025-03-22T14:41:26Z|4008|WRITE|/etc/hosts|success|{"size": 87960}
2025-03-22T14:41:50Z|9002|ATTRIBUTE|/home/user/.ssh/id_rsa|success|{}
2025-03-22T14:41:56Z|9004|READ|/home/user/.ssh/id_rsa|success|{}
2025-03-22T14:42:10Z|9003|EXECUTE|/tmp/test.txt|success|{}
2025-03-22T14:42:14Z|6000|READ|/dev/shm/.malware|success|{"suspicious": true, "sequence": 12348}
2025-03-22T14:42:21Z|4028|EXECUTE|/var/log/syslog|success|{}
2025-03-22T14:42:40Z|7003|EXECUTE|/var/log/auth.log|success|{}
2025-03-22T14:42:49Z|1014|READ|/tmp/.hidden_script|success|{"suspicious": true, "sequence": 12351}
2025-03-22T14:42:53Z|7003|ATTRIBUTE|/var/www/.shell.php|success|{}
2025-03-22T14:43:06Z|1007|READ|/var/log/syslog|failure|{}
2025-03-22T14:43:11Z|6005|DELETE|/etc/shadow|success|{}
2025-03-22T14:43:29Z|9103|READ|/var/log/auth.log|success|{}
2025-03-22T14:43:40Z|9203|DELETE|/etc/shadow|success|{}
2025-03-22T14:44:06Z|1007|READ|/etc/passwd|success|{}
2025-03-22T14:44:09Z|7002|READ|/home/user/.ssh/id_rsa|failure|{}
2025-03-22T14:44:10Z|9103|DELETE|/home/user/documents/report.doc|failure|{}
2025-03-22T14:44:37Z|9001|READ|/etc/passwd|success|{}
2025-03-22T14:44:43Z|4|RENAME|/etc/shadow|success|{}
2025-03-22T14:45:07Z|4028|EXECUTE|/etc/shadow|failure|{}
2025-03-22T14:45:26Z|1016|RENAME|/etc/passwd|success|{}
2025-03-22T14:45:42Z|4009|DELETE|/home/user/documents/report.doc|success|{}
2025-03-22T14:46:09Z|9101|EXECUTE|/home/user/documents/report.doc|success|{}
2025-03-22T14:46:37Z|9204|DELETE|/home/user/.ssh/id_rsa|success|{}
2025-03-22T14:46:44Z|5002|EXECUTE|/etc/hosts|success|{}
2025-03-22T14:47:05Z|1018|RENAME|/var/www/.shell.php|success|{}
2025-03-22T14:47:25Z|5004|EXECUTE|/etc/shadow|success|{}
2025-03-22T14:47:53Z|1016|RENAME|/etc/hosts|success|{}
2025-03-22T14:48:09Z|9003|EXECUTE|/var/log/syslog|success|{}
2025-03-22T14:48:15Z|9002|ATTRIBUTE|/dev/shm/.malware|success|{}
2025-03-22T14:48:17Z|6000|READ|/etc/shadow|success|{}
2025-03-22T14:48:44Z|9101|DELETE|/etc/cron.d/.hack|success|{}
2025-03-22T14:48:48Z|9000|ATTRIBUTE|/etc/hosts|success|{}
2025-03-22T14:49:08Z|7000|ATTRIBUTE|/home/user/documents/report.doc|success|{}
2025-03-22T14:49:19Z|9004|WRITE|/tmp/test.txt|success|{"size": 499030}
2025-03-22T14:49:39Z|4027|WRITE|/var/www/.shell.php|success|{"suspicious": true, "sequence": 12378}
2025-03-22T14:49:43Z|6004|WRITE|/var/www/.shell.php|success|{"suspicious": true, "sequence": 12379}
2025-03-22T14:50:02Z|6003|RENAME|/etc/shadow|success|{}
2025-03-22T14:50:23Z|5|RENAME|/etc/passwd|success|{}
2025-03-22T14:50:35Z|5010|DELETE|/tmp/.hidden_script|failure|{}
2025-03-22T14:50:45Z|9001|WRITE|/tmp/backdoor.bin|failure|{"suspicious": true, "sequence": 12383}
2025-03-22T14:51:06Z|5|WRITE|/etc/cron.d/.hack|failure|{"suspicious": true, "sequence": 12384}
2025-03-22T14:51:14Z|9104|WRITE|/etc/hosts|success|{"size": 692378}
2025-03-22T14:51:19Z|9000|READ|/etc/cron.d/.hack|failure|{"suspicious": true, "sequence": 12386}
2025-03-22T14:51:49Z|9002|ATTRIBUTE|/tmp/test.txt|success|{}
2025-03-22T14:51:52Z|4029|DELETE|/etc/cron.d/.hack|success|{}
2025-03-22T14:51:57Z|4006|DELETE|/var/log/syslog|success|{}
2025-03-22T14:52:14Z|9002|WRITE|/tmp/test.txt|success|{"size": 954204}
2025-03-22T14:52:16Z|7000|RENAME|/tmp/test.txt|failure|{}
2025-03-22T14:52:33Z|4018|ATTRIBUTE|/etc/passwd|success|{}
2025-03-22T14:52:51Z|6007|EXECUTE|/var/www/.shell.php|success|{}
2025-03-22T14:53:01Z|9204|READ|/var/www/.shell.php|success|{"suspicious": true, "sequence": 12394}
2025-03-22T14:53:05Z|6001|WRITE|/home/user/documents/report.doc|success|{"size": 151832}
2025-03-22T14:53:17Z|6002|ATTRIBUTE|/var/www/.shell.php|failure|{}
2025-03-22T14:53:18Z|9002|EXECUTE|/etc/shadow|success|{}
2025-03-22T14:53:42Z|9001|DELETE|/tmp/test.txt|success|{}
2025-03-22T14:53:52Z|1008|DELETE|/tmp/test.txt|success|{}
2025-03-22T14:54:03Z|1002|WRITE|/tmp/test.txt|failure|{"size": 911379}
2025-03-22T14:54:19Z|1011|DELETE|/etc/cron.d/.hack|success|{}
2025-03-22T14:54:49Z|9000|RENAME|/etc/cron.d/.hack|success|{}
2025-03-22T14:55:06Z|4006|RENAME|/var/www/.shell.php|success|{}
2025-03-22T14:55:36Z|1015|EXECUTE|/tmp/.hidden_script|success|{}
2025-03-22T14:55:58Z|9000|ATTRIBUTE|/home/user/documents/report.doc|success|{}
2025-03-22T14:56:19Z|6003|READ|/etc/hosts|success|{}
2025-03-22T14:56:29Z|9200|EXECUTE|/home/user/.ssh/id_rsa|success|{}
2025-03-22T14:56:50Z|7002|EXECUTE|/etc/cron.d/.hack|success|{}
2025-03-22T14:57:20Z|9002|RENAME|/tmp/.hidden_script|success|{}
2025-03-22T14:57:38Z|9003|RENAME|/etc/passwd|success|{}
2025-03-22T14:57:47Z|1006|RENAME|/dev/shm/.malware|success|{}
2025-03-22T14:58:16Z|7002|WRITE|/tmp/test.txt|success|{"size": 997636}
2025-03-22T14:58:26Z|4|WRITE|/tmp/.hidden_script|success|{"suspicious": true, "sequence": 12413}
2025-03-22T14:58:38Z|1|DELETE|/var/www/.shell.php|success|{}
2025-03-22T14:59:02Z|7002|ATTRIBUTE|/var/log/auth.log|success|{}
2025-03-22T14:59:22Z|4025|ATTRIBUTE|/etc/hosts|success|{}
2025-03-22T14:59:37Z|4023|DELETE|/dev/shm/.malware|success|{}
2025-03-22T15:00:05Z|1|RENAME|/dev/shm/.malware|success|{}
2025-03-22T15:00:31Z|7000|RENAME|/tmp/test.txt|failure|{}
2025-03-22T15:00:51Z|2|WRITE|/etc/shadow|failure|{"size": 743267}
2025-03-22T15:01:00Z|9201|ATTRIBUTE|/var/log/syslog|success|{}
2025-03-22T15:01:19Z|1005|EXECUTE|/tmp/backdoor.bin|success|{}
2025-03-22T15:01:36Z|6001|RENAME|/tmp/backdoor.bin|failure|{}
2025-03-22T15:01:51Z|6004|ATTRIBUTE|/etc/cron.d/.hack|success|{}
2025-03-22T15:02:00Z|5002|WRITE|/var/log/syslog|failure|{"size": 560720}
2025-03-22T15:02:16Z|5006|DELETE|/etc/hosts|failure|{}
2025-03-22T15:02:33Z|9202|EXECUTE|/tmp/test.txt|success|{}
2025-03-22T15:02:55Z|1001|WRITE|/tmp/.hidden_script|success|{"suspicious": true, "sequence": 12428}
2025-03-22T15:03:08Z|5005|WRITE|/tmp/backdoor.bin|success|{"suspicious": true, "sequence": 12429}
2025-03-22T15:03:20Z|9104|DELETE|/dev/shm/.malware|success|{}
2025-03-22T15:03:39Z|4027|WRITE|/var/www/.shell.php|success|{"suspicious": true, "sequence": 12431}
2025-03-22T15:03:42Z|6004|DELETE|/etc/cron.d/.hack|success|{}
2025-03-22T15:03:47Z|5013|WRITE|/var/log/auth.log|success|{"size": 72359}
2025-03-22T15:04:10Z|6007|RENAME|/var/log/auth.log|success|{}
2025-03-22T15:04:40Z|5010|DELETE|/home/user/.ssh/id_rsa|failure|{}
2025-03-22T15:04:47Z|1005|READ|/home/user/documents/report.doc|success|{}
2025-03-22T15:04:58Z|9102|EXECUTE|/etc/shadow|success|{}
2025-03-22T15:05:14Z|1008|EXECUTE|/etc/shadow|failure|{}
2025-03-22T15:05:29Z|9104|DELETE|/tmp/test.txt|failure|{}
2025-03-22T15:05:58Z|9003|RENAME|/tmp/.hidden_script|success|{}
2025-03-22T15:06:05Z|9004|DELETE|/etc/passwd|success|{}
2025-03-22T15:06:35Z|9001|RENAME|/var/log/auth.log|success|{}
2025-03-22T15:06:48Z|4000|ATTRIBUTE|/var/log/syslog|success|{}
2025-03-22T15:07:11Z|9004|RENAME|/tmp/backdoor.bin|success|{}
2025-03-22T15:07:20Z|2|DELETE|/etc/cron.d/.hack|failure|{}
2025-03-22T15:07:46Z|9001|DELETE|/var/log/auth.log|success|{}
2025-03-22T15:08:02Z|9102|RENAME|/var/log/syslog|success|{}
2025-03-22T15:08:25Z|1|DELETE|/var/log/auth.log|success|{}
2025-03-22T15:08:36Z|9101|DELETE|/dev/shm/.malware|success|{}
2025-03-22T15:08:58Z|4029|DELETE|/home/user/.ssh/id_rsa|success|{}
2025-03-22T15:09:18Z|5014|EXECUTE|/etc/shadow|failure|{}
2025-03-22T15:09:23Z|1|DELETE|/etc/passwd|success|{}
2025-03-22T15:09:31Z|4013|DELETE|/etc/passwd|success|{}
2025-03-22T15:10:01Z|9204|EXECUTE|/dev/shm/.malware|success|{}
2025-03-22T15:10:17Z|9004|RENAME|/dev/shm/.malware|success|{}
2025-03-22T15:10:37Z|9201|ATTRIBUTE|/etc/shadow|success|{}
2025-03-22T15:10:55Z|5|WRITE|/var/log/auth.log|success|{"size": 892125}
2025-03-22T15:11:24Z|6003|DELETE|/tmp/.hidden_script|success|{}
2025-03-22T15:11:35Z|1014|DELETE|/home/user/documents/report.doc|success|{}
2025-03-22T15:11:49Z|9100|DELETE|/var/www/.shell.php|success|{}
2025-03-22T15:12:07Z|7003|READ|/etc/cron.d/.hack|success|{"suspicious": true, "sequence": 12461}
2025-03-22T15:12:35Z|5|RENAME|/tmp/test.txt|success|{}
2025-03-22T15:12:37Z|9001|DELETE|/etc/passwd|success|{}
2025-03-22T15:12:53Z|1007|WRITE|/var/www/.shell.php|success|{"suspicious": true, "sequence": 12464}
2025-03-22T15:13:15Z|1011|READ|/tmp/test.txt|success|{}
2025-03-22T15:13:40Z|9104|ATTRIBUTE|/tmp/test.txt|success|{}
2025-03-22T15:14:06Z|1015|DELETE|/home/user/documents/report.doc|success|{}
2025-03-22T15:14:34Z|6003|EXECUTE|/var/log/auth.log|success|{}
2025-03-22T15:14:38Z|6000|ATTRIBUTE|/home/user/documents/report.doc|success|{}
2025-03-22T15:15:02Z|7002|WRITE|/etc/passwd|success|{"size": 380526}
2025-03-22T15:15:05Z|9003|RENAME|/etc/hosts|success|{}
2025-03-22T15:15:20Z|6006|WRITE|/tmp/backdoor.bin|success|{"suspicious": true, "sequence": 12472}
2025-03-22T15:15:21Z|6005|WRITE|/home/user/documents/report.doc|success|{"size": 379036}
2025-03-22T15:15:35Z|9000|READ|/var/log/auth.log|failure|{}
2025-03-22T15:16:04Z|9201|WRITE|/tmp/.hidden_script|success|{"suspicious": true, "sequence": 12475}
2025-03-22T15:16:07Z|9101|RENAME|/home/user/documents/report.doc|success|{}
2025-03-22T15:16:19Z|7001|RENAME|/tmp/.hidden_script|success|{}
2025-03-22T15:16:47Z|4025|DELETE|/var/log/auth.log|success|{}
2025-03-22T15:17:04Z|5006|DELETE|/var/log/auth.log|success|{}
2025-03-22T15:17:08Z|4013|ATTRIBUTE|/dev/shm/.malware|success|{}
2025-03-22T15:17:14Z|5009|EXECUTE|/tmp/.hidden_script|success|{}
2025-03-22T15:17:35Z|3|DELETE|/home/user/documents/report.doc|success|{}
2025-03-22T15:18:05Z|5011|ATTRIBUTE|/tmp/test.txt|success|{}
2025-03-22T15:18:06Z|5011|RENAME|/var/log/auth.log|success|{}
2025-03-22T15:18:11Z|4007|ATTRIBUTE|/etc/cron.d/.hack|success|{}
2025-03-22T15:18:38Z|9100|ATTRIBUTE|/etc/passwd|success|{}
2025-03-22T15:18:52Z|9001|DELETE|/etc/cron.d/.hack|success|{}
2025-03-22T15:19:11Z|7002|READ|/tmp/test.txt|success|{}
2025-03-22T15:19:12Z|6007|ATTRIBUTE|/var/log/syslog|success|{}
2025-03-22T15:19:27Z|9000|WRITE|/etc/passwd|success|{"size": 1040018}
2025-03-22T15:19:44Z|1007|WRITE|/tmp/backdoor.bin|success|{"suspicious": true, "sequence": 12491}
2025-03-22T15:19:48Z|4015|ATTRIBUTE|/home/user/.ssh/id_rsa|success|{}
2025-03-22T15:20:07Z|7003|WRITE|/dev/shm/.malware|success|{"suspicious": true, "sequence": 12493}
2025-03-22T15:20:21Z|4016|EXECUTE|/etc/cron.d/.hack|success|{}
2025-03-22T15:20:48Z|5012|RENAME|/etc/passwd|success|{}
2025-03-22T15:21:09Z|9002|ATTRIBUTE|/var/log/auth.log|success|{}
2025-03-22T15:21:37Z|9202|ATTRIBUTE|/tmp/test.txt|success|{}
2025-03-22T15:22:00Z|5000|EXECUTE|/home/user/documents/report.doc|success|{}
2025-03-22T15:22:05Z|9200|ATTRIBUTE|/var/www/.shell.php|success|{}
2025-03-22T15:22:11Z|1|RENAME|/etc/shadow|success|{}
2025-03-22T15:22:32Z|9203|WRITE|/var/www/.shell.php|success|{"suspicious": true, "sequence": 12501}
2025-03-22T15:22:43Z|9200|RENAME|/var/log/auth.log|success|{}
2025-03-22T15:22:56Z|6006|READ|/home/user/documents/report.doc|success|{}
2025-03-22T15:23:18Z|4004|DELETE|/etc/shadow|success|{}
2025-03-22T15:23:34Z|1010|EXECUTE|/etc/hosts|failure|{}
2025-03-22T15:23:37Z|6008|DELETE|/etc/passwd|success|{}
2025-03-22T15:23:44Z|7000|DELETE|/tmp/backdoor.bin|success|{}
2025-03-22T15:24:04Z|4012|ATTRIBUTE|/var/log/auth.log|success|{}
2025-03-22T15:24:09Z|5007|DELETE|/tmp/test.txt|success|{}
2025-03-22T15:24:23Z|9103|DELETE|/etc/hosts|failure|{}
2025-03-22T15:24:43Z|9104|RENAME|/etc/shadow|success|{}
2025-03-22T15:25:06Z|1006|EXECUTE|/etc/hosts|success|{}
2025-03-22T15:25:36Z|6003|WRITE|/tmp/.hidden_script|success|{"suspicious": true, "sequence": 12513}
2025-03-22T15:25:42Z|6000|ATTRIBUTE|/etc/shadow|success|{}
2025-03-22T15:25:45Z|9101|ATTRIBUTE|/tmp/.hidden_script|success|{}
2025-03-22T15:26:09Z|9104|READ|/var/log/syslog|success|{}
2025-03-22T15:26:35Z|7002|ATTRIBUTE|/var/log/syslog|success|{}
2025-03-22T15:27:00Z|6006|ATTRIBUTE|/etc/hosts|success|{}
2025-03-22T15:27:06Z|7001|READ|/tmp/backdoor.bin|success|{"suspicious": true, "sequence": 12519}
2025-03-22T15:27:17Z|1007|WRITE|/tmp/test.txt|success|{"size": 962371}
2025-03-22T15:27:19Z|9000|DELETE|/etc/passwd|success|{}
2025-03-22T15:27:20Z|9102|RENAME|/etc/shadow|success|{}
2025-03-22T15:27:28Z|4001|READ|/etc/cron.d/.hack|success|{"suspicious": true, "sequence": 12523}
2025-03-22T15:27:57Z|5009|EXECUTE|/var/www/.shell.php|success|{}
2025-03-22T15:28:19Z|7002|ATTRIBUTE|/etc/shadow|success|{}
2025-03-22T15:28:40Z|4022|RENAME|/tmp/backdoor.bin|success|{}
2025-03-22T15:28:57Z|5014|RENAME|/etc/passwd|success|{}
2025-03-22T15:29:03Z|9104|ATTRIBUTE|/etc/hosts|success|{}
2025-03-22T15:29:21Z|4|DELETE|/etc/hosts|success|{}
2025-03-22T15:29:33Z|7001|ATTRIBUTE|/var/www/.shell.php|success|{}
2025-03-22T15:30:00Z|4011|ATTRIBUTE|/etc/hosts|success|{}
2025-03-22T15:30:05Z|9204|EXECUTE|/etc/shadow|success|{}
2025-03-22T15:30:18Z|4007|RENAME|/home/user/documents/report.doc|success|{}
2025-03-22T15:30:46Z|4028|DELETE|/tmp/backdoor.bin|success|{}
2025-03-22T15:31:12Z|9201|ATTRIBUTE|/etc/shadow|success|{}
2025-03-22T15:31:34Z|1010|ATTRIBUTE|/var/log/syslog|failure|{}
2025-03-22T15:31:57Z|9201|RENAME|/home/user/.ssh/id_rsa|success|{}
2025-03-22T15:32:24Z|1008|ATTRIBUTE|/etc/hosts|failure|{}
2025-03-22T15:32:39Z|2|DELETE|/tmp/backdoor.bin|success|{}
2025-03-22T15:32:42Z|5000|WRITE|/etc/cron.d/.hack|success|{"suspicious": true, "sequence": 12540}
2025-03-22T15:33:04Z|4000|READ|/tmp/.hidden_script|success|{"suspicious": true, "sequence": 12541}
2025-03-22T15:33:32Z|1000|WRITE|/etc/shadow|success|{"size": 919775}
2025-03-22T15:33:51Z|5001|ATTRIBUTE|/etc/shadow|success|{}
2025-03-22T15:33:58Z|1012|DELETE|/tmp/backdoor.bin|success|{}
2025-03-22T15:34:20Z|9103|ATTRIBUTE|/etc/shadow|failure|{}
2025-03-22T15:34:43Z|5012|DELETE|/tmp/test.txt|success|{}
2025-03-22T15:35:00Z|9101|ATTRIBUTE|/var/log/syslog|success|{}
2025-03-22T15:35:20Z|1000|READ|/dev/shm/.malware|success|{"suspicious": true, "sequence": 12548}
2025-03-22T15:35:22Z|2|DELETE|/var/log/syslog|failure|{}
2025-03-22T15:35:33Z|4005|RENAME|/etc/passwd|failure|{}
2025-03-22T15:35:43Z|4|DELETE|/tmp/.hidden_script|success|{}
2025-03-22T15:35:56Z|4|ATTRIBUTE|/var/log/syslog|success|{}
2025-03-22T15:36:05Z|1011|RENAME|/tmp/.hidden_script|success|{}
2025-03-22T15:36:31Z|5002|EXECUTE|/var/log/syslog|success|{}
2025-03-22T15:36:42Z|7003|WRITE|/dev/shm/.malware|success|{"suspicious": true, "sequence": 12555}
2025-03-22T15:36:51Z|4000|EXECUTE|/var/log/syslog|success|{}
2025-03-22T15:37:01Z|4016|RENAME|/etc/hosts|success|{}
2025-03-22T15:37:26Z|4009|DELETE|/tmp/backdoor.bin|success|{}
2025-03-22T15:37:41Z|9000|READ|/home/user/.ssh/id_rsa|failure|{}
2025-03-22T15:37:48Z|9102|RENAME|/tmp/test.txt|success|{}
2025-03-22T15:38:13Z|9002|ATTRIBUTE|/home/user/.ssh/id_rsa|success|{}
2025-03-22T15:38:42Z|4001|WRITE|/var/www/.shell.php|success|{"suspicious": true, "sequence": 12562}
2025-03-22T15:39:12Z|5003|READ|/tmp/backdoor.bin|success|{"suspicious": true, "sequence": 12563}
2025-03-22T15:39:29Z|9000|WRITE|/var/log/auth.log|success|{"size": 908135}
2025-03-22T15:39:40Z|7003|EXECUTE|/var/www/.shell.php|success|{}
2025-03-22T15:40:06Z|6006|RENAME|/tmp/backdoor.bin|success|{}
2025-03-22T15:40:36Z|4025|EXECUTE|/etc/passwd|success|{}
2025-03-22T15:40:58Z|5006|WRITE|/tmp/backdoor.bin|success|{"suspicious": true, "sequence": 12568}
2025-03-22T15:41:23Z|4019|ATTRIBUTE|/tmp/backdoor.bin|success|{}
2025-03-22T15:41:49Z|9100|READ|/etc/shadow|success|{}
2025-03-22T15:41:58Z|1016|WRITE|/etc/shadow|failure|{"size": 542075}
2025-03-22T15:42:26Z|4016|ATTRIBUTE|/etc/cron.d/.hack|success|{}
2025-03-22T15:42:48Z|1019|READ|/var/log/auth.log|success|{}
2025-03-22T15:43:00Z|5011|DELETE|/tmp/backdoor.bin|success|{}
2025-03-22T15:43:05Z|9204|RENAME|/home/user/documents/report.doc|success|{}
2025-03-22T15:43:31Z|9002|EXECUTE|/etc/passwd|success|{}
2025-03-22T15:43:57Z|7004|RENAME|/home/user/documents/report.doc|success|{}
2025-03-22T15:44:03Z|9103|ATTRIBUTE|/tmp/backdoor.bin|success|{}
2025-03-22T15:44:32Z|9004|READ|/home/user/documents/report.doc|success|{}
2025-03-22T15:44:55Z|7001|DELETE|/etc/shadow|success|{}
2025-03-22T15:45:18Z|4028|DELETE|/tmp/.hidden_script|failure|{}
2025-03-22T15:45:39Z|4009|ATTRIBUTE|/etc/shadow|success|{}
2025-03-22T15:45:57Z|6001|DELETE|/tmp/test.txt|success|{}
2025-03-22T15:46:26Z|6001|EXECUTE|/etc/shadow|success|{}
2025-03-22T15:46:45Z|9102|EXECUTE|/tmp/backdoor.bin|success|{}
2025-03-22T15:47:12Z|1013|ATTRIBUTE|/var/log/auth.log|success|{}
2025-03-22T15:47:40Z|9103|DELETE|/tmp/.hidden_script|success|{}
2025-03-22T15:47:56Z|9002|WRITE|/etc/hosts|success|{"size": 824592}
2025-03-22T15:48:22Z|9001|EXECUTE|/var/www/.shell.php|success|{}
2025-03-22T15:48:23Z|7000|RENAME|/home/user/documents/report.doc|success|{}
2025-03-22T15:48:24Z|9201|RENAME|/var/www/.shell.php|success|{}
2025-03-22T15:48:30Z|4020|READ|/etc/shadow|success|{}
2025-03-22T15:48:37Z|6007|WRITE|/etc/cron.d/.hack|success|{"suspicious": true, "sequence": 12593}
2025-03-22T15:49:01Z|9100|ATTRIBUTE|/etc/shadow|success|{}
2025-03-22T15:49:27Z|6006|RENAME|/etc/shadow|success|{}
2025-03-22T15:49:30Z|1011|DELETE|/home/user/documents/report.doc|success|{}
2025-03-22T15:49:35Z|1002|ATTRIBUTE|/etc/passwd|success|{}
2025-03-22T15:49:41Z|9104|WRITE|/dev/shm/.malware|success|{"suspicious": true, "sequence": 12598}
2025-03-22T15:50:00Z|6005|ATTRIBUTE|/etc/cron.d/.hack|success|{}
2025-03-22T15:50:09Z|7003|ATTRIBUTE|/etc/hosts|success|{}
2025-03-22T15:50:32Z|9002|RENAME|/var/www/.shell.php|success|{}
2025-03-22T15:50:47Z|5|DELETE|/home/user/.ssh/id_rsa|success|{}
2025-03-22T15:50:59Z|5004|DELETE|/etc/cron.d/.hack|failure|{}
2025-03-22T15:51:20Z|4012|DELETE|/home/user/documents/report.doc|success|{}
2025-03-22T15:51:47Z|6006|WRITE|/dev/shm/.malware|success|{"suspicious": true, "sequence": 12605}
2025-03-22T15:52:11Z|9102|WRITE|/home/user/documents/report.doc|success|{"size": 788609}
2025-03-22T15:52:26Z|5004|READ|/etc/hosts|success|{}
2025-03-22T15:52:29Z|1008|EXECUTE|/tmp/test.txt|success|{}
2025-03-22T15:52:43Z|7004|ATTRIBUTE|/tmp/.hidden_script|success|{}
2025-03-22T15:53:03Z|5009|ATTRIBUTE|/tmp/test.txt|failure|{}
2025-03-22T15:53:24Z|4027|RENAME|/etc/cron.d/.hack|success|{}
2025-03-22T15:53:48Z|6006|DELETE|/etc/passwd|success|{}
2025-03-22T15:53:53Z|4027|RENAME|/var/log/auth.log|success|{}
2025-03-22T15:54:14Z|7000|EXECUTE|/home/user/.ssh/id_rsa|failure|{}
2025-03-22T15:54:15Z|9204|READ|/var/log/auth.log|failure|{}
2025-03-22T15:54:44Z|7003|READ|/dev/shm/.malware|success|{"suspicious": true, "sequence": 12616}
2025-03-22T15:55:04Z|5|ATTRIBUTE|/var/log/syslog|failure|{}
2025-03-22T15:55:19Z|1007|EXECUTE|/var/log/auth.log|success|{}
2025-03-22T15:55:41Z|9003|ATTRIBUTE|/etc/shadow|success|{}
2025-03-22T15:56:01Z|7004|ATTRIBUTE|/var/log/syslog|success|{}
2025-03-22T15:56:02Z|6000|EXECUTE|/home/user/documents/report.doc|success|{}
2025-03-22T15:56:16Z|9200|READ|/etc/passwd|success|{}
2025-03-22T15:56:22Z|9004|WRITE|/home/user/.ssh/id_rsa|success|{"size": 764597}
2025-03-22T15:56:51Z|9004|WRITE|/var/log/syslog|success|{"size": 742189}
2025-03-22T15:57:17Z|9003|ATTRIBUTE|/tmp/test.txt|success|{}
2025-03-22T15:57:44Z|6007|READ|/etc/shadow|success|{}
2025-03-22T15:58:09Z|9002|ATTRIBUTE|/tmp/backdoor.bin|success|{}
2025-03-22T15:58:21Z|4006|ATTRIBUTE|/home/user/documents/report.doc|success|{}
2025-03-22T15:58:30Z|1019|WRITE|/tmp/backdoor.bin|success|{"suspicious": true, "sequence": 12629}
2025-03-22T15:58:32Z|9000|EXECUTE|/home/user/documents/report.doc|success|{}
2025-03-22T15:58:54Z|5001|RENAME|/var/log/syslog|failure|{}
2025-03-22T15:59:02Z|1017|DELETE|/etc/cron.d/.hack|success|{}
2025-03-22T15:59:13Z|9001|READ|/etc/passwd|success|{}
2025-03-22T15:59:33Z|9203|WRITE|/etc/cron.d/.hack|failure|{"suspicious": true, "sequence": 12634}
2025-03-22T15:59:54Z|9003|RENAME|/tmp/test.txt|success|{}
2025-03-22T16:00:22Z|7004|READ|/etc/cron.d/.hack|success|{"suspicious": true, "sequence": 12636}
2025-03-22T16:00:33Z|4|READ|/home/user/.ssh/id_rsa|success|{}
2025-03-22T16:00:53Z|1012|EXECUTE|/tmp/test.txt|success|{}
2025-03-22T16:01:09Z|6005|READ|/tmp/backdoor.bin|success|{"suspicious": true, "sequence": 12639}
2025-03-22T16:01:34Z|9001|READ|/tmp/backdoor.bin|success|{"suspicious": true, "sequence": 12640}
2025-03-22T16:02:02Z|9102|RENAME|/etc/passwd|success|{}
2025-03-22T16:02:04Z|4022|ATTRIBUTE|/home/user/documents/report.doc|failure|{}
2025-03-22T16:02:25Z|6006|DELETE|/tmp/.hidden_script|failure|{}
2025-03-22T16:02:27Z|9000|READ|/var/log/syslog|success|{}
2025-03-22T16:02:48Z|9200|ATTRIBUTE|/tmp/backdoor.bin|success|{}
2025-03-22T16:03:00Z|9004|ATTRIBUTE|/tmp/test.txt|success|{}
2025-03-22T16:03:07Z|1|RENAME|/home/user/documents/report.doc|success|{}
2025-03-22T16:03:36Z|6002|WRITE|/home/user/documents/report.doc|success|{"size": 198921}
2025-03-22T16:04:01Z|9003|ATTRIBUTE|/tmp/test.txt|failure|{}
2025-03-22T16:04:05Z|9204|READ|/var/www/.shell.php|success|{"suspicious": true, "sequence": 12650}
2025-03-22T16:04:10Z|9102|WRITE|/home/user/documents/report.doc|failure|{"size": 611651}
2025-03-22T16:04:14Z|7003|RENAME|/var/log/syslog|failure|{}
2025-03-22T16:04:43Z|5011|EXECUTE|/home/user/.ssh/id_rsa|success|{}
2025-03-22T16:05:06Z|9103|WRITE|/var/log/syslog|success|{"size": 999801}
2025-03-22T16:05:11Z|9103|DELETE|/var/log/syslog|success|{}
2025-03-22T16:05:37Z|5014|ATTRIBUTE|/etc/hosts|success|{}
2025-03-22T16:05:55Z|1006|RENAME|/tmp/test.txt|failure|{}
2025-03-22T16:06:25Z|7001|READ|/var/log/auth.log|success|{}
2025-03-22T16:06:52Z|9101|READ|/etc/shadow|success|{}
2025-03-22T16:07:01Z|1009|EXECUTE|/tmp/test.txt|success|{}
2025-03-22T16:07:21Z|5014|ATTRIBUTE|/etc/shadow|success|{}
2025-03-22T16:07:37Z|1011|RENAME|/etc/cron.d/.hack|success|{}
2025-03-22T16:08:02Z|9002|READ|/tmp/test.txt|success|{}
2025-03-22T16:08:06Z|6001|DELETE|/etc/shadow|success|{}
2025-03-22T16:08:23Z|9202|ATTRIBUTE|/etc/cron.d/.hack|success|{}
2025-03-22T16:08:44Z|1007|ATTRIBUTE|/etc/passwd|success|{}
2025-03-22T16:09:11Z|7001|DELETE|/tmp/test.txt|success|{}
2025-03-22T16:09:34Z|5011|RENAME|/tmp/backdoor.bin|success|{}
2025-03-22T16:09:40Z|4|DELETE|/dev/shm/.malware|success|{}
2025-03-22T16:09:42Z|1010|EXECUTE|/tmp/.hidden_script|success|{}
2025-03-22T16:10:11Z|6006|RENAME|/home/user/documents/report.doc|success|{}
2025-03-22T16:10:34Z|4007|WRITE|/etc/cron.d/.hack|success|{"suspicious": true, "sequence": 12672}
2025-03-22T16:10:44Z|9004|ATTRIBUTE|/etc/hosts|success|{}
2025-03-22T16:10:50Z|2|WRITE|/etc/shadow|success|{"size": 479385}
2025-03-22T16:11:06Z|5001|ATTRIBUTE|/var/log/syslog|success|{}
2025-03-22T16:11:34Z|9201|DELETE|/var/log/syslog|success|{}
2025-03-22T16:11:39Z|1017|RENAME|/etc/hosts|success|{}
2025-03-22T16:11:50Z|9001|WRITE|/home/user/.ssh/id_rsa|success|{"size": 644160}
2025-03-22T16:12:11Z|5000|EXECUTE|/etc/shadow|success|{}
2025-03-22T16:12:12Z|1014|READ|/tmp/.hidden_script|success|{"suspicious": true, "sequence": 12680}
2025-03-22T16:12:24Z|6008|EXECUTE|/var/log/auth.log|success|{}
2025-03-22T16:12:28Z|6009|READ|/home/user/documents/report.doc|success|{}
2025-03-22T16:12:47Z|1013|RENAME|/etc/shadow|success|{}
2025-03-22T16:12:48Z|9000|READ|/etc/shadow|success|{}
2025-03-22T16:13:16Z|5005|DELETE|/tmp/backdoor.bin|failure|{}
2025-03-22T16:13:20Z|6002|READ|/home/user/documents/report.doc|success|{}
2025-03-22T16:13:38Z|3|WRITE|/etc/passwd|success|{"size": 1017181}
2025-03-22T16:13:53Z|6002|DELETE|/etc/passwd|success|{}
2025-03-22T16:14:02Z|9103|RENAME|/etc/cron.d/.hack|success|{}
2025-03-22T16:14:17Z|1009|DELETE|/etc/passwd|success|{}
2025-03-22T16:14:40Z|7001|ATTRIBUTE|/tmp/.hidden_script|success|{}
2025-03-22T16:14:52Z|4|RENAME|/tmp/backdoor.bin|success|{}
2025-03-22T16:15:06Z|6004|ATTRIBUTE|/etc/shadow|success|{}
2025-03-22T16:15:18Z|1010|ATTRIBUTE|/etc/cron.d/.hack|failure|{}
2025-03-22T16:15:20Z|5|WRITE|/tmp/test.txt|success|{"size": 641452}
2025-03-22T16:15:46Z|9100|ATTRIBUTE|/var/log/syslog|success|{}
2025-03-22T16:15:52Z|9104|WRITE|/tmp/backdoor.bin|success|{"suspicious": true, "sequence": 12697}
2025-03-22T16:15:53Z|7001|DELETE|/home/user/documents/report.doc|success|{}
2025-03-22T16:16:20Z|1003|RENAME|/home/user/.ssh/id_rsa|success|{}
2025-03-22T16:16:29Z|9202|ATTRIBUTE|/var/www/.shell.php|success|{}
2025-03-22T16:16:47Z|9200|RENAME|/etc/hosts|success|{}
2025-03-22T16:17:13Z|9002|DELETE|/var/log/auth.log|failure|{}
2025-03-22T16:17:27Z|5012|READ|/etc/passwd|success|{}
2025-03-22T16:17:33Z|1007|DELETE|/tmp/.hidden_script|success|{}
2025-03-22T16:17:37Z|9100|RENAME|/tmp/.hidden_script|success|{}
2025-03-22T16:18:06Z|4|RENAME|/etc/passwd|success|{}
2025-03-22T16:18:23Z|5|WRITE|/tmp/backdoor.bin|success|{"suspicious": true, "sequence": 12707}
2025-03-22T16:18:34Z|6003|DELETE|/home/user/.ssh/id_rsa|success|{}
2025-03-22T16:19:03Z|4026|READ|/home/user/.ssh/id_rsa|success|{}
2025-03-22T16:19:22Z|6009|WRITE|/etc/cron.d/.hack|success|{"suspicious": true, "sequence": 12710}
2025-03-22T16:19:33Z|1009|READ|/etc/passwd|failure|{}
2025-03-22T16:19:58Z|9101|READ|/etc/shadow|success|{}
2025-03-22T16:20:07Z|4000|READ|/dev/shm/.malware|failure|{"suspicious": true, "sequence": 12713}
2025-03-22T16:20:19Z|6003|ATTRIBUTE|/var/log/syslog|success|{}
2025-03-22T16:20:30Z|9001|WRITE|/var/www/.shell.php|success|{"suspicious": true, "sequence": 12715}
2025-03-22T16:20:38Z|5012|ATTRIBUTE|/home/user/documents/report.doc|success|{}
2025-03-22T16:20:48Z|5002|DELETE|/var/log/auth.log|failure|{}
2025-03-22T16:20:51Z|7001|WRITE|/var/www/.shell.php|success|{"suspicious": true, "sequence": 12718}
2025-03-22T16:21:17Z|1019|DELETE|/home/user/documents/report.doc|failure|{}
2025-03-22T16:21:31Z|6003|WRITE|/etc/passwd|success|{"size": 551242}
2025-03-22T16:21:55Z|5007|READ|/var/www/.shell.php|success|{"suspicious": true, "sequence": 12721}
2025-03-22T16:22:07Z|1012|READ|/tmp/.hidden_script|success|{"suspicious": true, "sequence": 12722}
2025-03-22T16:22:30Z|9101|WRITE|/tmp/test.txt|success|{"size": 986044}
2025-03-22T16:22:41Z|9004|RENAME|/dev/shm/.malware|success|{}
2025-03-22T16:23:06Z|9000|DELETE|/var/log/auth.log|success|{}
2025-03-22T16:23:35Z|9103|EXECUTE|/var/log/syslog|success|{}
2025-03-22T16:24:00Z|9103|DELETE|/tmp/test.txt|failure|{}
2025-03-22T16:24:13Z|7003|DELETE|/var/www/.shell.php|success|{}
2025-03-22T16:24:26Z|6000|EXECUTE|/dev/shm/.malware|success|{}
2025-03-22T16:24:27Z|4019|WRITE|/dev/shm/.malware|failure|{"suspicious": true, "sequence": 12730}
2025-03-22T16:24:51Z|7002|WRITE|/etc/cron.d/.hack|success|{"suspicious": true, "sequence": 12731}
2025-03-22T16:25:09Z|9204|READ|/tmp/test.txt|failure|{}
2025-03-22T16:25:12Z|5000|EXECUTE|/home/user/documents/report.doc|success|{}
2025-03-22T16:25:37Z|1008|ATTRIBUTE|/var/log/syslog|failure|{}
2025-03-22T16:25:57Z|1011|RENAME|/tmp/backdoor.bin|success|{}
2025-03-22T16:26:16Z|5|READ|/etc/cron.d/.hack|success|{"suspicious": true, "sequence": 12736}
2025-03-22T16:26:24Z|9201|WRITE|/tmp/test.txt|success|{"size": 110210}
2025-03-22T16:26:35Z|4000|WRITE|/var/www/.shell.php|success|{"suspicious": true, "sequence": 12738}
2025-03-22T16:26:48Z|9200|ATTRIBUTE|/etc/passwd|success|{}
2025-03-22T16:27:18Z|4|WRITE|/home/user/documents/report.doc|success|{"size": 581426}
2025-03-22T16:27:26Z|5010|ATTRIBUTE|/tmp/.hidden_script|success|{}
2025-03-22T16:27:32Z|1003|READ|/home/user/documents/report.doc|success|{}
2025-03-22T16:27:53Z|1008|EXECUTE|/var/log/auth.log|success|{}
2025-03-22T16:28:02Z|9103|RENAME|/etc/passwd|success|{}
2025-03-22T16:28:06Z|5000|WRITE|/etc/cron.d/.hack|success|{"suspicious": true, "sequence": 12745}
2025-03-22T16:28:08Z|9004|EXECUTE|/var/log/auth.log|success|{}
2025-03-22T16:28:16Z|9201|WRITE|/var/log/auth.log|success|{"size": 221168}
2025-03-22T16:28:27Z|4007|EXECUTE|/etc/cron.d/.hack|failure|{}
2025-03-22T16:28:41Z|1003|RENAME|/dev/shm/.malware|success|{}
2025-03-22T16:28:47Z|9001|DELETE|/etc/passwd|success|{}
2025-03-22T16:29:10Z|7004|READ|/etc/shadow|success|{}
2025-03-22T16:29:13Z|6005|RENAME|/var/log/syslog|success|{}
2025-03-22T16:29:21Z|4|DELETE|/home/user/documents/report.doc|success|{}
2025-03-22T16:29:40Z|9100|ATTRIBUTE|/tmp/backdoor.bin|success|{}
2025-03-22T16:30:00Z|9003|DELETE|/tmp/.hidden_script|success|{}
2025-03-22T16:30:30Z|1001|EXECUTE|/var/www/.shell.php|success|{}
2025-03-22T16:31:00Z|6009|RENAME|/etc/passwd|success|{}
2025-03-22T16:31:11Z|9003|ATTRIBUTE|/etc/shadow|success|{}
2025-03-22T16:31:40Z|9101|RENAME|/home/user/.ssh/id_rsa|success|{}
2025-03-22T16:31:47Z|9204|READ|/var/log/syslog|success|{}
2025-03-22T16:31:51Z|2|DELETE|/home/user/documents/report.doc|success|{}
2025-03-22T16:32:01Z|4002|READ|/tmp/backdoor.bin|success|{"suspicious": true, "sequence": 12762}
2025-03-22T16:32:24Z|9200|READ|/var/log/auth.log|success|{}
2025-03-22T16:32:39Z|1018|WRITE|/etc/hosts|success|{"size": 11901}
2025-03-22T16:32:41Z|5009|WRITE|/tmp/test.txt|success|{"size": 230393}
2025-03-22T16:33:01Z|9004|WRITE|/tmp/.hidden_script|success|{"suspicious": true, "sequence": 12766}
2025-03-22T16:33:31Z|9101|WRITE|/dev/shm/.malware|success|{"suspicious": true, "sequence": 12767}
2025-03-22T16:33:51Z|9000|RENAME|/var/log/syslog|success|{}
2025-03-22T16:34:01Z|1|RENAME|/tmp/test.txt|success|{}
2025-03-22T16:34:09Z|1|DELETE|/etc/cron.d/.hack|success|{}
2025-03-22T16:34:15Z|9204|READ|/tmp/.hidden_script|success|{"suspicious": true, "sequence": 12771}
2025-03-22T16:34:35Z|4019|RENAME|/tmp/.hidden_script|success|{}
2025-03-22T16:35:05Z|5014|ATTRIBUTE|/etc/shadow|success|{}
2025-03-22T16:35:28Z|5013|DELETE|/dev/shm/.malware|success|{}
2025-03-22T16:35:48Z|1016|WRITE|/tmp/test.txt|success|{"size": 134954}
2025-03-22T16:35:53Z|1015|EXECUTE|/tmp/.hidden_script|success|{}
2025-03-22T16:36:05Z|9203|ATTRIBUTE|/var/log/syslog|success|{}
2025-03-22T16:36:33Z|1008|EXECUTE|/dev/shm/.malware|success|{}
2025-03-22T16:36:48Z|7001|DELETE|/var/log/syslog|success|{}
2025-03-22T16:37:13Z|9001|DELETE|/tmp/.hidden_script|success|{}
2025-03-22T16:37:18Z|5004|WRITE|/etc/shadow|success|{"size": 611987}
2025-03-22T16:37:22Z|9001|WRITE|/dev/shm/.malware|failure|{"suspicious": true, "sequence": 12782}
2025-03-22T16:37:39Z|7001|EXECUTE|/home/user/.ssh/id_rsa|success|{}
2025-03-22T16:38:03Z|9001|RENAME|/home/user/.ssh/id_rsa|success|{}
2025-03-22T16:38:19Z|9004|RENAME|/etc/shadow|success|{}
2025-03-22T16:38:41Z|9102|RENAME|/home/user/documents/report.doc|success|{}
2025-03-22T16:38:50Z|4008|WRITE|/dev/shm/.malware|success|{"suspicious": true, "sequence": 12787}
2025-03-22T16:38:52Z|3|DELETE|/var/www/.shell.php|success|{}
2025-03-22T16:39:00Z|6000|WRITE|/var/www/.shell.php|success|{"suspicious": true, "sequence": 12789}
2025-03-22T16:39:14Z|5010|EXECUTE|/etc/cron.d/.hack|success|{}
2025-03-22T16:39:23Z|9000|DELETE|/tmp/backdoor.bin|success|{}
2025-03-22T16:39:35Z|9003|READ|/var/www/.shell.php|success|{"suspicious": true, "sequence": 12792}
2025-03-22T16:39:43Z|9100|WRITE|/var/log/auth.log|failure|{"size": 224817}
2025-03-22T16:39:50Z|1|WRITE|/var/log/auth.log|success|{"size": 897604}
2025-03-22T16:40:07Z|1006|RENAME|/var/log/auth.log|success|{}
2025-03-22T16:40:08Z|9101|ATTRIBUTE|/var/www/.shell.php|success|{}
2025-03-22T16:40:34Z|9104|READ|/etc/passwd|failure|{}
2025-03-22T16:40:49Z|1006|RENAME|/var/www/.shell.php|success|{}
2025-03-22T16:41:05Z|9204|RENAME|/var/www/.shell.php|failure|{}
2025-03-22T16:41:16Z|5014|ATTRIBUTE|/dev/shm/.malware|success|{}
2025-03-22T16:41:33Z|1012|DELETE|/etc/shadow|success|{}
2025-03-22T16:41:58Z|9102|ATTRIBUTE|/tmp/test.txt|success|{}
2025-03-22T16:42:26Z|5001|EXECUTE|/var/www/.shell.php|success|{}
2025-03-22T16:42:55Z|9002|READ|/tmp/.hidden_script|success|{"suspicious": true, "sequence": 12804}
2025-03-22T16:43:10Z|1|READ|/etc/passwd|success|{}
2025-03-22T16:43:38Z|3|ATTRIBUTE|/etc/shadow|success|{}
2025-03-22T16:43:58Z|2|EXECUTE|/etc/cron.d/.hack|success|{}
2025-03-22T16:44:05Z|4|DELETE|/tmp/test.txt|success|{}
2025-03-22T16:44:25Z|7003|READ|/home/user/.ssh/id_rsa|success|{}
2025-03-22T16:44:45Z|7000|RENAME|/etc/hosts|success|{}
2025-03-22T16:44:55Z|9202|ATTRIBUTE|/var/log/auth.log|success|{}
2025-03-22T16:45:18Z|1018|WRITE|/var/log/auth.log|success|{"size": 250677}
2025-03-22T16:45:40Z|1012|ATTRIBUTE|/tmp/backdoor.bin|success|{}
2025-03-22T16:45:56Z|1014|DELETE|/etc/cron.d/.hack|success|{}
2025-03-22T16:46:10Z|9102|RENAME|/etc/hosts|failure|{}
2025-03-22T16:46:27Z|4028|RENAME|/etc/passwd|success|{}
2025-03-22T16:46:28Z|5|WRITE|/tmp/test.txt|success|{"size": 689617}
2025-03-22T16:46:39Z|9201|ATTRIBUTE|/var/www/.shell.php|success|{}
2025-03-22T16:46:41Z|4008|RENAME|/var/log/auth.log|success|{}
2025-03-22T16:46:44Z|2|EXECUTE|/var/www/.shell.php|success|{}
2025-03-22T16:47:08Z|5002|RENAME|/dev/shm/.malware|success|{}
2025-03-22T16:47:15Z|9001|DELETE|/dev/shm/.malware|success|{}
2025-03-22T16:47:27Z|1008|ATTRIBUTE|/tmp/backdoor.bin|success|{}
2025-03-22T16:47:31Z|1007|RENAME|/var/www/.shell.php|failure|{}
2025-03-22T16:47:34Z|1002|RENAME|/etc/passwd|success|{}
2025-03-22T16:47:54Z|9200|DELETE|/var/log/syslog|success|{}
2025-03-22T16:48:07Z|7003|DELETE|/tmp/backdoor.bin|success|{}
2025-03-22T16:48:34Z|9002|DELETE|/etc/hosts|success|{}
2025-03-22T16:49:00Z|9001|ATTRIBUTE|/etc/hosts|success|{}
2025-03-22T16:49:10Z|5005|DELETE|/etc/cron.d/.hack|success|{}
2025-03-22T16:49:23Z|9000|EXECUTE|/var/www/.shell.php|success|{}
2025-03-22T16:49:43Z|7004|ATTRIBUTE|/var/log/auth.log|failure|{}
2025-03-22T16:50:10Z|1002|READ|/home/user/.ssh/id_rsa|failure|{}
2025-03-22T16:50:12Z|9000|ATTRIBUTE|/home/user/documents/report.doc|success|{}
2025-03-22T16:50:33Z|1004|READ|/home/user/documents/report.doc|success|{}
2025-03-22T16:50:38Z|1004|ATTRIBUTE|/var/log/auth.log|success|{}
2025-03-22T16:50:57Z|7004|READ|/home/user/.ssh/id_rsa|failure|{}
2025-03-22T16:51:09Z|5|WRITE|/dev/shm/.malware|success|{"suspicious": true, "sequence": 12838}
2025-03-22T16:51:11Z|5005|RENAME|/var/log/auth.log|success|{}
2025-03-22T16:51:13Z|9003|RENAME|/home/user/.ssh/id_rsa|success|{}
2025-03-22T16:51:30Z|3|EXECUTE|/var/log/auth.log|success|{}
2025-03-22T16:51:46Z|9001|DELETE|/var/www/.shell.php|success|{}
2025-03-22T16:51:55Z|9200|RENAME|/tmp/backdoor.bin|success|{}
2025-03-22T16:52:13Z|9102|RENAME|/home/user/.ssh/id_rsa|success|{}
2025-03-22T16:52:31Z|6001|RENAME|/etc/cron.d/.hack|success|{}
2025-03-22T16:52:58Z|4015|RENAME|/home/user/.ssh/id_rsa|success|{}
2025-03-22T16:53:15Z|9204|EXECUTE|/tmp/test.txt|success|{}
2025-03-22T16:53:19Z|6008|ATTRIBUTE|/var/www/.shell.php|success|{}
2025-03-22T16:53:35Z|9001|DELETE|/tmp/test.txt|success|{}
2025-03-22T16:53:57Z|9103|DELETE|/dev/shm/.malware|success|{}
2025-03-22T16:54:07Z|1010|DELETE|/etc/shadow|failure|{}
2025-03-22T16:54:26Z|9200|DELETE|/var/log/syslog|success|{}
2025-03-22T16:54:45Z|1|RENAME|/dev/shm/.malware|success|{}
2025-03-22T16:54:52Z|9000|ATTRIBUTE|/var/log/auth.log|success|{}
2025-03-22T16:55:15Z|9002|RENAME|/etc/hosts|failure|{}
2025-03-22T16:55:41Z|9101|EXECUTE|/tmp/test.txt|success|{}
2025-03-22T16:55:46Z|9000|WRITE|/etc/cron.d/.hack|success|{"suspicious": true, "sequence": 12857}
2025-03-22T16:56:09Z|9001|EXECUTE|/var/log/syslog|success|{}
2025-03-22T16:56:23Z|9100|RENAME|/etc/cron.d/.hack|success|{}
2025-03-22T16:56:51Z|6001|READ|/etc/hosts|success|{}
2025-03-22T16:57:11Z|7002|WRITE|/home/user/documents/report.doc|success|{"size": 919543}
2025-03-22T16:57:25Z|1002|EXECUTE|/etc/cron.d/.hack|success|{}
2025-03-22T16:57:42Z|9003|ATTRIBUTE|/tmp/backdoor.bin|success|{}
2025-03-22T16:57:50Z|4003|READ|/home/user/documents/report.doc|success|{}
2025-03-22T16:57:54Z|3|RENAME|/var/www/.shell.php|success|{}
2025-03-22T16:58:23Z|9204|DELETE|/tmp/.hidden_script|success|{}
2025-03-22T16:58:46Z|6000|EXECUTE|/var/www/.shell.php|success|{}
2025-03-22T16:59:11Z|1008|ATTRIBUTE|/tmp/test.txt|success|{}
2025-03-22T16:59:22Z|7004|READ|/tmp/backdoor.bin|success|{"suspicious": true, "sequence": 12869}
2025-03-22T16:59:50Z|4|READ|/var/log/auth.log|success|{}
2025-03-22T17:00:19Z|9004|EXECUTE|/tmp/backdoor.bin|success|{}
2025-03-22T17:00:46Z|9101|EXECUTE|/etc/cron.d/.hack|success|{}
2025-03-22T17:01:14Z|9203|READ|/home/user/documents/report.doc|success|{}
2025-03-22T17:01:17Z|9201|WRITE|/var/log/syslog|success|{"size": 404899}
2025-03-22T17:01:27Z|4002|DELETE|/dev/shm/.malware|success|{}
2025-03-22T17:01:29Z|9201|DELETE|/tmp/test.txt|success|{}
2025-03-22T17:01:48Z|1016|ATTRIBUTE|/etc/passwd|success|{}
2025-03-22T17:01:55Z|9204|EXECUTE|/home/user/documents/report.doc|success|{}
2025-03-22T17:02:02Z|7002|ATTRIBUTE|/dev/shm/.malware|success|{}
2025-03-22T17:02:32Z|9003|ATTRIBUTE|/var/www/.shell.php|success|{}
2025-03-22T17:02:47Z|1006|ATTRIBUTE|/tmp/test.txt|success|{}
2025-03-22T17:02:56Z|6006|EXECUTE|/var/log/syslog|success|{}
2025-03-22T17:03:18Z|9001|ATTRIBUTE|/home/user/.ssh/id_rsa|success|{}
2025-03-22T17:03:46Z|6008|ATTRIBUTE|/tmp/.hidden_script|success|{}
2025-03-22T17:03:53Z|4|EXECUTE|/var/log/syslog|failure|{}
2025-03-22T17:04:06Z|4026|DELETE|/etc/cron.d/.hack|success|{}
2025-03-22T17:04:17Z|7003|WRITE|/etc/cron.d/.hack|success|{"suspicious": true, "sequence": 12887}
2025-03-22T17:04:32Z|6001|READ|/tmp/backdoor.bin|success|{"suspicious": true, "sequence": 12888}
2025-03-22T17:04:50Z|1017|EXECUTE|/var/log/syslog|success|{}
2025-03-22T17:04:59Z|5002|WRITE|/etc/shadow|success|{"size": 669657}
2025-03-22T17:05:29Z|3|WRITE|/var/www/.shell.php|failure|{"suspicious": true, "sequence": 12891}
2025-03-22T17:05:36Z|1003|DELETE|/dev/shm/.malware|failure|{}
2025-03-22T17:05:43Z|2|ATTRIBUTE|/tmp/.hidden_script|success|{}
2025-03-22T17:06:07Z|7003|RENAME|/home/user/.ssh/id_rsa|success|{}
2025-03-22T17:06:14Z|4006|EXECUTE|/var/log/syslog|success|{}
2025-03-22T17:06:19Z|6009|ATTRIBUTE|/etc/cron.d/.hack|success|{}
2025-03-22T17:06:31Z|4019|EXECUTE|/etc/hosts|success|{}
2025-03-22T17:06:53Z|5012|DELETE|/tmp/.hidden_script|success|{}
2025-03-22T17:06:54Z|9002|READ|/etc/shadow|success|{}
2025-03-22T17:07:18Z|4|EXECUTE|/var/www/.shell.php|success|{}
2025-03-22T17:07:23Z|6008|READ|/var/log/auth.log|success|{}
2025-03-22T17:07:25Z|5014|WRITE|/dev/shm/.malware|success|{"suspicious": true, "sequence": 12902}
2025-03-22T17:07:51Z|7004|WRITE|/var/log/auth.log|success|{"size": 769154}
2025-03-22T17:07:53Z|1001|RENAME|/tmp/.hidden_script|failure|{}
2025-03-22T17:07:58Z|9100|WRITE|/var/log/auth.log|success|{"size": 921574}
2025-03-22T17:08:24Z|7004|EXECUTE|/var/www/.shell.php|success|{}
2025-03-22T17:08:31Z|4|EXECUTE|/etc/passwd|success|{}
2025-03-22T17:08:47Z|1000|RENAME|/home/user/.ssh/id_rsa|success|{}
2025-03-22T17:09:16Z|9001|READ|/dev/shm/.malware|success|{"suspicious": true, "sequence": 12909}
2025-03-22T17:09:22Z|7003|EXECUTE|/var/www/.shell.php|success|{}
2025-03-22T17:09:37Z|1011|READ|/etc/passwd|success|{}
2025-03-22T17:09:45Z|5014|ATTRIBUTE|/tmp/backdoor.bin|success|{}
2025-03-22T17:09:46Z|1008|DELETE|/etc/shadow|success|{}
2025-03-22T17:10:14Z|9002|READ|/home/user/documents/report.doc|success|{}
2025-03-22T17:10:28Z|1018|RENAME|/home/user/documents/report.doc|success|{}
2025-03-22T17:10:46Z|4024|READ|/var/log/auth.log|success|{}
2025-03-22T17:10:52Z|6008|WRITE|/etc/shadow|success|{"size": 115863}
2025-03-22T17:11:22Z|7002|RENAME|/tmp/backdoor.bin|success|{}
2025-03-22T17:11:42Z|9102|RENAME|/var/log/auth.log|success|{}
2025-03-22T17:12:02Z|6000|RENAME|/etc/cron.d/.hack|success|{}
2025-03-22T17:12:28Z|9203|ATTRIBUTE|/var/log/syslog|success|{}
2025-03-22T17:12:47Z|4005|DELETE|/etc/hosts|success|{}
2025-03-22T17:13:17Z|2|DELETE|/tmp/backdoor.bin|success|{}
2025-03-22T17:13:23Z|9202|DELETE|/etc/cron.d/.hack|success|{}
2025-03-22T17:13:40Z|4005|WRITE|/dev/shm/.malware|success|{"suspicious": true, "sequence": 12925}
2025-03-22T17:13:54Z|9003|ATTRIBUTE|/etc/passwd|success|{}
2025-03-22T17:14:16Z|7003|EXECUTE|/tmp/.hidden_script|success|{}
2025-03-22T17:14:42Z|7004|RENAME|/tmp/backdoor.bin|failure|{}
2025-03-22T17:15:05Z|5014|DELETE|/tmp/.hidden_script|success|{}
2025-03-22T17:15:30Z|1|ATTRIBUTE|/tmp/.hidden_script|failure|{}
2025-03-22T17:15:31Z|1012|RENAME|/tmp/backdoor.bin|success|{}
2025-03-22T17:16:01Z|1|ATTRIBUTE|/var/log/auth.log|failure|{}
2025-03-22T17:16:21Z|9200|RENAME|/home/user/.ssh/id_rsa|success|{}
2025-03-22T17:16:50Z|1002|RENAME|/tmp/test.txt|success|{}
2025-03-22T17:16:53Z|9002|DELETE|/home/user/.ssh/id_rsa|success|{}
2025-03-22T17:16:54Z|5004|EXECUTE|/home/user/.ssh/id_rsa|success|{}
2025-03-22T17:17:04Z|9202|EXECUTE|/dev/shm/.malware|success|{}
2025-03-22T17:17:22Z|1014|READ|/etc/cron.d/.hack|success|{"suspicious": true, "sequence": 12938}
2025-03-22T17:17:48Z|4009|WRITE|/etc/cron.d/.hack|success|{"suspicious": true, "sequence": 12939}
2025-03-22T17:18:16Z|9204|WRITE|/tmp/test.txt|success|{"size": 99784}
2025-03-22T17:18:41Z|9204|RENAME|/var/log/auth.log|success|{}
2025-03-22T17:18:59Z|1018|RENAME|/etc/shadow|success|{}
2025-03-22T17:19:29Z|6002|READ|/etc/hosts|success|{}
2025-03-22T17:19:53Z|9000|RENAME|/tmp/test.txt|success|{}
2025-03-22T17:20:11Z|4|EXECUTE|/home/user/.ssh/id_rsa|success|{}
2025-03-22T17:20:34Z|3|RENAME|/var/log/syslog|success|{}
2025-03-22T17:20:44Z|4006|RENAME|/var/www/.shell.php|success|{}
2025-03-22T17:20:54Z|6002|READ|/home/user/documents/report.doc|success|{}
2025-03-22T17:21:09Z|9203|EXECUTE|/var/log/syslog|failure|{}
2025-03-22T17:21:38Z|2|WRITE|/dev/shm/.malware|success|{"suspicious": true, "sequence": 12950}
2025-03-22T17:22:05Z|6005|READ|/tmp/test.txt|success|{}
2025-03-22T17:22:31Z|1014|EXECUTE|/var/www/.shell.php|success|{}
2025-03-22T17:22:56Z|9104|DELETE|/tmp/.hidden_script|success|{}
2025-03-22T17:23:18Z|1009|EXECUTE|/etc/passwd|success|{}
2025-03-22T17:23:29Z|5001|RENAME|/etc/passwd|success|{}
2025-03-22T17:23:33Z|2|READ|/etc/hosts|success|{}
2025-03-22T17:23:51Z|5003|READ|/dev/shm/.malware|success|{"suspicious": true, "sequence": 12957}
2025-03-22T17:23:59Z|5005|RENAME|/etc/hosts|success|{}
2025-03-22T17:24:05Z|9001|DELETE|/tmp/.hidden_script|success|{}
2025-03-22T17:24:20Z|7000|ATTRIBUTE|/etc/shadow|success|{}
2025-03-22T17:24:32Z|9101|WRITE|/etc/shadow|success|{"size": 448290}
2025-03-22T17:24:38Z|9004|RENAME|/etc/hosts|success|{}
2025-03-22T17:25:03Z|9101|EXECUTE|/etc/hosts|success|{}
2025-03-22T17:25:21Z|9204|READ|/dev/shm/.malware|success|{"suspicious": true, "sequence": 12964}
2025-03-22T17:25:46Z|4003|READ|/home/user/documents/report.doc|success|{}
2025-03-22T17:25:57Z|9003|ATTRIBUTE|/etc/shadow|success|{}
2025-03-22T17:26:24Z|9203|READ|/etc/shadow|success|{}
2025-03-22T17:26:44Z|5010|READ|/etc/passwd|success|{}
2025-03-22T17:27:10Z|4011|DELETE|/home/user/.ssh/id_rsa|success|{}
2025-03-22T17:27:22Z|4000|WRITE|/tmp/backdoor.bin|failure|{"suspicious": true, "sequence": 12970}
2025-03-22T17:27:23Z|9201|WRITE|/tmp/test.txt|success|{"size": 295226}
2025-03-22T17:27:35Z|1017|WRITE|/tmp/.hidden_script|success|{"suspicious": true, "sequence": 12972}
2025-03-22T17:27:53Z|1009|READ|/var/log/auth.log|success|{}
2025-03-22T17:28:02Z|7002|RENAME|/etc/passwd|success|{}
2025-03-22T17:28:14Z|5002|WRITE|/var/log/auth.log|success|{"size": 273224}
2025-03-22T17:28:20Z|9000|RENAME|/var/www/.shell.php|success|{}
2025-03-22T17:28:48Z|1003|DELETE|/etc/passwd|success|{}
2025-03-22T17:29:05Z|4026|READ|/var/log/syslog|success|{}
2025-03-22T17:29:21Z|1007|READ|/var/www/.shell.php|success|{"suspicious": true, "sequence": 12979}
2025-03-22T17:29:33Z|9100|DELETE|/etc/shadow|success|{}
2025-03-22T17:29:42Z|1016|EXECUTE|/var/log/syslog|success|{}
2025-03-22T17:29:56Z|6002|READ|/dev/shm/.malware|success|{"suspicious": true, "sequence": 12982}
2025-03-22T17:29:58Z|4000|RENAME|/etc/passwd|success|{}
2025-03-22T17:30:19Z|9203|EXECUTE|/var/log/syslog|success|{}
2025-03-22T17:30:48Z|5|DELETE|/dev/shm/.malware|failure|{}
2025-03-22T17:30:51Z|4003|ATTRIBUTE|/var/www/.shell.php|success|{}
2025-03-22T17:30:56Z|9204|DELETE|/tmp/.hidden_script|success|{}
2025-03-22T17:31:02Z|9000|RENAME|/tmp/.hidden_script|success|{}
2025-03-22T17:31:13Z|7004|WRITE|/var/log/auth.log|success|{"size": 148455}
2025-03-22T17:31:43Z|9202|WRITE|/var/log/auth.log|success|{"size": 343191}
2025-03-22T17:31:44Z|9202|DELETE|/etc/shadow|success|{}
2025-03-22T17:32:10Z|5003|RENAME|/etc/cron.d/.hack|failure|{}
2025-03-22T17:32:39Z|6009|RENAME|/tmp/.hidden_script|success|{}
2025-03-22T17:32:52Z|4009|ATTRIBUTE|/home/user/.ssh/id_rsa|success|{}
2025-03-22T17:32:53Z|9104|WRITE|/var/www/.shell.php|success|{"suspicious": true, "sequence": 12995}
2025-03-22T17:33:03Z|2|WRITE|/home/user/.ssh/id_rsa|success|{"size": 412160}
2025-03-22T17:33:09Z|1006|DELETE|/var/log/syslog|success|{}
2025-03-22T17:33:33Z|9203|ATTRIBUTE|/home/user/documents/report.doc|success|{}
2025-03-22T17:34:00Z|9203|READ|/tmp/.hidden_script|success|{"suspicious": true, "sequence": 12999}
2025-03-22T17:34:23Z|9003|ATTRIBUTE|/home/user/documents/report.doc|success|{}
2025-03-22T17:34:52Z|1|ATTRIBUTE|/home/user/documents/report.doc|success|{}
2025-03-22T17:35:04Z|9004|WRITE|/tmp/test.txt|success|{"size": 663527}
2025-03-22T17:35:12Z|3|READ|/tmp/backdoor.bin|success|{"suspicious": true, "sequence": 13003}
2025-03-22T17:35:26Z|7002|EXECUTE|/var/log/auth.log|failure|{}
2025-03-22T17:35:37Z|4|DELETE|/etc/passwd|success|{}
2025-03-22T17:35:45Z|9100|ATTRIBUTE|/dev/shm/.malware|success|{}
2025-03-22T17:35:55Z|9100|RENAME|/home/user/documents/report.doc|success|{}
2025-03-22T17:36:01Z|9101|ATTRIBUTE|/tmp/backdoor.bin|success|{}
2025-03-22T17:36:07Z|9202|RENAME|/etc/hosts|success|{}
2025-03-22T17:36:27Z|4010|ATTRIBUTE|/tmp/backdoor.bin|success|{}
2025-03-22T17:36:54Z|5013|ATTRIBUTE|/dev/shm/.malware|success|{}
2025-03-22T17:37:08Z|5011|ATTRIBUTE|/etc/hosts|success|{}
2025-03-22T17:37:15Z|4|ATTRIBUTE|/tmp/test.txt|success|{}
2025-03-22T17:37:18Z|6000|RENAME|/var/log/auth.log|failure|{}
2025-03-22T17:37:29Z|9000|RENAME|/tmp/backdoor.bin|failure|{}
2025-03-22T17:37:56Z|9104|DELETE|/etc/shadow|success|{}
2025-03-22T17:38:21Z|9202|ATTRIBUTE|/var/log/syslog|success|{}
2025-03-22T17:38:31Z|1|EXECUTE|/var/log/auth.log|success|{}
2025-03-22T17:38:39Z|5003|DELETE|/etc/hosts|success|{}
2025-03-22T17:38:56Z|5|READ|/etc/passwd|success|{}
2025-03-22T17:39:07Z|5|DELETE|/tmp/backdoor.bin|success|{}
2025-03-22T17:39:33Z|7000|EXECUTE|/dev/shm/.malware|success|{}
2025-03-22T17:39:53Z|9201|RENAME|/var/log/auth.log|success|{}
2025-03-22T17:40:08Z|9203|RENAME|/etc/passwd|success|{}
2025-03-22T17:40:09Z|7000|ATTRIBUTE|/tmp/backdoor.bin|success|{}
2025-03-22T17:40:26Z|5002|RENAME|/etc/passwd|success|{}
2025-03-22T17:40:56Z|6000|READ|/etc/hosts|success|{}
2025-03-22T17:41:18Z|9101|WRITE|/var/www/.shell.php|success|{"suspicious": true, "sequence": 13028}
2025-03-22T17:41:22Z|5012|WRITE|/dev/shm/.malware|success|{"suspicious": true, "sequence": 13029}
2025-03-22T17:41:31Z|4018|RENAME|/dev/shm/.malware|success|{}
2025-03-22T17:41:51Z|1016|EXECUTE|/var/log/auth.log|success|{}
2025-03-22T17:42:01Z|9200|ATTRIBUTE|/etc/hosts|success|{}
2025-03-22T17:42:29Z|6007|READ|/tmp/.hidden_script|success|{"suspicious": true, "sequence": 13033}
2025-03-22T17:42:32Z|9004|EXECUTE|/tmp/.hidden_script|success|{}
2025-03-22T17:43:00Z|4026|WRITE|/dev/shm/.malware|success|{"suspicious": true, "sequence": 13035}
2025-03-22T17:43:21Z|7001|WRITE|/var/log/syslog|success|{"size": 75527}
2025-03-22T17:43:37Z|1000|EXECUTE|/tmp/.hidden_script|failure|{}
2025-03-22T17:43:50Z|9200|READ|/home/user/documents/report.doc|success|{}
2025-03-22T17:44:19Z|9103|RENAME|/tmp/test.txt|success|{}
2025-03-22T17:44:32Z|4015|DELETE|/dev/shm/.malware|success|{}
2025-03-22T17:44:48Z|9204|READ|/home/user/documents/report.doc|success|{}
2025-03-22T17:44:51Z|1000|EXECUTE|/tmp/test.txt|success|{}
2025-03-22T17:45:17Z|3|WRITE|/etc/cron.d/.hack|success|{"suspicious": true, "sequence": 13043}
2025-03-22T17:45:28Z|3|RENAME|/tmp/test.txt|success|{}
2025-03-22T17:45:48Z|2|WRITE|/var/log/auth.log|success|{"size": 650566}
2025-03-22T17:45:54Z|6000|RENAME|/var/log/auth.log|success|{}
2025-03-22T17:46:07Z|4003|ATTRIBUTE|/var/www/.shell.php|success|{}
2025-03-22T17:46:14Z|4013|RENAME|/var/log/syslog|success|{}
2025-03-22T17:46:18Z|1015|EXECUTE|/dev/shm/.malware|success|{}
2025-03-22T17:46:48Z|9001|ATTRIBUTE|/etc/cron.d/.hack|success|{}
2025-03-22T17:47:13Z|5008|READ|/dev/shm/.malware|failure|{"suspicious": true, "sequence": 13051}
2025-03-22T17:47:36Z|7002|WRITE|/tmp/.hidden_script|success|{"suspicious": true, "sequence": 13052}
2025-03-22T17:47:56Z|9004|DELETE|/etc/passwd|success|{}
2025-03-22T17:48:15Z|2|ATTRIBUTE|/etc/shadow|success|{}
2025-03-22T17:48:35Z|7003|EXECUTE|/var/www/.shell.php|success|{}
2025-03-22T17:48:57Z|2|EXECUTE|/etc/shadow|success|{}
2025-03-22T17:49:07Z|5012|READ|/home/user/documents/report.doc|success|{}
2025-03-22T17:49:30Z|4013|EXECUTE|/etc/hosts|success|{}
2025-03-22T17:49:50Z|4017|RENAME|/etc/cron.d/.hack|failure|{}
2025-03-22T17:50:05Z|6003|WRITE|/var/log/auth.log|success|{"size": 292886}
2025-03-22T17:50:13Z|6009|RENAME|/etc/shadow|success|{}
2025-03-22T17:50:21Z|9200|READ|/etc/passwd|success|{}
2025-03-22T17:50:42Z|5013|DELETE|/etc/cron.d/.hack|success|{}
2025-03-22T17:51:05Z|4007|WRITE|/etc/cron.d/.hack|success|{"suspicious": true, "sequence": 13064}
2025-03-22T17:51:16Z|9104|RENAME|/home/user/documents/report.doc|success|{}
2025-03-22T17:51:31Z|4021|WRITE|/var/www/.shell.php|failure|{"suspicious": true, "sequence": 13066}
2025-03-22T17:51:56Z|1014|DELETE|/etc/passwd|success|{}
2025-03-22T17:52:09Z|7004|EXECUTE|/var/log/auth.log|success|{}
2025-03-22T17:52:34Z|9004|EXECUTE|/home/user/.ssh/id_rsa|success|{}
2025-03-22T17:53:03Z|9104|READ|/home/user/.ssh/id_rsa|success|{}
2025-03-22T17:53:05Z|5014|RENAME|/home/user/.ssh/id_rsa|success|{}
2025-03-22T17:53:25Z|5007|DELETE|/tmp/test.txt|success|{}
2025-03-22T17:53:35Z|1011|DELETE|/tmp/.hidden_script|success|{}
2025-03-22T17:53:53Z|4007|DELETE|/var/log/auth.log|success|{}
2025-03-22T17:54:21Z|7002|EXECUTE|/dev/shm/.malware|success|{}
2025-03-22T17:54:38Z|6009|WRITE|/var/log/auth.log|success|{"size": 353871}
2025-03-22T17:55:07Z|5|READ|/etc/cron.d/.hack|success|{"suspicious": true, "sequence": 13077}
2025-03-22T17:55:26Z|7003|EXECUTE|/etc/shadow|success|{}
2025-03-22T17:55:46Z|4|READ|/etc/passwd|success|{}
2025-03-22T17:56:07Z|7004|RENAME|/home/user/.ssh/id_rsa|success|{}
2025-03-22T17:56:25Z|5008|WRITE|/tmp/backdoor.bin|success|{"suspicious": true, "sequence": 13081}
2025-03-22T17:56:36Z|1016|WRITE|/home/user/.ssh/id_rsa|success|{"size": 511028}
2025-03-22T17:57:04Z|9202|DELETE|/tmp/backdoor.bin|success|{}
2025-03-22T17:57:28Z|9101|DELETE|/var/log/auth.log|success|{}
2025-03-22T17:57:35Z|7001|RENAME|/etc/hosts|success|{}
2025-03-22T17:57:55Z|3|RENAME|/var/www/.shell.php|success|{}
2025-03-22T17:58:07Z|9001|RENAME|/etc/shadow|success|{}
2025-03-22T17:58:09Z|9001|RENAME|/dev/shm/.malware|success|{}
2025-03-22T17:58:16Z|5|RENAME|/dev/shm/.malware|success|{}
2025-03-22T17:58:46Z|7004|RENAME|/tmp/.hidden_script|success|{}
2025-03-22T17:59:02Z|6002|READ|/etc/shadow|success|{}
2025-03-22T17:59:07Z|9101|DELETE|/dev/shm/.malware|success|{}
2025-03-22T17:59:22Z|6009|DELETE|/var/log/syslog|success|{}
2025-03-22T17:59:38Z|7002|DELETE|/etc/passwd|success|{}
2025-03-22T17:59:53Z|1008|ATTRIBUTE|/etc/hosts|success|{}
2025-03-22T17:59:58Z|4012|WRITE|/dev/shm/.malware|success|{"suspicious": true, "sequence": 13096}
2025-03-22T18:00:18Z|5008|DELETE|/etc/cron.d/.hack|success|{}
2025-03-22T18:00:28Z|9101|READ|/tmp/.hidden_script|success|{"suspicious": true, "sequence": 13098}
2025-03-22T18:00:35Z|4018|EXECUTE|/home/user/.ssh/id_rsa|success|{}
2025-03-22T18:00:55Z|5002|DELETE|/etc/shadow|success|{}
2025-03-22T18:01:12Z|9001|RENAME|/home/user/.ssh/id_rsa|success|{}
2025-03-22T18:01:26Z|9102|EXECUTE|/etc/shadow|success|{}
2025-03-22T18:01:56Z|4|READ|/tmp/backdoor.bin|success|{"suspicious": true, "sequence": 13103}
2025-03-22T18:01:58Z|5005|ATTRIBUTE|/tmp/.hidden_script|success|{}
2025-03-22T18:02:03Z|4018|ATTRIBUTE|/home/user/documents/report.doc|success|{}
2025-03-22T18:02:21Z|7002|RENAME|/var/www/.shell.php|success|{}
2025-03-22T18:02:47Z|9200|READ|/tmp/backdoor.bin|success|{"suspicious": true, "sequence": 13107}
2025-03-22T18:03:01Z|6009|DELETE|/dev/shm/.malware|success|{}
2025-03-22T18:03:12Z|7002|WRITE|/home/user/documents/report.doc|success|{"size": 94774}
2025-03-22T18:03:23Z|6002|ATTRIBUTE|/tmp/.hidden_script|failure|{}
2025-03-22T18:03:27Z|6004|DELETE|/tmp/.hidden_script|success|{}
2025-03-22T18:03:51Z|6006|ATTRIBUTE|/home/user/.ssh/id_rsa|success|{}
2025-03-22T18:04:17Z|5004|ATTRIBUTE|/tmp/.hidden_script|success|{}
2025-03-22T18:04:32Z|6008|READ|/dev/shm/.malware|success|{"suspicious": true, "sequence": 13114}
2025-03-22T18:04:53Z|5004|ATTRIBUTE|/var/log/auth.log|success|{}
2025-03-22T18:05:05Z|6003|DELETE|/tmp/test.txt|success|{}
2025-03-22T18:05:06Z|4026|RENAME|/tmp/test.txt|success|{}
2025-03-22T18:05:14Z|1|WRITE|/tmp/.hidden_script|success|{"suspicious": true, "sequence": 13118}
2025-03-22T18:05:20Z|1010|READ|/etc/shadow|success|{}
2025-03-22T18:05:40Z|9100|EXECUTE|/home/user/.ssh/id_rsa|success|{}
2025-03-22T18:06:08Z|9001|WRITE|/etc/shadow|success|{"size": 288198}
2025-03-22T18:06:28Z|5000|WRITE|/tmp/test.txt|success|{"size": 4963}
2025-03-22T18:06:43Z|5|RENAME|/home/user/.ssh/id_rsa|success|{}
2025-03-22T18:07:05Z|9203|ATTRIBUTE|/tmp/backdoor.bin|success|{}
2025-03-22T18:07:13Z|1004|WRITE|/tmp/test.txt|success|{"size": 1046327}
2025-03-22T18:07:30Z|4014|RENAME|/tmp/.hidden_script|success|{}
2025-03-22T18:07:40Z|9200|DELETE|/tmp/test.txt|failure|{}
2025-03-22T18:08:03Z|4|EXECUTE|/var/log/syslog|success|{}
2025-03-22T18:08:21Z|4007|READ|/var/log/auth.log|success|{}
2025-03-22T18:08:22Z|5007|DELETE|/home/user/.ssh/id_rsa|success|{}
2025-03-22T18:08:43Z|1011|RENAME|/var/www/.shell.php|success|{}
2025-03-22T18:08:53Z|4026|EXECUTE|/var/www/.shell.php|success|{}
2025-03-22T18:09:01Z|5009|READ|/var/log/auth.log|success|{}
2025-03-22T18:09:13Z|9103|READ|/tmp/backdoor.bin|failure|{"suspicious": true, "sequence": 13134}
2025-03-22T18:09:19Z|9000|EXECUTE|/tmp/test.txt|failure|{}
2025-03-22T18:09:34Z|9104|READ|/var/www/.shell.php|success|{"suspicious": true, "sequence": 13136}
2025-03-22T18:09:45Z|6008|RENAME|/etc/hosts|success|{}
2025-03-22T18:09:59Z|6009|EXECUTE|/etc/cron.d/.hack|success|{}
2025-03-22T18:10:08Z|1|DELETE|/dev/shm/.malware|success|{}
2025-03-22T18:10:19Z|9201|READ|/etc/hosts|success|{}
2025-03-22T18:10:25Z|1015|ATTRIBUTE|/etc/hosts|success|{}
2025-03-22T18:10:53Z|5004|RENAME|/home/user/.ssh/id_rsa|success|{}
2025-03-22T18:11:11Z|6008|WRITE|/home/user/.ssh/id_rsa|success|{"size": 555984}
2025-03-22T18:11:13Z|9004|ATTRIBUTE|/tmp/.hidden_script|success|{}
2025-03-22T18:11:32Z|6002|READ|/tmp/test.txt|success|{}
2025-03-22T18:11:39Z|9204|READ|/tmp/test.txt|success|{}
2025-03-22T18:12:07Z|7002|ATTRIBUTE|/home/user/.ssh/id_rsa|success|{}
2025-03-22T18:12:17Z|9001|RENAME|/etc/passwd|success|{}
2025-03-22T18:12:31Z|3|READ|/home/user/.ssh/id_rsa|success|{}
2025-03-22T18:12:52Z|5011|DELETE|/var/log/auth.log|success|{}
2025-03-22T18:12:54Z|9203|RENAME|/dev/shm/.malware|success|{}
2025-03-22T18:13:09Z|9103|RENAME|/dev/shm/.malware|success|{}
2025-03-22T18:13:28Z|5003|WRITE|/etc/passwd|success|{"size": 176075}
2025-03-22T18:13:58Z|6004|ATTRIBUTE|/home/user/.ssh/id_rsa|success|{}
2025-03-22T18:14:14Z|9001|DELETE|/etc/passwd|success|{}
2025-03-22T18:14:35Z|6006|WRITE|/var/log/auth.log|success|{"size": 170028}
2025-03-22T18:14:51Z|4024|READ|/etc/hosts|success|{}
2025-03-22T18:14:53Z|9003|WRITE|/tmp/.hidden_script|success|{"suspicious": true, "sequence": 13158}
2025-03-22T18:15:05Z|9002|WRITE|/tmp/test.txt|failure|{"size": 32360}
2025-03-22T18:15:18Z|9000|WRITE|/etc/cron.d/.hack|success|{"suspicious": true, "sequence": 13160}
2025-03-22T18:15:30Z|9204|EXECUTE|/etc/cron.d/.hack|success|{}
2025-03-22T18:15:59Z|9002|READ|/home/user/.ssh/id_rsa|success|{}
2025-03-22T18:16:21Z|4010|RENAME|/var/log/auth.log|success|{}
2025-03-22T18:16:40Z|9202|EXECUTE|/etc/hosts|success|{}
2025-03-22T18:16:43Z|4008|DELETE|/var/log/auth.log|success|{}
2025-03-22T18:16:44Z|1010|ATTRIBUTE|/home/user/documents/report.doc|success|{}
2025-03-22T18:17:12Z|5001|WRITE|/etc/shadow|success|{"size": 831880}
2025-03-22T18:17:37Z|4013|DELETE|/etc/hosts|success|{}
2025-03-22T18:17:41Z|9204|READ|/var/log/syslog|success|{}
2025-03-22T18:17:55Z|7004|READ|/var/log/syslog|success|{}
2025-03-22T18:18:04Z|6005|ATTRIBUTE|/var/www/.shell.php|success|{}
2025-03-22T18:18:08Z|7000|WRITE|/etc/shadow|success|{"size": 189752}
2025-03-22T18:18:32Z|1008|READ|/dev/shm/.malware|success|{"suspicious": true, "sequence": 13173}
2025-03-22T18:18:54Z|4022|RENAME|/tmp/.hidden_script|success|{}
2025-03-22T18:19:09Z|9201|RENAME|/home/user/.ssh/id_rsa|success|{}
2025-03-22T18:19:38Z|5014|EXECUTE|/etc/hosts|success|{}
2025-03-22T18:19:52Z|7003|READ|/home/user/.ssh/id_rsa|success|{}
2025-03-22T18:20:05Z|5004|RENAME|/var/log/syslog|success|{}
2025-03-22T18:20:15Z|1007|DELETE|/etc/shadow|success|{}
2025-03-22T18:20:24Z|4|DELETE|/tmp/.hidden_script|success|{}
2025-03-22T18:20:47Z|9101|DELETE|/var/www/.shell.php|success|{}
2025-03-22T18:20:56Z|9203|READ|/dev/shm/.malware|success|{"suspicious": true, "sequence": 13182}
2025-03-22T18:21:16Z|1003|EXECUTE|/var/log/syslog|success|{}
2025-03-22T18:21:23Z|4007|ATTRIBUTE|/var/log/syslog|success|{}
2025-03-22T18:21:26Z|9104|ATTRIBUTE|/tmp/test.txt|success|{}
2025-03-22T18:21:43Z|3|ATTRIBUTE|/tmp/.hidden_script|success|{}
2025-03-22T18:21:52Z|5011|EXECUTE|/etc/cron.d/.hack|success|{}
2025-03-22T18:22:00Z|9000|EXECUTE|/dev/shm/.malware|success|{}
2025-03-22T18:22:08Z|4000|EXECUTE|/dev/shm/.malware|success|{}
2025-03-22T18:22:16Z|6004|DELETE|/home/user/.ssh/id_rsa|success|{}
2025-03-22T18:22:40Z|9001|RENAME|/etc/cron.d/.hack|success|{}
2025-03-22T18:23:02Z|1|RENAME|/etc/passwd|success|{}
2025-03-22T18:23:27Z|9200|DELETE|/tmp/.hidden_script|success|{}
2025-03-22T18:23:49Z|7004|RENAME|/dev/shm/.malware|success|{}
2025-03-22T18:24:03Z|9104|EXECUTE|/home/user/documents/report.doc|success|{}
2025-03-22T18:24:27Z|5013|EXECUTE|/dev/shm/.malware|success|{}
2025-03-22T18:24:51Z|2|DELETE|/home/user/.ssh/id_rsa|failure|{}
2025-03-22T18:25:04Z|9103|ATTRIBUTE|/etc/shadow|success|{}
2025-03-22T18:25:06Z|7001|EXECUTE|/var/www/.shell.php|success|{}
2025-03-22T18:25:27Z|2|READ|/home/user/documents/report.doc|success|{}
2025-03-22T18:25:49Z|9002|EXECUTE|/tmp/.hidden_script|success|{}
2025-03-22T18:26:02Z|4000|ATTRIBUTE|/tmp/backdoor.bin|success|{}
2025-03-22T18:26:05Z|7000|READ|/var/log/auth.log|success|{}
2025-03-22T18:26:19Z|5012|WRITE|/home/user/documents/report.doc|success|{"size": 775075}
2025-03-22T18:26:34Z|6007|DELETE|/tmp/backdoor.bin|success|{}
2025-03-22T18:26:39Z|9202|WRITE|/etc/passwd|success|{"size": 795279}
2025-03-22T18:27:08Z|9100|DELETE|/var/www/.shell.php|success|{}
2025-03-22T18:27:23Z|9103|ATTRIBUTE|/dev/shm/.malware|success|{}
2025-03-22T18:27:28Z|9102|ATTRIBUTE|/etc/cron.d/.hack|success|{}
2025-03-22T18:27:32Z|4024|READ|/home/user/documents/report.doc|success|{}
2025-03-22T18:27:58Z|5010|WRITE|/home/user/documents/report.doc|success|{"size": 196291}
2025-03-22T18:28:16Z|9100|READ|/home/user/.ssh/id_rsa|failure|{}
2025-03-22T18:28:18Z|9200|READ|/var/log/syslog|success|{}
2025-03-22T18:28:45Z|7000|READ|/etc/passwd|failure|{}
2025-03-22T18:28:58Z|9001|RENAME|/var/log/auth.log|success|{}
2025-03-22T18:29:24Z|6008|EXECUTE|/tmp/test.txt|success|{}
2025-03-22T18:29:30Z|9101|EXECUTE|/etc/hosts|success|{}
2025-03-22T18:29:31Z|3|EXECUTE|/tmp/backdoor.bin|success|{}
2025-03-22T18:29:54Z|7004|DELETE|/var/log/auth.log|success|{}
2025-03-22T18:30:07Z|5|EXECUTE|/var/log/syslog|success|{}
2025-03-22T18:30:14Z|4018|READ|/etc/cron.d/.hack|success|{"suspicious": true, "sequence": 13221}
2025-03-22T18:30:24Z|5007|RENAME|/var/www/.shell.php|success|{}
2025-03-22T18:30:50Z|9204|DELETE|/etc/cron.d/.hack|success|{}
2025-03-22T18:31:09Z|6002|RENAME|/home/user/.ssh/id_rsa|success|{}
2025-03-22T18:31:35Z|4000|RENAME|/var/www/.shell.php|success|{}
2025-03-22T18:32:03Z|3|EXECUTE|/var/log/auth.log|success|{}
2025-03-22T18:32:17Z|4001|EXECUTE|/etc/shadow|success|{}
2025-03-22T18:32:29Z|9100|ATTRIBUTE|/home/user/documents/report.doc|success|{}
2025-03-22T18:32:43Z|4|ATTRIBUTE|/dev/shm/.malware|success|{}
2025-03-22T18:33:01Z|4023|WRITE|/var/log/auth.log|success|{"size": 523511}
2025-03-22T18:33:03Z|9102|RENAME|/var/www/.shell.php|success|{}
2025-03-22T18:33:09Z|2|RENAME|/etc/cron.d/.hack|success|{}
2025-03-22T18:33:30Z|9203|WRITE|/etc/cron.d/.hack|success|{"suspicious": true, "sequence": 13233}
2025-03-22T18:33:47Z|4016|EXECUTE|/etc/shadow|success|{}
2025-03-22T18:34:15Z|9101|DELETE|/etc/shadow|success|{}
2025-03-22T18:34:43Z|7004|DELETE|/var/www/.shell.php|success|{}
2025-03-22T18:34:54Z|5010|READ|/var/www/.shell.php|success|{"suspicious": true, "sequence": 13237}
2025-03-22T18:35:08Z|7002|READ|/var/www/.shell.php|success|{"suspicious": true, "sequence": 13238}
2025-03-22T18:35:15Z|5010|READ|/home/user/documents/report.doc|success|{}
2025-03-22T18:35:32Z|5000|DELETE|/etc/passwd|success|{}
2025-03-22T18:35:37Z|4010|WRITE|/var/www/.shell.php|success|{"suspicious": true, "sequence": 13241}
2025-03-22T18:35:46Z|7002|RENAME|/var/www/.shell.php|success|{}
2025-03-22T18:36:13Z|1004|WRITE|/dev/shm/.malware|success|{"suspicious": true, "sequence": 13243}
2025-03-22T18:36:18Z|9101|EXECUTE|/tmp/test.txt|failure|{}
2025-03-22T18:36:21Z|9103|WRITE|/var/log/auth.log|success|{"size": 1007429}
2025-03-22T18:36:25Z|9100|DELETE|/tmp/backdoor.bin|success|{}
2025-03-22T18:36:34Z|1018|ATTRIBUTE|/home/user/documents/report.doc|success|{}
2025-03-22T18:36:52Z|6004|ATTRIBUTE|/home/user/.ssh/id_rsa|success|{}
2025-03-22T18:37:04Z|5008|READ|/tmp/backdoor.bin|success|{"suspicious": true, "sequence": 13249}
2025-03-22T18:37:20Z|4004|READ|/tmp/test.txt|success|{}
2025-03-22T18:37:26Z|4014|EXECUTE|/var/log/auth.log|success|{}
2025-03-22T18:37:45Z|9201|EXECUTE|/tmp/.hidden_script|success|{}
2025-03-22T18:38:09Z|4023|DELETE|/home/user/.ssh/id_rsa|success|{}
2025-03-22T18:38:32Z|9002|DELETE|/var/log/syslog|failure|{}
2025-03-22T18:39:00Z|4|RENAME|/tmp/test.txt|success|{}
2025-03-22T18:39:04Z|9201|ATTRIBUTE|/etc/shadow|success|{}
2025-03-22T18:39:33Z|9102|RENAME|/var/log/auth.log|success|{}
2025-03-22T18:39:57Z|9100|READ|/etc/cron.d/.hack|success|{"suspicious": true, "sequence": 13258}
2025-03-22T18:40:16Z|5003|ATTRIBUTE|/tmp/.hidden_script|success|{}
2025-03-22T18:40:35Z|9100|READ|/var/log/auth.log|failure|{}
2025-03-22T18:40:49Z|9203|ATTRIBUTE|/etc/passwd|success|{}
2025-03-22T18:40:51Z|2|ATTRIBUTE|/etc/passwd|success|{}
2025-03-22T18:41:17Z|5014|WRITE|/var/www/.shell.php|success|{"suspicious": true, "sequence": 13263}
2025-03-22T18:41:35Z|4011|ATTRIBUTE|/etc/hosts|success|{}
2025-03-22T18:42:00Z|2|WRITE|/tmp/test.txt|success|{"size": 630983}
2025-03-22T18:42:21Z|3|ATTRIBUTE|/dev/shm/.malware|success|{}
2025-03-22T18:42:39Z|9102|WRITE|/var/log/auth.log|success|{"size": 85564}
2025-03-22T18:43:02Z|6005|EXECUTE|/etc/hosts|success|{}
2025-03-22T18:43:05Z|9202|WRITE|/etc/shadow|success|{"size": 1034927}
2025-03-22T18:43:13Z|9104|READ|/tmp/.hidden_script|success|{"suspicious": true, "sequence": 13270}
2025-03-22T18:43:26Z|4006|READ|/etc/cron.d/.hack|success|{"suspicious": true, "sequence": 13271}
2025-03-22T18:43:40Z|9100|READ|/tmp/.hidden_script|success|{"suspicious": true, "sequence": 13272}
2025-03-22T18:43:44Z|1012|DELETE|/tmp/.hidden_script|success|{}
2025-03-22T18:43:51Z|6003|RENAME|/tmp/backdoor.bin|success|{}
2025-03-22T18:44:12Z|3|WRITE|/dev/shm/.malware|success|{"suspicious": true, "sequence": 13275}
2025-03-22T18:44:16Z|4024|DELETE|/tmp/.hidden_script|success|{}
2025-03-22T18:44:39Z|1002|EXECUTE|/var/www/.shell.php|success|{}
2025-03-22T18:45:08Z|9104|EXECUTE|/etc/cron.d/.hack|success|{}
2025-03-22T18:45:23Z|9203|DELETE|/etc/cron.d/.hack|success|{}
2025-03-22T18:45:45Z|9002|DELETE|/tmp/backdoor.bin|success|{}
2025-03-22T18:46:15Z|5|WRITE|/dev/shm/.malware|success|{"suspicious": true, "sequence": 13281}
2025-03-22T18:46:21Z|5009|RENAME|/var/log/syslog|success|{}
2025-03-22T18:46:23Z|9202|DELETE|/tmp/.hidden_script|success|{}
2025-03-22T18:46:43Z|7003|WRITE|/dev/shm/.malware|success|{"suspicious": true, "sequence": 13284}
2025-03-22T18:46:58Z|5|WRITE|/var/log/auth.log|success|{"size": 243492}
2025-03-22T18:47:12Z|3|EXECUTE|/var/www/.shell.php|success|{}
2025-03-22T18:47:20Z|4|EXECUTE|/home/user/.ssh/id_rsa|success|{}
2025-03-22T18:47:48Z|5|DELETE|/home/user/documents/report.doc|success|{}
2025-03-22T18:47:50Z|9202|ATTRIBUTE|/etc/passwd|success|{}
2025-03-22T18:48:03Z|9101|RENAME|/etc/passwd|success|{}
2025-03-22T18:48:13Z|5003|DELETE|/var/www/.shell.php|success|{}
2025-03-22T18:48:31Z|6002|RENAME|/home/user/.ssh/id_rsa|success|{}
2025-03-22T18:48:53Z|5005|DELETE|/var/www/.shell.php|success|{}
2025-03-22T18:49:02Z|9202|RENAME|/tmp/.hidden_script|success|{}
2025-03-22T18:49:03Z|1002|READ|/var/log/auth.log|success|{}
2025-03-22T18:49:05Z|1009|EXECUTE|/dev/shm/.malware|success|{}
2025-03-22T18:49:06Z|4025|WRITE|/var/www/.shell.php|success|{"suspicious": true, "sequence": 13297}
2025-03-22T18:49:35Z|9203|READ|/etc/hosts|success|{}
2025-03-22T18:50:04Z|9002|DELETE|/var/log/syslog|success|{}
2025-03-22T18:50:12Z|1005|DELETE|/dev/shm/.malware|success|{}
2025-03-22T18:50:30Z|9200|EXECUTE|/etc/shadow|success|{}
2025-03-22T18:50:42Z|9203|READ|/dev/shm/.malware|success|{"suspicious": true, "sequence": 13302}
2025-03-22T18:51:03Z|1016|EXECUTE|/home/user/.ssh/id_rsa|failure|{}
2025-03-22T18:51:25Z|9201|DELETE|/var/www/.shell.php|success|{}
2025-03-22T18:51:37Z|9001|WRITE|/etc/hosts|success|{"size": 19909}
2025-03-22T18:51:50Z|7003|DELETE|/tmp/.hidden_script|success|{}
2025-03-22T18:52:07Z|3|RENAME|/tmp/test.txt|success|{}
2025-03-22T18:52:08Z|6000|EXECUTE|/tmp/test.txt|success|{}
2025-03-22T18:52:24Z|9103|RENAME|/tmp/.hidden_script|success|{}
2025-03-22T18:52:51Z|5007|ATTRIBUTE|/etc/shadow|success|{}
2025-03-22T18:53:19Z|1005|ATTRIBUTE|/etc/shadow|success|{}
2025-03-22T18:53:24Z|9003|ATTRIBUTE|/tmp/.hidden_script|success|{}
2025-03-22T18:53:47Z|5000|DELETE|/dev/shm/.malware|failure|{}
2025-03-22T18:54:16Z|9203|EXECUTE|/var/www/.shell.php|success|{}
2025-03-22T18:54:28Z|9104|WRITE|/etc/cron.d/.hack|success|{"suspicious": true, "sequence": 13315}
2025-03-22T18:54:57Z|9100|WRITE|/var/www/.shell.php|failure|{"suspicious": true, "sequence": 13316}
2025-03-22T18:55:17Z|4|WRITE|/dev/shm/.malware|success|{"suspicious": true, "sequence": 13317}
2025-03-22T18:55:42Z|9204|DELETE|/home/user/.ssh/id_rsa|success|{}
2025-03-22T18:56:08Z|5013|DELETE|/tmp/backdoor.bin|success|{}
2025-03-22T18:56:21Z|9204|ATTRIBUTE|/etc/cron.d/.hack|success|{}
2025-03-22T18:56:30Z|6004|WRITE|/home/user/documents/report.doc|success|{"size": 212897}
2025-03-22T18:56:41Z|9200|WRITE|/home/user/documents/report.doc|success|{"size": 824219}
2025-03-22T18:57:04Z|9201|RENAME|/etc/cron.d/.hack|success|{}
2025-03-22T18:57:28Z|6008|WRITE|/var/log/syslog|success|{"size": 413007}
2025-03-22T18:57:30Z|4|WRITE|/tmp/test.txt|success|{"size": 907291}
2025-03-22T18:57:44Z|6007|EXECUTE|/etc/cron.d/.hack|success|{}
2025-03-22T18:58:02Z|4|RENAME|/tmp/test.txt|success|{}
2025-03-22T18:58:32Z|9201|EXECUTE|/etc/passwd|success|{}
2025-03-22T18:58:38Z|2|RENAME|/etc/shadow|success|{}
2025-03-22T18:58:56Z|5|DELETE|/var/log/syslog|success|{}
2025-03-22T18:59:03Z|6008|ATTRIBUTE|/tmp/backdoor.bin|success|{}
2025-03-22T18:59:27Z|9202|EXECUTE|/etc/shadow|success|{}
2025-03-22T18:59:48Z|9203|EXECUTE|/etc/hosts|success|{}
2025-03-22T18:59:56Z|7001|EXECUTE|/etc/hosts|success|{}
2025-03-22T18:59:57Z|7004|DELETE|/etc/hosts|success|{}
2025-03-22T19:00:25Z|9003|WRITE|/tmp/backdoor.bin|success|{"suspicious": true, "sequence": 13336}
2025-03-22T19:00:45Z|5|ATTRIBUTE|/etc/hosts|success|{}
2025-03-22T19:00:56Z|9000|DELETE|/tmp/test.txt|success|{}
2025-03-22T19:01:10Z|3|WRITE|/home/user/.ssh/id_rsa|success|{"size": 614976}
2025-03-22T19:01:18Z|4029|READ|/var/log/auth.log|success|{}
2025-03-22T19:01:40Z|9002|RENAME|/tmp/test.txt|success|{}
2025-03-22T19:01:57Z|2|EXECUTE|/var/www/.shell.php|success|{}
2025-03-22T19:02:06Z|9100|RENAME|/var/log/auth.log|success|{}
2025-03-22T19:02:35Z|6004|EXECUTE|/tmp/test.txt|success|{}
2025-03-22T19:02:37Z|9204|READ|/etc/shadow|success|{}
2025-03-22T19:02:58Z|2|RENAME|/tmp/test.txt|success|{}
2025-03-22T19:03:27Z|9000|ATTRIBUTE|/etc/hosts|success|{}
2025-03-22T19:03:55Z|1009|WRITE|/home/user/documents/report.doc|success|{"size": 869334}
2025-03-22T19:04:21Z|7002|RENAME|/etc/hosts|success|{}
2025-03-22T19:04:40Z|5012|DELETE|/var/log/auth.log|success|{}
2025-03-22T19:05:02Z|3|ATTRIBUTE|/var/log/syslog|success|{}
2025-03-22T19:05:10Z|1019|DELETE|/var/www/.shell.php|success|{}
2025-03-22T19:05:15Z|1007|EXECUTE|/home/user/documents/report.doc|success|{}
2025-03-22T19:05:29Z|5009|WRITE|/var/log/syslog|success|{"size": 838568}
2025-03-22T19:05:59Z|5006|DELETE|/var/log/syslog|success|{}
2025-03-22T19:06:14Z|1009|DELETE|/home/user/documents/report.doc|success|{}
2025-03-22T19:06:21Z|1007|WRITE|/etc/shadow|success|{"size": 570252}
2025-03-22T19:06:27Z|1012|WRITE|/etc/hosts|success|{"size": 657914}
2025-03-22T19:06:30Z|5002|WRITE|/tmp/.hidden_script|failure|{"suspicious": true, "sequence": 13359}
2025-03-22T19:06:35Z|1009|WRITE|/var/log/auth.log|success|{"size": 3782}
2025-03-22T19:06:48Z|9001|ATTRIBUTE|/var/www/.shell.php|success|{}
2025-03-22T19:07:05Z|4021|RENAME|/var/www/.shell.php|success|{}
2025-03-22T19:07:30Z|4|EXECUTE|/home/user/documents/report.doc|success|{}
2025-03-22T19:07:38Z|4028|READ|/dev/shm/.malware|success|{"suspicious": true, "sequence": 13364}
2025-03-22T19:07:52Z|5010|EXECUTE|/tmp/test.txt|success|{}
2025-03-22T19:08:15Z|9002|RENAME|/dev/shm/.malware|success|{}
2025-03-22T19:08:33Z|9101|RENAME|/var/log/syslog|success|{}
2025-03-22T19:08:43Z|1001|READ|/tmp/backdoor.bin|success|{"suspicious": true, "sequence": 13368}
2025-03-22T19:08:48Z|9000|RENAME|/home/user/.ssh/id_rsa|success|{}
2025-03-22T19:09:15Z|9204|DELETE|/dev/shm/.malware|success|{}
2025-03-22T19:09:19Z|1012|READ|/home/user/.ssh/id_rsa|success|{}
2025-03-22T19:09:39Z|5|RENAME|/home/user/documents/report.doc|success|{}
2025-03-22T19:10:02Z|4|READ|/home/user/documents/report.doc|failure|{}
2025-03-22T19:10:09Z|4025|WRITE|/etc/shadow|success|{"size": 387720}
2025-03-22T19:10:15Z|5014|RENAME|/tmp/test.txt|success|{}
2025-03-22T19:10:36Z|5000|EXECUTE|/tmp/test.txt|success|{}
2025-03-22T19:10:59Z|7000|EXECUTE|/etc/shadow|success|{}
2025-03-22T19:11:14Z|9004|DELETE|/etc/shadow|success|{}
2025-03-22T19:11:43Z|5002|DELETE|/etc/passwd|success|{}
2025-03-22T19:11:44Z|7001|DELETE|/tmp/.hidden_script|success|{}
2025-03-22T19:12:09Z|9101|EXECUTE|/tmp/backdoor.bin|success|{}
2025-03-22T19:12:36Z|5007|READ|/home/user/documents/report.doc|success|{}
2025-03-22T19:12:43Z|4025|DELETE|/home/user/.ssh/id_rsa|success|{}
2025-03-22T19:12:55Z|9004|WRITE|/home/user/.ssh/id_rsa|success|{"size": 913617}
2025-03-22T19:13:15Z|4|DELETE|/tmp/backdoor.bin|success|{}
2025-03-22T19:13:38Z|7003|DELETE|/home/user/documents/report.doc|success|{}
2025-03-22T19:13:45Z|5005|READ|/home/user/.ssh/id_rsa|success|{}
2025-03-22T19:14:12Z|6001|ATTRIBUTE|/tmp/backdoor.bin|success|{}
2025-03-22T19:14:39Z|9204|READ|/tmp/backdoor.bin|success|{"suspicious": true, "sequence": 13389}
2025-03-22T19:15:03Z|9002|READ|/tmp/.hidden_script|success|{"suspicious": true, "sequence": 13390}
2025-03-22T19:15:04Z|1005|EXECUTE|/tmp/.hidden_script|success|{}
2025-03-22T19:15:05Z|4027|READ|/var/www/.shell.php|success|{"suspicious": true, "sequence": 13392}
2025-03-22T19:15:31Z|2|DELETE|/tmp/backdoor.bin|success|{}
2025-03-22T19:15:40Z|1000|WRITE|/tmp/test.txt|success|{"size": 603705}
2025-03-22T19:15:59Z|9104|READ|/var/www/.shell.php|success|{"suspicious": true, "sequence": 13395}
2025-03-22T19:16:18Z|9103|RENAME|/etc/passwd|success|{}
2025-03-22T19:16:34Z|5013|ATTRIBUTE|/etc/shadow|success|{}
2025-03-22T19:16:53Z|9100|ATTRIBUTE|/var/www/.shell.php|success|{}
2025-03-22T19:17:09Z|6006|DELETE|/tmp/.hidden_script|success|{}
2025-03-22T19:17:11Z|1010|RENAME|/etc/cron.d/.hack|success|{}
2025-03-22T19:17:31Z|9201|RENAME|/tmp/backdoor.bin|success|{}
2025-03-22T19:17:35Z|9201|WRITE|/var/log/syslog|success|{"size": 464292}
2025-03-22T19:17:45Z|4002|RENAME|/etc/cron.d/.hack|success|{}
2025-03-22T19:17:57Z|5014|READ|/dev/shm/.malware|success|{"suspicious": true, "sequence": 13404}
2025-03-22T19:18:07Z|5009|READ|/etc/hosts|failure|{}
2025-03-22T19:18:36Z|5009|ATTRIBUTE|/home/user/.ssh/id_rsa|failure|{}
2025-03-22T19:18:46Z|1000|WRITE|/var/log/syslog|success|{"size": 892889}
2025-03-22T19:19:03Z|4014|EXECUTE|/tmp/.hidden_script|success|{}
2025-03-22T19:19:20Z|9101|ATTRIBUTE|/dev/shm/.malware|success|{}
2025-03-22T19:19:25Z|7002|DELETE|/home/user/.ssh/id_rsa|success|{}
2025-03-22T19:19:55Z|4001|DELETE|/tmp/test.txt|success|{}
2025-03-22T19:20:11Z|7000|EXECUTE|/tmp/.hidden_script|success|{}
2025-03-22T19:20:33Z|9204|DELETE|/tmp/test.txt|success|{}
2025-03-22T19:20:59Z|1013|RENAME|/dev/shm/.malware|success|{}
2025-03-22T19:21:07Z|9203|RENAME|/dev/shm/.malware|success|{}
2025-03-22T19:21:26Z|9100|EXECUTE|/tmp/.hidden_script|success|{}
2025-03-22T19:21:37Z|1005|ATTRIBUTE|/var/log/auth.log|success|{}
2025-03-22T19:21:53Z|4009|DELETE|/etc/hosts|success|{}
2025-03-22T19:22:21Z|4019|DELETE|/etc/cron.d/.hack|success|{}
2025-03-22T19:22:25Z|9003|RENAME|/var/log/auth.log|success|{}
2025-03-22T19:22:50Z|1014|EXECUTE|/tmp/test.txt|success|{}
2025-03-22T19:23:14Z|1006|RENAME|/etc/cron.d/.hack|success|{}
2025-03-22T19:23:30Z|9103|RENAME|/var/www/.shell.php|success|{}
2025-03-22T19:23:54Z|4|WRITE|/etc/passwd|success|{"size": 1026908}
2025-03-22T19:23:58Z|9000|DELETE|/var/log/syslog|failure|{}
2025-03-22T19:24:07Z|5|READ|/tmp/backdoor.bin|success|{"suspicious": true, "sequence": 13426}
2025-03-22T19:24:35Z|7001|READ|/var/log/syslog|success|{}
2025-03-22T19:24:40Z|9003|READ|/etc/cron.d/.hack|failure|{"suspicious": true, "sequence": 13428}
2025-03-22T19:25:08Z|7003|DELETE|/var/www/.shell.php|success|{}
2025-03-22T19:25:13Z|7001|EXECUTE|/var/log/auth.log|success|{}
2025-03-22T19:25:26Z|9103|DELETE|/var/log/auth.log|success|{}
2025-03-22T19:25:53Z|6006|READ|/etc/passwd|success|{}
2025-03-22T19:26:09Z|9201|RENAME|/tmp/backdoor.bin|success|{}
2025-03-22T19:26:25Z|9204|ATTRIBUTE|/var/log/auth.log|success|{}
2025-03-22T19:26:41Z|1017|EXECUTE|/var/log/syslog|success|{}
2025-03-22T19:26:43Z|7000|EXECUTE|/etc/shadow|success|{}
2025-03-22T19:26:52Z|7001|WRITE|/home/user/.ssh/id_rsa|success|{"size": 818921}
2025-03-22T19:27:13Z|5012|EXECUTE|/home/user/documents/report.doc|success|{}
2025-03-22T19:27:35Z|1|EXECUTE|/etc/hosts|success|{}
2025-03-22T19:27:47Z|1019|EXECUTE|/etc/shadow|success|{}
2025-03-22T19:27:57Z|1006|RENAME|/dev/shm/.malware|success|{}
2025-03-22T19:28:21Z|1|DELETE|/var/log/auth.log|success|{}
2025-03-22T19:28:34Z|9102|DELETE|/etc/hosts|success|{}
2025-03-22T19:28:39Z|9102|EXECUTE|/home/user/.ssh/id_rsa|success|{}
2025-03-22T19:28:46Z|5008|READ|/etc/cron.d/.hack|success|{"suspicious": true, "sequence": 13445}
2025-03-22T19:28:55Z|6005|READ|/home/user/.ssh/id_rsa|success|{}
2025-03-22T19:29:22Z|9101|RENAME|/etc/cron.d/.hack|success|{}
2025-03-22T19:29:41Z|6005|ATTRIBUTE|/tmp/backdoor.bin|success|{}
2025-03-22T19:30:00Z|7001|RENAME|/tmp/.hidden_script|success|{}
2025-03-22T19:30:27Z|2|WRITE|/tmp/backdoor.bin|success|{"suspicious": true, "sequence": 13450}
2025-03-22T19:30:45Z|6009|ATTRIBUTE|/tmp/test.txt|success|{}
2025-03-22T19:30:56Z|7000|READ|/home/user/documents/report.doc|success|{}
2025-03-22T19:31:13Z|1017|RENAME|/home/user/documents/report.doc|success|{}
2025-03-22T19:31:29Z|7000|RENAME|/tmp/test.txt|success|{}
2025-03-22T19:31:38Z|6007|RENAME|/var/www/.shell.php|failure|{}
2025-03-22T19:31:42Z|1|EXECUTE|/dev/shm/.malware|success|{}
2025-03-22T19:31:48Z|4017|DELETE|/home/user/documents/report.doc|success|{}
2025-03-22T19:31:49Z|6001|WRITE|/home/user/.ssh/id_rsa|success|{"size": 62552}
2025-03-22T19:31:51Z|1018|ATTRIBUTE|/tmp/.hidden_script|success|{}
2025-03-22T19:32:21Z|3|DELETE|/tmp/.hidden_script|success|{}
2025-03-22T19:32:33Z|1006|DELETE|/etc/hosts|success|{}
2025-03-22T19:32:36Z|1010|ATTRIBUTE|/home/user/documents/report.doc|success|{}
2025-03-22T19:32:37Z|7002|DELETE|/home/user/.ssh/id_rsa|success|{}
2025-03-22T19:33:01Z|9000|EXECUTE|/tmp/.hidden_script|success|{}
2025-03-22T19:33:19Z|5008|EXECUTE|/dev/shm/.malware|success|{}
2025-03-22T19:33:27Z|5007|EXECUTE|/var/www/.shell.php|failure|{}
2025-03-22T19:33:38Z|1000|WRITE|/tmp/test.txt|failure|{"size": 813918}
2025-03-22T19:33:48Z|6004|RENAME|/tmp/test.txt|failure|{}
2025-03-22T19:34:17Z|6002|WRITE|/etc/hosts|success|{"size": 537577}
2025-03-22T19:34:44Z|9200|RENAME|/tmp/backdoor.bin|success|{}
2025-03-22T19:35:08Z|7001|DELETE|/etc/hosts|success|{}
2025-03-22T19:35:32Z|9100|READ|/var/log/auth.log|success|{}
2025-03-22T19:35:41Z|9101|DELETE|/home/user/.ssh/id_rsa|success|{}
2025-03-22T19:36:05Z|7002|ATTRIBUTE|/var/log/syslog|success|{}
2025-03-22T19:36:18Z|9000|RENAME|/home/user/.ssh/id_rsa|success|{}
2025-03-22T19:36:38Z|5005|DELETE|/home/user/.ssh/id_rsa|success|{}
2025-03-22T19:36:53Z|9204|READ|/tmp/.hidden_script|success|{"suspicious": true, "sequence": 13477}
2025-03-22T19:37:02Z|9001|RENAME|/var/log/syslog|success|{}
2025-03-22T19:37:17Z|7000|WRITE|/dev/shm/.malware|success|{"suspicious": true, "sequence": 13479}
2025-03-22T19:37:35Z|4027|READ|/tmp/backdoor.bin|success|{"suspicious": true, "sequence": 13480}
2025-03-22T19:37:51Z|9001|ATTRIBUTE|/var/log/auth.log|failure|{}
2025-03-22T19:38:19Z|7004|ATTRIBUTE|/tmp/.hidden_script|success|{}
2025-03-22T19:38:34Z|9004|ATTRIBUTE|/home/user/.ssh/id_rsa|success|{}
2025-03-22T19:38:53Z|4013|EXECUTE|/dev/shm/.malware|success|{}
2025-03-22T19:39:01Z|9201|WRITE|/dev/shm/.malware|failure|{"suspicious": true, "sequence": 13485}
2025-03-22T19:39:16Z|5007|READ|/var/log/syslog|success|{}
2025-03-22T19:39:35Z|6002|ATTRIBUTE|/var/log/syslog|success|{}
2025-03-22T19:39:58Z|6007|READ|/etc/passwd|success|{}
2025-03-22T19:40:09Z|5008|ATTRIBUTE|/home/user/.ssh/id_rsa|success|{}
2025-03-22T19:40:28Z|1011|EXECUTE|/home/user/.ssh/id_rsa|success|{}
2025-03-22T19:40:39Z|1|READ|/tmp/.hidden_script|success|{"suspicious": true, "sequence": 13491}
2025-03-22T19:40:46Z|5012|ATTRIBUTE|/etc/shadow|success|{}
2025-03-22T19:41:13Z|9003|DELETE|/tmp/backdoor.bin|success|{}
2025-03-22T19:41:39Z|4|DELETE|/etc/passwd|success|{}
2025-03-22T19:41:45Z|4027|EXECUTE|/tmp/test.txt|success|{}
2025-03-22T19:41:57Z|1007|ATTRIBUTE|/tmp/.hidden_script|success|{}
2025-03-22T19:42:05Z|9004|READ|/tmp/.hidden_script|success|{"suspicious": true, "sequence": 13497}
2025-03-22T19:42:15Z|7002|EXECUTE|/etc/cron.d/.hack|success|{}
2025-03-22T19:42:20Z|4007|RENAME|/var/www/.shell.php|success|{}
2025-03-22T19:42:26Z|1|RENAME|/etc/hosts|success|{}
2025-03-22T19:42:36Z|5|WRITE|/etc/hosts|success|{"size": 1020310}
2025-03-22T19:42:55Z|4018|READ|/etc/hosts|failure|{}
2025-03-22T19:43:24Z|9004|READ|/var/log/syslog|success|{}
2025-03-22T19:43:48Z|9101|READ|/var/log/syslog|success|{}
2025-03-22T19:44:02Z|9201|EXECUTE|/etc/passwd|success|{}
2025-03-22T19:44:11Z|9200|READ|/dev/shm/.malware|success|{"suspicious": true, "sequence": 13506}
2025-03-22T19:44:31Z|4020|DELETE|/home/user/documents/report.doc|success|{}
2025-03-22T19:44:59Z|5001|ATTRIBUTE|/tmp/test.txt|success|{}
2025-03-22T19:45:11Z|9000|WRITE|/var/log/syslog|success|{"size": 327451}
2025-03-22T19:45:29Z|6006|DELETE|/etc/cron.d/.hack|success|{}
2025-03-22T19:45:31Z|9101|WRITE|/var/log/syslog|success|{"size": 283757}
2025-03-22T19:45:49Z|5014|EXECUTE|/etc/passwd|success|{}
2025-03-22T19:46:13Z|5|READ|/var/log/syslog|success|{}
2025-03-22T19:46:30Z|4015|DELETE|/var/log/auth.log|success|{}
2025-03-22T19:46:44Z|2|RENAME|/var/www/.shell.php|success|{}
2025-03-22T19:47:01Z|4018|RENAME|/tmp/test.txt|success|{}
2025-03-22T19:47:08Z|5013|RENAME|/home/user/documents/report.doc|success|{}
2025-03-22T19:47:26Z|1005|RENAME|/etc/hosts|failure|{}
2025-03-22T19:47:36Z|2|EXECUTE|/var/www/.shell.php|success|{}
2025-03-22T19:48:03Z|1006|DELETE|/etc/hosts|success|{}
2025-03-22T19:48:22Z|9000|WRITE|/var/www/.shell.php|failure|{"suspicious": true, "sequence": 13521}
2025-03-22T19:48:35Z|5005|READ|/etc/passwd|success|{}
2025-03-22T19:48:59Z|4005|RENAME|/etc/shadow|success|{}
2025-03-22T19:49:10Z|7000|WRITE|/home/user/.ssh/id_rsa|success|{"size": 552252}
2025-03-22T19:49:11Z|1017|WRITE|/home/user/documents/report.doc|success|{"size": 677962}
2025-03-22T19:49:23Z|9204|READ|/tmp/.hidden_script|success|{"suspicious": true, "sequence": 13526}
2025-03-22T19:49:49Z|9004|READ|/tmp/.hidden_script|success|{"suspicious": true, "sequence": 13527}
2025-03-22T19:50:06Z|9204|RENAME|/home/user/.ssh/id_rsa|success|{}
2025-03-22T19:50:16Z|1000|DELETE|/tmp/backdoor.bin|success|{}
2025-03-22T19:50:44Z|4005|DELETE|/home/user/.ssh/id_rsa|success|{}
2025-03-22T19:51:12Z|9104|READ|/etc/passwd|success|{}
2025-03-22T19:51:42Z|6002|ATTRIBUTE|/dev/shm/.malware|success|{}
2025-03-22T19:51:52Z|4014|WRITE|/tmp/.hidden_script|success|{"suspicious": true, "sequence": 13533}
2025-03-22T19:52:20Z|4020|EXECUTE|/tmp/.hidden_script|success|{}
2025-03-22T19:52:48Z|4029|ATTRIBUTE|/var/www/.shell.php|success|{}
2025-03-22T19:52:52Z|1005|DELETE|/tmp/.hidden_script|success|{}
2025-03-22T19:53:16Z|4000|WRITE|/home/user/.ssh/id_rsa|success|{"size": 980815}
2025-03-22T19:53:37Z|7004|WRITE|/home/user/.ssh/id_rsa|success|{"size": 1035244}
2025-03-22T19:53:45Z|3|DELETE|/dev/shm/.malware|success|{}
2025-03-22T19:53:48Z|9104|WRITE|/var/log/auth.log|success|{"size": 871785}
2025-03-22T19:54:05Z|6006|READ|/tmp/backdoor.bin|success|{"suspicious": true, "sequence": 13541}
2025-03-22T19:54:18Z|5|READ|/etc/passwd|success|{}
2025-03-22T19:54:43Z|9102|RENAME|/etc/cron.d/.hack|success|{}
2025-03-22T19:54:45Z|4006|EXECUTE|/var/log/syslog|success|{}
2025-03-22T19:54:50Z|9104|READ|/dev/shm/.malware|success|{"suspicious": true, "sequence": 13545}
2025-03-22T19:55:12Z|9104|WRITE|/tmp/backdoor.bin|success|{"suspicious": true, "sequence": 13546}
2025-03-22T19:55:18Z|6004|READ|/var/log/auth.log|success|{}
2025-03-22T19:55:28Z|7001|READ|/home/user/documents/report.doc|success|{}
2025-03-22T19:55:33Z|9200|ATTRIBUTE|/var/log/auth.log|success|{}
2025-03-22T19:55:54Z|6002|WRITE|/etc/passwd|success|{"size": 270963}
2025-03-22T19:56:10Z|9103|WRITE|/var/www/.shell.php|success|{"suspicious": true, "sequence": 13551}
2025-03-22T19:56:26Z|6007|ATTRIBUTE|/dev/shm/.malware|success|{}
2025-03-22T19:56:53Z|7003|DELETE|/home/user/documents/report.doc|success|{}
2025-03-22T19:56:57Z|7004|EXECUTE|/home/user/documents/report.doc|success|{}
2025-03-22T19:57:11Z|1|READ|/home/user/documents/report.doc|success|{}
2025-03-22T19:57:22Z|4|DELETE|/home/user/documents/report.doc|failure|{}
2025-03-22T19:57:47Z|9001|DELETE|/var/log/auth.log|success|{}
2025-03-22T19:57:51Z|4|WRITE|/etc/shadow|success|{"size": 85013}
2025-03-22T19:58:12Z|4006|RENAME|/tmp/backdoor.bin|success|{}
2025-03-22T19:58:41Z|4000|DELETE|/tmp/.hidden_script|success|{}
2025-03-22T19:58:54Z|9204|DELETE|/etc/shadow|success|{}
2025-03-22T19:59:06Z|7003|EXECUTE|/home/user/.ssh/id_rsa|success|{}
2025-03-22T19:59:16Z|4|RENAME|/tmp/backdoor.bin|success|{}
2025-03-22T19:59:37Z|6002|EXECUTE|/tmp/test.txt|success|{}
2025-03-22T19:59:55Z|1011|RENAME|/var/www/.shell.php|success|{}
2025-03-22T20:00:21Z|9202|READ|/home/user/.ssh/id_rsa|success|{}
2025-03-22T20:00:35Z|2|ATTRIBUTE|/home/user/documents/report.doc|success|{}
2025-03-22T20:00:57Z|9102|DELETE|/var/log/auth.log|success|{}
2025-03-22T20:01:10Z|2|READ|/tmp/.hidden_script|success|{"suspicious": true, "sequence": 13569}
2025-03-22T20:01:17Z|9104|RENAME|/etc/hosts|success|{}
2025-03-22T20:01:27Z|6005|WRITE|/etc/shadow|success|{"size": 703505}
2025-03-22T20:01:34Z|1006|WRITE|/tmp/backdoor.bin|failure|{"suspicious": true, "sequence": 13572}
2025-03-22T20:01:42Z|9003|RENAME|/etc/passwd|success|{}
2025-03-22T20:01:43Z|9203|EXECUTE|/var/log/syslog|success|{}
2025-03-22T20:01:50Z|1004|DELETE|/etc/cron.d/.hack|success|{}
2025-03-22T20:02:01Z|9102|READ|/tmp/.hidden_script|success|{"suspicious": true, "sequence": 13576}
2025-03-22T20:02:08Z|9104|DELETE|/tmp/test.txt|success|{}
2025-03-22T20:02:22Z|5011|READ|/etc/passwd|success|{}
2025-03-22T20:02:38Z|5|DELETE|/home/user/documents/report.doc|failure|{}
2025-03-22T20:03:04Z|4|READ|/home/user/.ssh/id_rsa|success|{}
2025-03-22T20:03:21Z|7002|EXECUTE|/etc/passwd|success|{}
2025-03-22T20:03:31Z|7002|ATTRIBUTE|/var/log/syslog|failure|{}
2025-03-22T20:03:38Z|1002|ATTRIBUTE|/home/user/documents/report.doc|success|{}
2025-03-22T20:03:49Z|9202|EXECUTE|/var/www/.shell.php|success|{}
2025-03-22T20:04:11Z|2|ATTRIBUTE|/var/log/syslog|success|{}
2025-03-22T20:04:16Z|7002|EXECUTE|/var/log/auth.log|success|{}
2025-03-22T20:04:37Z|9201|EXECUTE|/home/user/documents/report.doc|success|{}
2025-03-22T20:04:58Z|9104|RENAME|/etc/cron.d/.hack|failure|{}
2025-03-22T20:05:19Z|7000|WRITE|/tmp/test.txt|failure|{"size": 320775}
2025-03-22T20:05:33Z|7002|WRITE|/var/log/auth.log|success|{"size": 529126}
2025-03-22T20:05:37Z|1017|READ|/var/log/syslog|success|{}
2025-03-22T20:05:47Z|2|READ|/etc/shadow|success|{}
2025-03-22T20:06:14Z|9103|WRITE|/etc/passwd|success|{"size": 660021}
2025-03-22T20:06:22Z|4|EXECUTE|/dev/shm/.malware|success|{}
2025-03-22T20:06:24Z|9002|READ|/dev/shm/.malware|success|{"suspicious": true, "sequence": 13595}
2025-03-22T20:06:29Z|5000|ATTRIBUTE|/etc/hosts|success|{}
2025-03-22T20:06:47Z|9200|EXECUTE|/etc/passwd|success|{}
2025-03-22T20:06:50Z|1010|READ|/tmp/.hidden_script|success|{"suspicious": true, "sequence": 13598}
2025-03-22T20:07:10Z|9100|ATTRIBUTE|/home/user/documents/report.doc|success|{}
2025-03-22T20:07:40Z|7000|DELETE|/var/log/auth.log|success|{}
2025-03-22T20:08:01Z|6004|DELETE|/tmp/test.txt|success|{}
2025-03-22T20:08:14Z|9101|WRITE|/etc/cron.d/.hack|failure|{"suspicious": true, "sequence": 13602}
2025-03-22T20:08:19Z|4026|ATTRIBUTE|/tmp/backdoor.bin|success|{}
2025-03-22T20:08:48Z|6004|EXECUTE|/etc/cron.d/.hack|success|{}
2025-03-22T20:09:08Z|9103|RENAME|/var/log/syslog|success|{}
2025-03-22T20:09:14Z|9001|RENAME|/home/user/documents/report.doc|success|{}
2025-03-22T20:09:19Z|5005|DELETE|/var/log/auth.log|success|{}
2025-03-22T20:09:43Z|7004|RENAME|/tmp/.hidden_script|success|{}
2025-03-22T20:10:10Z|4009|EXECUTE|/home/user/documents/report.doc|success|{}
2025-03-22T20:10:16Z|9102|RENAME|/tmp/.hidden_script|success|{}
2025-03-22T20:10:23Z|7002|ATTRIBUTE|/etc/cron.d/.hack|success|{}
2025-03-22T20:10:52Z|9004|RENAME|/home/user/documents/report.doc|failure|{}
2025-03-22T20:10:59Z|9004|RENAME|/var/www/.shell.php|success|{}
2025-03-22T20:11:11Z|9204|WRITE|/etc/cron.d/.hack|failure|{"suspicious": true, "sequence": 13614}
2025-03-22T20:11:23Z|4011|RENAME|/tmp/.hidden_script|success|{}
2025-03-22T20:11:47Z|9101|RENAME|/tmp/backdoor.bin|failure|{}
2025-03-22T20:12:03Z|9002|DELETE|/dev/shm/.malware|success|{}
2025-03-22T20:12:17Z|4|READ|/var/log/auth.log|success|{}
2025-03-22T20:12:31Z|9102|EXECUTE|/home/user/documents/report.doc|success|{}
2025-03-22T20:12:52Z|9204|READ|/etc/passwd|failure|{}
2025-03-22T20:13:07Z|5|EXECUTE|/dev/shm/.malware|success|{}
2025-03-22T20:13:28Z|9000|READ|/home/user/documents/report.doc|success|{}
2025-03-22T20:13:56Z|7002|ATTRIBUTE|/etc/passwd|success|{}
2025-03-22T20:14:25Z|4018|ATTRIBUTE|/tmp/test.txt|success|{}
2025-03-22T20:14:41Z|9102|DELETE|/var/log/syslog|success|{}
2025-03-22T20:14:54Z|9003|ATTRIBUTE|/home/user/.ssh/id_rsa|success|{}
2025-03-22T20:15:07Z|7003|EXECUTE|/var/www/.shell.php|success|{}
2025-03-22T20:15:17Z|1018|DELETE|/tmp/test.txt|success|{}
2025-03-22T20:15:26Z|9003|WRITE|/var/log/syslog|success|{"size": 820231}
2025-03-22T20:15:51Z|5010|WRITE|/tmp/test.txt|success|{"size": 597910}
2025-03-22T20:16:12Z|1|RENAME|/home/user/documents/report.doc|success|{}
2025-03-22T20:16:33Z|5000|WRITE|/var/www/.shell.php|failure|{"suspicious": true, "sequence": 13632}
2025-03-22T20:16:54Z|5001|DELETE|/etc/passwd|success|{}
2025-03-22T20:17:05Z|9101|READ|/tmp/backdoor.bin|failure|{"suspicious": true, "sequence": 13634}
2025-03-22T20:17:20Z|6007|DELETE|/tmp/backdoor.bin|success|{}
2025-03-22T20:17:40Z|6001|WRITE|/tmp/.hidden_script|success|{"suspicious": true, "sequence": 13636}
2025-03-22T20:17:56Z|1009|DELETE|/var/log/auth.log|success|{}
2025-03-22T20:18:20Z|1015|ATTRIBUTE|/dev/shm/.malware|failure|{}
2025-03-22T20:18:39Z|4020|DELETE|/etc/passwd|success|{}
2025-03-22T20:19:03Z|4020|ATTRIBUTE|/home/user/.ssh/id_rsa|success|{}
2025-03-22T20:19:05Z|9101|READ|/etc/hosts|success|{}
2025-03-22T20:19:34Z|9104|READ|/tmp/test.txt|success|{}
2025-03-22T20:19:41Z|9201|DELETE|/tmp/backdoor.bin|success|{}
2025-03-22T20:19:50Z|9103|ATTRIBUTE|/var/log/syslog|success|{}
2025-03-22T20:20:07Z|9202|EXECUTE|/var/log/syslog|success|{}
2025-03-22T20:20:31Z|7003|ATTRIBUTE|/home/user/documents/report.doc|failure|{}
2025-03-22T20:20:45Z|4017|DELETE|/etc/shadow|success|{}
2025-03-22T20:21:06Z|1001|READ|/var/www/.shell.php|success|{"suspicious": true, "sequence": 13648}
2025-03-22T20:21:35Z|7003|READ|/etc/cron.d/.hack|success|{"suspicious": true, "sequence": 13649}
2025-03-22T20:21:58Z|7000|RENAME|/tmp/backdoor.bin|success|{}
2025-03-22T20:22:09Z|1010|EXECUTE|/tmp/backdoor.bin|success|{}
2025-03-22T20:22:20Z|5010|RENAME|/tmp/test.txt|success|{}
2025-03-22T20:22:40Z|4023|RENAME|/var/www/.shell.php|success|{}
2025-03-22T20:22:48Z|9004|RENAME|/var/www/.shell.php|success|{}
2025-03-22T20:23:02Z|9102|ATTRIBUTE|/home/user/.ssh/id_rsa|success|{}
2025-03-22T20:23:09Z|9201|ATTRIBUTE|/tmp/backdoor.bin|success|{}
2025-03-22T20:23:30Z|1012|EXECUTE|/etc/shadow|failure|{}
2025-03-22T20:23:33Z|9200|DELETE|/etc/shadow|failure|{}
2025-03-22T20:23:54Z|6009|RENAME|/home/user/documents/report.doc|failure|{}
2025-03-22T20:24:10Z|7001|ATTRIBUTE|/etc/hosts|failure|{}
2025-03-22T20:24:33Z|4003|RENAME|/tmp/.hidden_script|success|{}
2025-03-22T20:25:01Z|6009|RENAME|/var/log/syslog|success|{}
2025-03-22T20:25:18Z|6001|READ|/etc/passwd|success|{}
2025-03-22T20:25:35Z|6005|RENAME|/tmp/test.txt|success|{}
2025-03-22T20:25:47Z|9000|ATTRIBUTE|/home/user/.ssh/id_rsa|success|{}
2025-03-22T20:25:52Z|4005|WRITE|/var/log/syslog|failure|{"size": 971591}
2025-03-22T20:25:55Z|9100|RENAME|/tmp/backdoor.bin|success|{}
2025-03-22T20:26:17Z|7000|RENAME|/tmp/.hidden_script|success|{}
2025-03-22T20:26:45Z|4008|RENAME|/etc/shadow|success|{}
2025-03-22T20:27:13Z|9201|ATTRIBUTE|/home/user/documents/report.doc|success|{}
2025-03-22T20:27:26Z|5007|ATTRIBUTE|/home/user/.ssh/id_rsa|success|{}
2025-03-22T20:27:48Z|4009|WRITE|/etc/cron.d/.hack|success|{"suspicious": true, "sequence": 13672}
2025-03-22T20:28:00Z|4002|EXECUTE|/home/user/documents/report.doc|success|{}
2025-03-22T20:28:07Z|1|RENAME|/tmp/backdoor.bin|failure|{}
2025-03-22T20:28:29Z|9204|EXECUTE|/home/user/documents/report.doc|success|{}
2025-03-22T20:28:42Z|7002|RENAME|/etc/hosts|success|{}
2025-03-22T20:28:44Z|7000|ATTRIBUTE|/home/user/documents/report.doc|success|{}
2025-03-22T20:29:03Z|9103|DELETE|/dev/shm/.malware|success|{}
2025-03-22T20:29:15Z|5005|ATTRIBUTE|/tmp/test.txt|failure|{}
2025-03-22T20:29:43Z|1003|DELETE|/tmp/test.txt|success|{}
2025-03-22T20:29:51Z|4005|DELETE|/tmp/.hidden_script|success|{}
2025-03-22T20:30:13Z|5003|RENAME|/etc/hosts|success|{}
2025-03-22T20:30:28Z|5|WRITE|/etc/shadow|success|{"size": 40347}
2025-03-22T20:30:53Z|5010|RENAME|/tmp/test.txt|success|{}
2025-03-22T20:31:23Z|1017|RENAME|/etc/shadow|success|{}
2025-03-22T20:31:46Z|6008|EXECUTE|/etc/shadow|success|{}
2025-03-22T20:32:05Z|9002|DELETE|/dev/shm/.malware|success|{}
2025-03-22T20:32:26Z|4027|EXECUTE|/etc/shadow|success|{}
2025-03-22T20:32:47Z|4009|ATTRIBUTE|/home/user/.ssh/id_rsa|failure|{}
2025-03-22T20:33:14Z|9201|DELETE|/tmp/backdoor.bin|success|{}
2025-03-22T20:33:42Z|9003|READ|/etc/cron.d/.hack|success|{"suspicious": true, "sequence": 13691}
2025-03-22T20:34:07Z|9200|RENAME|/etc/shadow|success|{}
2025-03-22T20:34:27Z|9202|DELETE|/tmp/.hidden_script|success|{}
2025-03-22T20:34:43Z|9000|DELETE|/dev/shm/.malware|success|{}
2025-03-22T20:35:07Z|9003|RENAME|/var/log/auth.log|success|{}
2025-03-22T20:35:19Z|7003|READ|/var/log/syslog|success|{}
2025-03-22T20:35:38Z|6007|DELETE|/var/log/syslog|success|{}
2025-03-22T20:35:46Z|5001|DELETE|/home/user/.ssh/id_rsa|success|{}
2025-03-22T20:36:16Z|9003|WRITE|/dev/shm/.malware|success|{"suspicious": true, "sequence": 13699}
2025-03-22T20:36:38Z|7002|DELETE|/etc/cron.d/.hack|success|{}
2025-03-22T20:36:39Z|7003|ATTRIBUTE|/var/log/syslog|success|{}
2025-03-22T20:37:08Z|9000|READ|/home/user/documents/report.doc|success|{}
2025-03-22T20:37:24Z|4|READ|/home/user/documents/report.doc|success|{}
2025-03-22T20:37:39Z|7001|ATTRIBUTE|/var/log/auth.log|success|{}
2025-03-22T20:37:45Z|9102|ATTRIBUTE|/etc/cron.d/.hack|success|{}
2025-03-22T20:37:56Z|1|EXECUTE|/tmp/.hidden_script|success|{}
2025-03-22T20:38:15Z|6002|RENAME|/home/user/.ssh/id_rsa|success|{}
2025-03-22T20:38:45Z|3|READ|/var/log/syslog|success|{}
2025-03-22T20:38:50Z|7000|WRITE|/tmp/backdoor.bin|success|{"suspicious": true, "sequence": 13709}
2025-03-22T20:39:11Z|6003|ATTRIBUTE|/etc/hosts|success|{}
2025-03-22T20:39:23Z|9204|WRITE|/etc/shadow|success|{"size": 413126}
2025-03-22T20:39:25Z|6007|EXECUTE|/dev/shm/.malware|success|{}
2025-03-22T20:39:41Z|9102|ATTRIBUTE|/tmp/test.txt|success|{}
2025-03-22T20:39:54Z|9101|DELETE|/etc/hosts|success|{}
2025-03-22T20:39:56Z|4011|RENAME|/tmp/test.txt|success|{}
2025-03-22T20:40:26Z|7003|DELETE|/tmp/test.txt|success|{}
2025-03-22T20:40:54Z|4000|EXECUTE|/etc/hosts|success|{}
2025-03-22T20:41:02Z|9201|EXECUTE|/etc/cron.d/.hack|success|{}
2025-03-22T20:41:09Z|9203|EXECUTE|/etc/shadow|success|{}
2025-03-22T20:41:24Z|9203|READ|/tmp/.hidden_script|success|{"suspicious": true, "sequence": 13720}
2025-03-22T20:41:50Z|4011|WRITE|/home/user/.ssh/id_rsa|success|{"size": 992086}
2025-03-22T20:42:03Z|9000|RENAME|/etc/hosts|success|{}
2025-03-22T20:42:15Z|1006|RENAME|/tmp/backdoor.bin|failure|{}
2025-03-22T20:42:32Z|1012|EXECUTE|/dev/shm/.malware|success|{}
2025-03-22T20:42:56Z|6005|WRITE|/etc/cron.d/.hack|success|{"suspicious": true, "sequence": 13725}
2025-03-22T20:43:07Z|6007|DELETE|/dev/shm/.malware|failure|{}
2025-03-22T20:43:20Z|7000|WRITE|/home/user/documents/report.doc|success|{"size": 910764}
2025-03-22T20:43:37Z|4026|ATTRIBUTE|/tmp/.hidden_script|success|{}
2025-03-22T20:44:00Z|2|ATTRIBUTE|/var/www/.shell.php|success|{}
2025-03-22T20:44:16Z|7002|DELETE|/tmp/test.txt|success|{}
2025-03-22T20:44:46Z|6005|RENAME|/etc/hosts|success|{}
2025-03-22T20:45:14Z|7003|DELETE|/dev/shm/.malware|success|{}
2025-03-22T20:45:32Z|1014|ATTRIBUTE|/home/user/documents/report.doc|success|{}
2025-03-22T20:45:49Z|4|READ|/tmp/.hidden_script|success|{"suspicious": true, "sequence": 13734}
2025-03-22T20:45:53Z|9003|READ|/etc/cron.d/.hack|success|{"suspicious": true, "sequence": 13735}
2025-03-22T20:46:20Z|1|READ|/etc/cron.d/.hack|success|{"suspicious": true, "sequence": 13736}
2025-03-22T20:46:24Z|4009|EXECUTE|/etc/shadow|success|{}
2025-03-22T20:46:48Z|6001|EXECUTE|/etc/shadow|success|{}
2025-03-22T20:47:08Z|4021|RENAME|/etc/hosts|success|{}
2025-03-22T20:47:23Z|9202|EXECUTE|/var/log/syslog|success|{}
2025-03-22T20:47:49Z|7003|READ|/var/log/auth.log|failure|{}
2025-03-22T20:48:05Z|9000|EXECUTE|/tmp/test.txt|success|{}
2025-03-22T20:48:34Z|9002|WRITE|/etc/hosts|success|{"size": 724424}
2025-03-22T20:49:02Z|9004|EXECUTE|/home/user/.ssh/id_rsa|success|{}
2025-03-22T20:49:13Z|1010|WRITE|/dev/shm/.malware|success|{"suspicious": true, "sequence": 13745}
2025-03-22T20:49:16Z|9104|READ|/etc/cron.d/.hack|success|{"suspicious": true, "sequence": 13746}
2025-03-22T20:49:45Z|3|EXECUTE|/etc/shadow|success|{}
2025-03-22T20:50:10Z|9204|WRITE|/dev/shm/.malware|success|{"suspicious": true, "sequence": 13748}
2025-03-22T20:50:14Z|9102|DELETE|/dev/shm/.malware|success|{}
2025-03-22T20:50:24Z|1002|DELETE|/etc/passwd|failure|{}
2025-03-22T20:50:27Z|4013|RENAME|/tmp/backdoor.bin|success|{}
2025-03-22T20:50:52Z|1007|READ|/tmp/backdoor.bin|success|{"suspicious": true, "sequence": 13752}
2025-03-22T20:50:57Z|9000|RENAME|/var/log/auth.log|success|{}
2025-03-22T20:51:00Z|4026|RENAME|/home/user/documents/report.doc|success|{}
2025-03-22T20:51:11Z|6004|RENAME|/etc/cron.d/.hack|success|{}
2025-03-22T20:51:13Z|7001|RENAME|/home/user/documents/report.doc|success|{}
2025-03-22T20:51:15Z|9001|DELETE|/dev/shm/.malware|success|{}
2025-03-22T20:51:39Z|1012|WRITE|/etc/passwd|success|{"size": 557572}
2025-03-22T20:52:06Z|1|RENAME|/var/log/syslog|success|{}
2025-03-22T20:52:32Z|5003|ATTRIBUTE|/tmp/backdoor.bin|failure|{}
2025-03-22T20:52:35Z|9003|DELETE|/dev/shm/.malware|success|{}
2025-03-22T20:52:43Z|1|RENAME|/tmp/.hidden_script|success|{}
2025-03-22T20:53:12Z|9102|EXECUTE|/tmp/backdoor.bin|success|{}
2025-03-22T20:53:23Z|1002|DELETE|/tmp/backdoor.bin|success|{}
2025-03-22T20:53:37Z|9004|RENAME|/etc/shadow|success|{}
2025-03-22T20:54:02Z|4015|WRITE|/var/www/.shell.php|success|{"suspicious": true, "sequence": 13766}
2025-03-22T20:54:09Z|5013|ATTRIBUTE|/tmp/.hidden_script|success|{}
2025-03-22T20:54:27Z|1017|READ|/var/log/syslog|success|{}
2025-03-22T20:54:40Z|4|DELETE|/etc/hosts|success|{}
2025-03-22T20:55:00Z|9000|RENAME|/var/log/syslog|success|{}
2025-03-22T20:55:20Z|1003|DELETE|/etc/shadow|success|{}
2025-03-22T20:55:28Z|9003|ATTRIBUTE|/tmp/backdoor.bin|success|{}
2025-03-22T20:55:47Z|7002|WRITE|/dev/shm/.malware|success|{"suspicious": true, "sequence": 13773}
2025-03-22T20:56:10Z|9203|DELETE|/etc/shadow|failure|{}
2025-03-22T20:56:30Z|1|ATTRIBUTE|/dev/shm/.malware|success|{}
2025-03-22T20:56:45Z|9102|DELETE|/home/user/documents/report.doc|success|{}
2025-03-22T20:57:06Z|6004|EXECUTE|/var/www/.shell.php|success|{}
2025-03-22T20:57:15Z|6004|ATTRIBUTE|/var/www/.shell.php|success|{}
2025-03-22T20:57:39Z|9003|WRITE|/tmp/test.txt|success|{"size": 73428}
2025-03-22T20:58:09Z|7000|WRITE|/etc/cron.d/.hack|failure|{"suspicious": true, "sequence": 13780}
2025-03-22T20:58:20Z|9003|ATTRIBUTE|/etc/cron.d/.hack|success|{}
2025-03-22T20:58:47Z|5010|READ|/tmp/test.txt|success|{}
2025-03-22T20:59:12Z|9001|ATTRIBUTE|/tmp/test.txt|success|{}
2025-03-22T20:59:38Z|9100|WRITE|/dev/shm/.malware|success|{"suspicious": true, "sequence": 13784}
2025-03-22T20:59:57Z|9203|DELETE|/etc/cron.d/.hack|success|{}
2025-03-22T21:00:01Z|2|WRITE|/dev/shm/.malware|success|{"suspicious": true, "sequence": 13786}
2025-03-22T21:00:20Z|5011|READ|/etc/shadow|failure|{}
2025-03-22T21:00:38Z|9104|READ|/dev/shm/.malware|success|{"suspicious": true, "sequence": 13788}
2025-03-22T21:00:50Z|9101|DELETE|/tmp/backdoor.bin|success|{}
2025-03-22T21:01:09Z|1017|READ|/etc/shadow|success|{}
2025-03-22T21:01:29Z|7003|READ|/etc/hosts|success|{}
2025-03-22T21:01:46Z|7002|DELETE|/etc/hosts|success|{}
2025-03-22T21:02:06Z|1013|WRITE|/etc/hosts|success|{"size": 200252}
2025-03-22T21:02:14Z|6002|EXECUTE|/etc/passwd|failure|{}
2025-03-22T21:02:22Z|4019|DELETE|/home/user/documents/report.doc|success|{}
2025-03-22T21:02:31Z|6003|WRITE|/tmp/.hidden_script|success|{"suspicious": true, "sequence": 13796}
2025-03-22T21:02:33Z|7001|EXECUTE|/home/user/.ssh/id_rsa|success|{}
2025-03-22T21:02:41Z|1|RENAME|/home/user/.ssh/id_rsa|success|{}
2025-03-22T21:02:51Z|1010|WRITE|/dev/shm/.malware|success|{"suspicious": true, "sequence": 13799}
2025-03-22T21:02:54Z|5005|WRITE|/etc/cron.d/.hack|success|{"suspicious": true, "sequence": 13800}
2025-03-22T21:03:11Z|9203|DELETE|/etc/shadow|success|{}
2025-03-22T21:03:28Z|6005|WRITE|/tmp/test.txt|success|{"size": 283150}
2025-03-22T21:03:34Z|1014|WRITE|/etc/shadow|success|{"size": 867272}
2025-03-22T21:03:40Z|7001|DELETE|/etc/cron.d/.hack|success|{}
2025-03-22T21:03:42Z|4029|RENAME|/home/user/documents/report.doc|success|{}
2025-03-22T21:03:54Z|7001|EXECUTE|/tmp/test.txt|success|{}
2025-03-22T21:04:23Z|5007|ATTRIBUTE|/var/www/.shell.php|success|{}
2025-03-22T21:04:47Z|6008|DELETE|/dev/shm/.malware|success|{}
2025-03-22T21:05:13Z|9003|WRITE|/home/user/.ssh/id_rsa|success|{"size": 944206}
2025-03-22T21:05:22Z|9102|READ|/etc/shadow|success|{}
2025-03-22T21:05:41Z|6004|DELETE|/etc/passwd|success|{}
2025-03-22T21:06:01Z|6001|WRITE|/var/log/auth.log|success|{"size": 115636}
2025-03-22T21:06:12Z|9002|ATTRIBUTE|/tmp/test.txt|success|{}
2025-03-22T21:06:42Z|9101|DELETE|/dev/shm/.malware|success|{}
2025-03-22T21:07:09Z|1003|RENAME|/home/user/.ssh/id_rsa|success|{}
2025-03-22T21:07:13Z|1001|RENAME|/var/log/auth.log|success|{}
2025-03-22T21:07:16Z|1011|EXECUTE|/etc/shadow|success|{}
2025-03-22T21:07:24Z|4|RENAME|/etc/hosts|success|{}
2025-03-22T21:07:53Z|9102|DELETE|/tmp/test.txt|failure|{}
2025-03-22T21:08:07Z|2|EXECUTE|/etc/cron.d/.hack|success|{}
2025-03-22T21:08:31Z|4014|EXECUTE|/dev/shm/.malware|success|{}
2025-03-22T21:09:01Z|1|ATTRIBUTE|/tmp/test.txt|success|{}
2025-03-22T21:09:30Z|9101|ATTRIBUTE|/var/log/syslog|success|{}
2025-03-22T21:09:38Z|9003|WRITE|/etc/hosts|success|{"size": 280407}
2025-03-22T21:09:49Z|1010|ATTRIBUTE|/var/www/.shell.php|success|{}
2025-03-22T21:09:55Z|3|ATTRIBUTE|/etc/hosts|failure|{}
2025-03-22T21:10:15Z|4022|ATTRIBUTE|/home/user/documents/report.doc|success|{}
2025-03-22T21:10:43Z|9201|ATTRIBUTE|/home/user/documents/report.doc|success|{}
2025-03-22T21:10:52Z|9103|READ|/var/log/auth.log|success|{}
2025-03-22T21:11:17Z|6008|WRITE|/home/user/.ssh/id_rsa|success|{"size": 356628}
2025-03-22T21:11:47Z|1003|WRITE|/etc/passwd|success|{"size": 920083}
2025-03-22T21:11:50Z|6000|DELETE|/home/user/documents/report.doc|success|{}
2025-03-22T21:11:53Z|9003|ATTRIBUTE|/dev/shm/.malware|failure|{}
2025-03-22T21:12:09Z|9201|WRITE|/etc/hosts|success|{"size": 211016}
2025-03-22T21:12:30Z|9101|EXECUTE|/home/user/.ssh/id_rsa|success|{}
2025-03-22T21:12:51Z|9101|DELETE|/home/user/.ssh/id_rsa|success|{}
2025-03-22T21:13:10Z|6008|READ|/home/user/documents/report.doc|success|{}
2025-03-22T21:13:15Z|4019|EXECUTE|/home/user/.ssh/id_rsa|success|{}
2025-03-22T21:13:24Z|5005|ATTRIBUTE|/var/log/auth.log|success|{}
2025-03-22T21:13:25Z|6009|ATTRIBUTE|/home/user/.ssh/id_rsa|success|{}
2025-03-22T21:13:34Z|5003|DELETE|/var/www/.shell.php|success|{}
2025-03-22T21:13:57Z|7000|RENAME|/etc/shadow|success|{}
2025-03-22T21:14:06Z|5|WRITE|/var/log/syslog|success|{"size": 200042}
2025-03-22T21:14:27Z|9102|EXECUTE|/dev/shm/.malware|success|{}
2025-03-22T21:14:51Z|7001|RENAME|/etc/hosts|success|{}
2025-03-22T21:14:58Z|4016|DELETE|/etc/cron.d/.hack|success|{}
2025-03-22T21:15:10Z|5|RENAME|/etc/passwd|success|{}
2025-03-22T21:15:24Z|1008|RENAME|/tmp/test.txt|failure|{}
2025-03-22T21:15:34Z|7000|READ|/home/user/.ssh/id_rsa|success|{}
2025-03-22T21:15:40Z|4028|READ|/home/user/.ssh/id_rsa|success|{}
2025-03-22T21:15:44Z|9202|READ|/tmp/.hidden_script|success|{"suspicious": true, "sequence": 13851}
2025-03-22T21:16:13Z|9004|ATTRIBUTE|/tmp/backdoor.bin|success|{}
2025-03-22T21:16:43Z|6005|RENAME|/var/log/syslog|success|{}
2025-03-22T21:16:53Z|3|READ|/var/www/.shell.php|success|{"suspicious": true, "sequence": 13854}
2025-03-22T21:17:08Z|9103|READ|/tmp/test.txt|success|{}
2025-03-22T21:17:24Z|1004|ATTRIBUTE|/etc/cron.d/.hack|success|{}
2025-03-22T21:17:39Z|5013|RENAME|/tmp/backdoor.bin|success|{}
2025-03-22T21:17:46Z|6005|DELETE|/home/user/.ssh/id_rsa|success|{}
2025-03-22T21:18:07Z|9003|WRITE|/dev/shm/.malware|success|{"suspicious": true, "sequence": 13859}
2025-03-22T21:18:22Z|4026|ATTRIBUTE|/etc/shadow|success|{}
2025-03-22T21:18:32Z|9004|READ|/etc/hosts|success|{}
2025-03-22T21:18:46Z|5001|RENAME|/etc/shadow|success|{}
2025-03-22T21:18:48Z|9002|WRITE|/var/log/syslog|success|{"size": 775738}
2025-03-22T21:19:08Z|4013|ATTRIBUTE|/etc/passwd|success|{}
2025-03-22T21:19:16Z|6008|ATTRIBUTE|/var/log/syslog|success|{}
2025-03-22T21:19:33Z|1008|DELETE|/home/user/.ssh/id_rsa|success|{}
2025-03-22T21:19:42Z|9103|RENAME|/var/log/syslog|success|{}
2025-03-22T21:19:56Z|9101|WRITE|/home/user/documents/report.doc|success|{"size": 1159}
2025-03-22T21:20:03Z|7000|DELETE|/var/log/auth.log|success|{}
2025-03-22T21:20:15Z|5003|DELETE|/etc/hosts|success|{}
2025-03-22T21:20:33Z|9000|READ|/var/log/syslog|failure|{}
2025-03-22T21:20:55Z|9002|EXECUTE|/etc/cron.d/.hack|failure|{}
2025-03-22T21:21:18Z|9202|READ|/etc/passwd|success|{}
2025-03-22T21:21:47Z|5|WRITE|/etc/cron.d/.hack|success|{"suspicious": true, "sequence": 13874}
2025-03-22T21:21:57Z|4015|READ|/etc/hosts|success|{}
2025-03-22T21:22:23Z|6004|EXECUTE|/dev/shm/.malware|success|{}
2025-03-22T21:22:35Z|4021|WRITE|/etc/hosts|success|{"size": 791662}
2025-03-22T21:22:57Z|9100|ATTRIBUTE|/home/user/documents/report.doc|success|{}
2025-03-22T21:23:05Z|4010|WRITE|/var/www/.shell.php|success|{"suspicious": true, "sequence": 13879}
2025-03-22T21:23:29Z|9204|EXECUTE|/etc/passwd|success|{}
2025-03-22T21:23:48Z|7002|RENAME|/etc/shadow|success|{}
2025-03-22T21:24:15Z|9101|EXECUTE|/tmp/.hidden_script|success|{}
2025-03-22T21:24:44Z|9101|WRITE|/tmp/test.txt|success|{"size": 787199}
2025-03-22T21:25:06Z|4000|EXECUTE|/etc/passwd|success|{}
2025-03-22T21:25:07Z|5002|WRITE|/dev/shm/.malware|success|{"suspicious": true, "sequence": 13885}
2025-03-22T21:25:12Z|3|WRITE|/home/user/documents/report.doc|success|{"size": 467990}
2025-03-22T21:25:21Z|9201|ATTRIBUTE|/home/user/.ssh/id_rsa|success|{}
2025-03-22T21:25:44Z|4027|EXECUTE|/etc/shadow|success|{}
2025-03-22T21:26:04Z|6000|EXECUTE|/etc/cron.d/.hack|success|{}
2025-03-22T21:26:06Z|5014|RENAME|/tmp/backdoor.bin|success|{}
2025-03-22T21:26:33Z|1|WRITE|/tmp/.hidden_script|failure|{"suspicious": true, "sequence": 13891}
2025-03-22T21:26:41Z|9203|DELETE|/etc/cron.d/.hack|success|{}
2025-03-22T21:26:51Z|5007|DELETE|/home/user/documents/report.doc|failure|{}
2025-03-22T21:27:04Z|9203|READ|/etc/passwd|success|{}
2025-03-22T21:27:17Z|1009|READ|/home/user/documents/report.doc|success|{}
2025-03-22T21:27:19Z|5|RENAME|/home/user/documents/report.doc|success|{}
2025-03-22T21:27:35Z|9204|RENAME|/etc/hosts|failure|{}
2025-03-22T21:27:57Z|7003|READ|/home/user/.ssh/id_rsa|success|{}
2025-03-22T21:28:19Z|7000|EXECUTE|/var/log/syslog|success|{}
2025-03-22T21:28:40Z|7001|READ|/var/log/syslog|success|{}
2025-03-22T21:29:07Z|7003|EXECUTE|/etc/shadow|success|{}
2025-03-22T21:29:10Z|6005|READ|/dev/shm/.malware|success|{"suspicious": true, "sequence": 13902}
2025-03-22T21:29:34Z|6009|EXECUTE|/home/user/.ssh/id_rsa|success|{}
2025-03-22T21:29:59Z|4026|DELETE|/etc/shadow|success|{}
2025-03-22T21:30:21Z|4|WRITE|/tmp/test.txt|success|{"size": 601446}
2025-03-22T21:30:50Z|4021|ATTRIBUTE|/var/log/syslog|success|{}
2025-03-22T21:30:52Z|7002|WRITE|/dev/shm/.malware|success|{"suspicious": true, "sequence": 13907}
2025-03-22T21:30:59Z|9201|READ|/etc/hosts|success|{}
2025-03-22T21:31:15Z|6000|ATTRIBUTE|/etc/passwd|failure|{}
2025-03-22T21:31:40Z|5008|DELETE|/tmp/test.txt|failure|{}
2025-03-22T21:31:42Z|7003|READ|/var/www/.shell.php|success|{"suspicious": true, "sequence": 13911}
2025-03-22T21:31:47Z|6006|DELETE|/tmp/backdoor.bin|success|{}
2025-03-22T21:32:05Z|9203|WRITE|/tmp/test.txt|success|{"size": 83079}
2025-03-22T21:32:32Z|7000|READ|/home/user/documents/report.doc|success|{}
2025-03-22T21:32:50Z|6007|WRITE|/etc/cron.d/.hack|failure|{"suspicious": true, "sequence": 13915}
2025-03-22T21:33:04Z|9004|READ|/etc/shadow|success|{}
2025-03-22T21:33:11Z|4|EXECUTE|/var/log/auth.log|failure|{}
2025-03-22T21:33:22Z|9000|RENAME|/etc/shadow|success|{}
2025-03-22T21:33:45Z|9200|EXECUTE|/etc/passwd|success|{}
2025-03-22T21:34:08Z|6000|READ|/var/www/.shell.php|success|{"suspicious": true, "sequence": 13920}
2025-03-22T21:34:31Z|1010|DELETE|/tmp/backdoor.bin|failure|{}
2025-03-22T21:34:36Z|4|RENAME|/etc/hosts|success|{}
2025-03-22T21:34:43Z|9201|RENAME|/home/user/documents/report.doc|failure|{}
2025-03-22T21:35:07Z|5002|ATTRIBUTE|/dev/shm/.malware|failure|{}
2025-03-22T21:35:21Z|9104|DELETE|/tmp/test.txt|success|{}
2025-03-22T21:35:40Z|1001|RENAME|/dev/shm/.malware|success|{}
2025-03-22T21:35:59Z|6004|WRITE|/tmp/.hidden_script|success|{"suspicious": true, "sequence": 13927}
2025-03-22T21:36:26Z|7000|EXECUTE|/tmp/.hidden_script|success|{}
2025-03-22T21:36:30Z|9203|EXECUTE|/tmp/backdoor.bin|success|{}
2025-03-22T21:36:43Z|9002|READ|/home/user/documents/report.doc|success|{}
2025-03-22T21:37:05Z|5004|READ|/etc/hosts|success|{}
2025-03-22T21:37:23Z|9003|ATTRIBUTE|/var/log/auth.log|success|{}
2025-03-22T21:37:38Z|9201|READ|/home/user/.ssh/id_rsa|success|{}
2025-03-22T21:37:54Z|9203|DELETE|/etc/passwd|success|{}
2025-03-22T21:37:57Z|6007|WRITE|/var/log/auth.log|success|{"size": 9843}
2025-03-22T21:38:16Z|9203|EXECUTE|/home/user/documents/report.doc|success|{}
2025-03-22T21:38:39Z|4017|EXECUTE|/tmp/backdoor.bin|success|{}
2025-03-22T21:38:51Z|1|EXECUTE|/tmp/test.txt|success|{}
2025-03-22T21:39:03Z|3|ATTRIBUTE|/home/user/.ssh/id_rsa|failure|{}
2025-03-22T21:39:28Z|9204|DELETE|/var/log/auth.log|success|{}
2025-03-22T21:39:44Z|9000|DELETE|/tmp/test.txt|failure|{}
2025-03-22T21:40:03Z|9100|WRITE|/etc/passwd|success|{"size": 220759}
2025-03-22T21:40:22Z|9202|EXECUTE|/tmp/.hidden_script|success|{}
2025-03-22T21:40:45Z|9001|READ|/tmp/backdoor.bin|success|{"suspicious": true, "sequence": 13944}
2025-03-22T21:41:02Z|7002|READ|/etc/passwd|success|{}
2025-03-22T21:41:03Z|9100|READ|/var/log/auth.log|failure|{}
2025-03-22T21:41:24Z|5005|WRITE|/etc/passwd|success|{"size": 354087}
2025-03-22T21:41:48Z|4024|DELETE|/etc/hosts|success|{}
2025-03-22T21:41:50Z|7004|RENAME|/etc/passwd|success|{}
2025-03-22T21:41:51Z|9204|WRITE|/etc/cron.d/.hack|success|{"suspicious": true, "sequence": 13950}
2025-03-22T21:42:08Z|1009|RENAME|/dev/shm/.malware|success|{}
2025-03-22T21:42:23Z|4001|RENAME|/var/log/auth.log|success|{}
2025-03-22T21:42:27Z|9104|RENAME|/dev/shm/.malware|success|{}
2025-03-22T21:42:55Z|9002|RENAME|/dev/shm/.malware|success|{}
2025-03-22T21:43:03Z|9102|WRITE|/tmp/test.txt|success|{"size": 575370}
2025-03-22T21:43:29Z|6002|RENAME|/tmp/backdoor.bin|success|{}
2025-03-22T21:43:45Z|7004|DELETE|/var/www/.shell.php|success|{}
2025-03-22T21:44:10Z|5|WRITE|/home/user/.ssh/id_rsa|success|{"size": 17924}
2025-03-22T21:44:28Z|9102|DELETE|/home/user/.ssh/id_rsa|success|{}
2025-03-22T21:44:54Z|9102|WRITE|/etc/cron.d/.hack|success|{"suspicious": true, "sequence": 13960}
2025-03-22T21:45:07Z|2|EXECUTE|/etc/passwd|success|{}
2025-03-22T21:45:21Z|5009|ATTRIBUTE|/home/user/.ssh/id_rsa|success|{}
2025-03-22T21:45:51Z|4014|DELETE|/home/user/.ssh/id_rsa|success|{}
2025-03-22T21:46:06Z|4005|RENAME|/dev/shm/.malware|success|{}
2025-03-22T21:46:13Z|5002|WRITE|/var/log/syslog|success|{"size": 29394}
2025-03-22T21:46:26Z|4022|DELETE|/dev/shm/.malware|success|{}
2025-03-22T21:46:39Z|1014|WRITE|/etc/shadow|success|{"size": 151520}
2025-03-22T21:47:09Z|9201|READ|/etc/hosts|failure|{}
2025-03-22T21:47:37Z|1004|ATTRIBUTE|/var/log/auth.log|failure|{}
2025-03-22T21:48:03Z|1008|RENAME|/etc/shadow|success|{}
2025-03-22T21:48:10Z|4|EXECUTE|/var/log/syslog|success|{}
2025-03-22T21:48:13Z|1011|EXECUTE|/tmp/test.txt|success|{}
2025-03-22T21:48:27Z|9004|EXECUTE|/home/user/documents/report.doc|success|{}
2025-03-22T21:48:48Z|1000|RENAME|/tmp/backdoor.bin|failure|{}
2025-03-22T21:49:13Z|2|READ|/dev/shm/.malware|success|{"suspicious": true, "sequence": 13975}
2025-03-22T21:49:26Z|7000|ATTRIBUTE|/etc/cron.d/.hack|success|{}
2025-03-22T21:49:39Z|6006|WRITE|/etc/hosts|success|{"size": 871426}
2025-03-22T21:49:53Z|4015|READ|/var/log/auth.log|failure|{}
2025-03-22T21:50:22Z|4|WRITE|/etc/shadow|success|{"size": 475519}
2025-03-22T21:50:40Z|7001|ATTRIBUTE|/var/www/.shell.php|success|{}
2025-03-22T21:51:05Z|9003|RENAME|/home/user/.ssh/id_rsa|success|{}
2025-03-22T21:51:13Z|5005|WRITE|/var/log/syslog|success|{"size": 72745}
2025-03-22T21:51:31Z|9203|READ|/home/user/.ssh/id_rsa|success|{}
2025-03-22T21:51:49Z|9101|ATTRIBUTE|/etc/hosts|success|{}
2025-03-22T21:52:16Z|9200|WRITE|/home/user/documents/report.doc|success|{"size": 354876}
2025-03-22T21:52:23Z|5003|RENAME|/dev/shm/.malware|success|{}
2025-03-22T21:52:40Z|6006|READ|/home/user/documents/report.doc|success|{}
2025-03-22T21:53:00Z|7001|EXECUTE|/etc/passwd|failure|{}
2025-03-22T21:53:06Z|9102|EXECUTE|/var/log/auth.log|success|{}
2025-03-22T21:53:35Z|9004|RENAME|/dev/shm/.malware|success|{}
2025-03-22T21:53:47Z|9203|RENAME|/tmp/test.txt|success|{}
2025-03-22T21:54:06Z|9000|READ|/tmp/.hidden_script|success|{"suspicious": true, "sequence": 13992}
2025-03-22T21:54:33Z|7000|DELETE|/etc/shadow|success|{}
2025-03-22T21:54:38Z|9000|WRITE|/etc/cron.d/.hack|success|{"suspicious": true, "sequence": 13994}
2025-03-22T21:54:41Z|1012|ATTRIBUTE|/var/www/.shell.php|success|{}
2025-03-22T21:54:48Z|1010|WRITE|/etc/cron.d/.hack|success|{"suspicious": true, "sequence": 13996}
2025-03-22T21:55:16Z|4020|EXECUTE|/tmp/.hidden_script|success|{}
2025-03-22T21:55:43Z|9103|RENAME|/var/log/auth.log|success|{}
2025-03-22T21:55:57Z|7002|ATTRIBUTE|/etc/passwd|success|{}
2025-03-22T21:56:13Z|4029|READ|/tmp/.hidden_script|success|{"suspicious": true, "sequence": 14000}
2025-03-22T21:56:32Z|1007|DELETE|/dev/shm/.malware|success|{}
2025-03-22T21:56:55Z|4007|ATTRIBUTE|/etc/shadow|success|{}
2025-03-22T21:57:14Z|1019|READ|/home/user/.ssh/id_rsa|success|{}
2025-03-22T21:57:19Z|4015|ATTRIBUTE|/tmp/.hidden_script|success|{}
2025-03-22T21:57:23Z|9100|RENAME|/etc/shadow|success|{}
2025-03-22T21:57:46Z|5010|ATTRIBUTE|/home/user/documents/report.doc|success|{}
2025-03-22T21:58:10Z|4009|ATTRIBUTE|/etc/cron.d/.hack|success|{}
2025-03-22T21:58:40Z|1018|DELETE|/home/user/documents/report.doc|success|{}
2025-03-22T21:58:58Z|5010|READ|/var/log/syslog|success|{}
2025-03-22T21:59:09Z|7002|DELETE|/var/log/syslog|success|{}
2025-03-22T21:59:34Z|1008|DELETE|/home/user/.ssh/id_rsa|success|{}
2025-03-22T21:59:42Z|6001|READ|/var/log/syslog|failure|{}
2025-03-22T22:00:04Z|4021|EXECUTE|/etc/hosts|success|{}
2025-03-22T22:00:09Z|6008|READ|/tmp/.hidden_script|success|{"suspicious": true, "sequence": 14014}
2025-03-22T22:00:29Z|9001|WRITE|/tmp/.hidden_script|success|{"suspicious": true, "sequence": 14015}
2025-03-22T22:00:37Z|9200|RENAME|/dev/shm/.malware|success|{}
2025-03-22T22:00:58Z|5005|ATTRIBUTE|/var/log/auth.log|success|{}
2025-03-22T22:01:13Z|4|READ|/etc/hosts|success|{}
2025-03-22T22:01:29Z|1009|RENAME|/var/log/syslog|success|{}
2025-03-22T22:01:40Z|4020|RENAME|/tmp/.hidden_script|success|{}
2025-03-22T22:01:47Z|4001|RENAME|/tmp/test.txt|failure|{}
2025-03-22T22:01:59Z|9001|READ|/home/user/.ssh/id_rsa|failure|{}
2025-03-22T22:02:02Z|5010|WRITE|/etc/cron.d/.hack|success|{"suspicious": true, "sequence": 14023}
2025-03-22T22:02:14Z|5011|WRITE|/etc/shadow|success|{"size": 584035}
2025-03-22T22:02:15Z|1011|READ|/tmp/.hidden_script|failure|{"suspicious": true, "sequence": 14025}
2025-03-22T22:02:45Z|1011|RENAME|/var/www/.shell.php|success|{}
2025-03-22T22:02:48Z|3|RENAME|/var/log/auth.log|success|{}
2025-03-22T22:02:59Z|9004|DELETE|/tmp/.hidden_script|success|{}
2025-03-22T22:03:01Z|6007|ATTRIBUTE|/etc/hosts|success|{}
2025-03-22T22:03:28Z|9002|READ|/tmp/test.txt|success|{}
2025-03-22T22:03:42Z|5|EXECUTE|/var/log/auth.log|success|{}
2025-03-22T22:03:55Z|5004|DELETE|/tmp/test.txt|success|{}
2025-03-22T22:04:20Z|4|DELETE|/etc/passwd|success|{}
2025-03-22T22:04:35Z|5000|ATTRIBUTE|/var/log/syslog|success|{}
2025-03-22T22:04:52Z|4022|EXECUTE|/tmp/.hidden_script|success|{}
2025-03-20T10:49:11Z|34855|READ|/root/.ssh/id_rsa|failure|{"size": 83030}
2025-03-20T10:35:38Z|5828|EXECUTE|/etc/cron.d/.hack|success|{"size": 55358}
2025-03-20T10:40:16Z|43059|EXECUTE|/etc/shadow|failure|{"size": 28414}
2025-03-20T10:50:39Z|17436|DELETE|/etc/shadow|failure|{"size": 54193}
2025-03-20T10:34:41Z|7026|READ|/etc/sudoers|success|{"size": 19530}
2025-03-20T10:34:32Z|14797|WRITE|/etc/sudoers|failure|{"size": 31811}
2025-03-20T10:46:07Z|12247|EXECUTE|/etc/shadow|failure|{"size": 75493}
2025-03-20T10:26:13Z|42286|EXECUTE|/etc/cron.d/.hack|success|{"size": 25419}
